feature1,feature2,feature3,feature4,feature5,feature6,target
-2.538723645210782,0.36944015257362617,0.58806872698985,1.4054554342770087,0.48228754861276874,0.05743664330870063,-21.262812194969896
-0.9869824114392046,-0.5853736688347766,-1.4566907329786425,-0.02117806639471753,-0.49916005084571174,-1.8618561606840995,-296.3282541798223
-0.3839242186384448,-1.6292804388931161,-0.2903556833937969,-3.3854839315797367,-0.0336439468327521,-2.236947012916722,-373.5293411764588
2.255200221837653,0.2576984857432049,0.9611478557889522,-0.6883472007927889,0.43973368848526667,-0.26189542412165645,137.85224244676414
-0.6831647912879021,-0.6745803518043357,0.734265633317763,0.2264820532507704,-0.883617392851065,-0.39262587338969585,-129.05118965518707
-1.3327488661587656,0.46884898597048275,-0.9050021220865121,-0.4818907735011286,-0.9780141447381858,1.1546573130806221,-26.16691933373097
0.4014966790366455,-0.7186122012488949,0.5266764466128313,-0.240370736770444,0.0566443461421457,1.2709995368551914,142.1662065653388
0.07126396484452929,1.5890881839005004,0.49537144585691045,0.9721899162007172,-0.68515152100858,1.3234912123858804,157.3245856554406
0.3014803792135946,-0.40522697094663157,-1.2612492855746622,-1.797576062968858,1.7037386270883583,0.8364598823057248,2.9014227330101647
1.5067360892335593,-0.4151067058701915,0.7033633316732771,0.05253453061041543,0.37742836554368364,0.28379788950971757,178.89664991690728
-0.9047624667673727,-0.2271205016727658,1.9085329483076767,1.8603493625794996,0.033129689305810325,1.19331953314952,180.48001885798442
0.013800567445097611,1.1934321128223941,-0.6223047411824827,0.013079223056254242,1.6788255250354605,-2.509727867082657,-122.78687039896691
-2.030372148676719,1.1090996931707413,-1.6586138231817946,-1.2356084320003666,1.285496907274165,-1.7477848527540505,-204.88501059173296
-0.9558407901591248,-0.18515597261407024,-0.6018151134052638,-0.49567230066324,0.9792123285723603,-0.29851641216456193,-62.967442120908565
-0.02632563069931577,0.8997078774656299,-1.357696824976915,1.9285956938042197,0.603369154212758,0.18476853754058783,47.71327023795252
-0.10454360037336025,0.7339367755859594,-0.49989402952484113,1.6377814683084149,1.3368321300019135,-0.6649294426657255,164.40290152711063
-0.11547086132066813,-1.6530331378427607,-1.3122316718821463,-1.8318864829184986,-0.5019068305971492,1.5994055520508041,-15.005050580339603
0.14406699166905518,-2.5842644257882013,-0.15690124515632867,0.6659846690675433,0.29629826711178414,0.41195797945284,33.49631396454616
-0.5342298950077969,0.45283813706204246,0.21921696420280287,-0.1546656466551551,-0.20213158383972804,-0.23788052127327056,-149.92406407310105
1.1739039861282619,1.5234902035473012,-2.434939816467097,-0.6646869228983159,0.04463755693476127,0.3992738051182756,21.223699558977266
0.19690079361139737,0.07461597253437467,-1.136296685492194,-1.3053804486894587,0.3546157345578349,0.2459212436702109,6.018617733465685
0.4151452962672282,0.09417071517012562,1.5689701207051252,-1.3860120087927015,1.6978799650954548,-0.6669958942141965,107.55402601795112
-0.8746103215702749,0.20338925370176827,-2.1638798623783573,-0.27632660988792085,-0.20920546277905225,0.6262903533914653,-115.12710483519919
-0.19029342865334758,-1.0524178307312984,-0.4073315627092937,-0.8024980515992993,0.2219011236786089,0.4635357712259185,-17.064021730159432
-0.9835153544953033,1.1875113598938491,-0.13439989536905045,-0.8642694705807829,-0.37975850897834007,-0.9230612977752939,-158.92636290620476
-0.8000471116292724,1.5533387114487804,0.1599700419796322,0.6395025335344348,-0.04012913225587068,0.5246689873361098,152.41446021564894
-0.5806739209939332,-0.2726124901485187,-0.6602675250748721,-1.6272873235531757,-1.4183907138727574,0.9336115848320681,-72.97227050629576
-0.08050978187478519,-0.36173309320616653,1.4317896298501038,-0.3863412863601446,1.5746857844213236,-1.5223603483370618,-5.797931981962394
1.1655986529320548,-0.05581519361438037,0.960222767281999,-0.8577870866393602,3.07758714983281,0.4957354738527987,272.3516208387471
-0.8189421450715404,0.13015059195158896,0.3092228056510534,0.05645794855974264,1.2372034706261983,0.2707204935612105,124.88752014678123
1.1154671565804073,0.4716738390803896,0.8095455521346067,-0.21254566846363313,1.02638402470585,0.9908189187162773,225.40877546332302
0.4739650051308008,0.3896167553483302,0.5941492619671782,-0.503610124116955,0.9366871730334028,-0.8488096105241661,97.7243858017344
-1.2753095008699198,-0.5496716494678828,0.6356149663658899,0.7805983292909658,-3.2370362005636104,0.8346314691801358,-165.6631342762255
1.0955162051768625,0.7429805294317967,-0.5767540917535767,-0.5398960862594073,-0.6133116436383355,-0.9798005638245986,-6.9922460232420605
1.4435925108179295,0.4320454129245761,0.19607502994314271,0.5684376061896832,2.5877741177474247,-0.10252298225718845,220.48015957062847
-0.9180292717456213,0.7554883734155969,-2.6430149899049997,0.3644927086389009,0.07476662335072858,-0.07978852035664868,-133.52379784370504
0.7394942871990497,1.0386989333727543,-0.9557571759292638,-0.5250327708621085,-0.6888339859527173,0.14136408553640267,-82.2106076357847
-0.2507535887551882,0.7535904001530316,-0.7740972869567027,0.11201194912463536,0.8975988724301867,0.5038524878855692,82.8151100141447
1.096805024195005,1.5837156249069013,-0.3705493697747858,1.1932629078326296,0.16001592270859777,0.5391739594338412,52.68120504464771
-0.46896600018785073,-0.536390502835643,-0.13465703124774442,1.4595743487587862,0.9083018608550267,0.7000469492051219,83.90138779895427
0.41855053829210037,-1.1387531651210225,-0.13125591721641452,0.04126697530790676,-0.29517695451028086,-1.3796270886091633,-289.35376336593686
-0.3381376653044648,-1.4722442716323023,0.3866093078248346,-0.03664042772159715,1.0810151239063177,0.6405386168175141,98.29772191299614
-0.7344772399680027,1.3059205183406535,0.16942360981172286,1.6231732629853477,0.2730230215869328,-0.5580491929071634,54.85221347728147
0.34406820480752964,0.4046413225972884,-0.5111056715721553,-0.9537966369971047,-1.7815080784488904,0.390150664724559,-188.84715519476973
1.580482319603058,0.8287681542968645,0.1738395716366553,-1.2068678990169484,-2.211070477173251,-0.6072639486315174,-114.24948860863086
-1.1659570442693439,1.023868571539894,-1.4794997185104575,-0.5638676816069359,-1.873427260028998,1.1184212601967185,13.309896549227659
0.49093257665883044,0.5289252215739975,-1.1349040255829452,0.8997838766610075,-1.2533406704384036,-1.3029162480705467,-237.47920176722315
1.1244812738486274,1.0555627506125664,0.5586261429086843,0.10955793136730048,0.177079334203396,0.11534844440046714,234.63781475663222
0.07162663555535193,0.16628328009229004,-0.9983816068651961,-1.066082124746724,-0.6148908890476055,-0.3227432080642745,-160.1233071015468
0.20134854140956157,-0.8119412667254354,1.9010926292877368,-0.010613720847764617,1.5736780464635538,0.10751813553055593,209.42346101195332
0.48516755052929333,1.4851329415578083,0.04296262336559749,0.23728452956884397,0.6616802805030402,0.9851944973301543,210.07210517704712
-0.2506815761308158,1.3571957578493936,0.5371551646341008,0.7616493815515862,-1.2851196410187427,0.7464309287800901,67.52587697004219
-1.5742646423474091,0.5099153710747409,-0.6829645876624473,0.7894234610278249,-0.6597204802591402,-0.007806647759688805,-101.41143869683785
0.25302419282534444,-0.0617541622591213,-0.6206941600304026,-1.3177660559189044,-0.8704354123285093,-0.7309765398510095,-93.55665316502909
-0.8944884382291662,0.8025562231537329,0.5855123171414258,-1.5163461842627142,0.15936175751673087,-1.0956369406134254,-56.32923935123354
0.06074642869495245,-0.9933680596571969,0.45443330902593887,-0.13550130860523507,-0.5718827682430586,0.529489784637058,10.222765745698794
-1.375873246692479,1.5074331667515308,0.3364110771339773,1.1459584755115166,0.472891546935293,0.377601094007824,85.38119571488386
0.2616668712882853,-0.15749705626631835,0.2518558229822062,2.3132925947496474,-0.37253394797849276,-0.5343804065570755,54.23377693179577
0.06443031168517219,1.1267125480306017,-1.4690705545508833,0.36426023395123386,-0.48709790545235243,1.2895246498030875,50.04677428547319
-1.8053036181715862,2.961936934055903,-0.4514968735711524,0.0020158275057773627,0.02252951868804943,-0.24916061570103296,-122.33771576329005
-1.0219759872353813,-0.9030714821392275,-0.8627933123553317,1.8365052277310516,0.597256731475286,0.8496627681123201,92.63145931573561
-0.6277250054084109,-0.7343289162811822,-0.953101361373127,-1.935359431190724,-1.136258939662658,-0.592216398969838,-162.33924356229602
0.5134890731981655,1.3143223181880253,0.16381370935708411,-0.2144314590796807,-0.7286002322448419,0.6087476851523476,109.07452402130077
-0.7976350265042247,-0.15971328963988202,1.0125343757783463,0.3047620818729295,-1.6239209839379924,1.0009818775768409,-73.6832345557739
0.7788186332962908,0.5611339166953953,1.120550651210111,-1.4941941645217658,-0.18843738198116766,-1.0930320867228853,-141.88025757849655
0.7295730208003708,0.6048919114992889,-0.8237028922302679,0.75294298520049,-0.3229592668168973,-0.3266744742950822,-59.24309520715892
1.3262893481164935,1.2644642919387379,0.6702668482579294,3.037135166550529,0.7755128281672974,-1.67404286234602,33.947831721378506
0.9848367941274431,-0.7709004406570698,-0.30317579367406655,-1.4507551670520842,-0.4993309779752638,-0.7008725446139384,-241.45805217069386
0.7346262530319978,0.0846319230612477,-0.08055242183396544,-0.9510032120858959,-0.4879787268746737,-0.23312378034714185,-49.39067697422786
-1.181329399245401,0.3219219081224748,-1.7227441093621811,1.69696724087887,-0.3912948747176368,0.3329398562952964,-43.262662223746624
-0.825963560529789,-0.8919773994240473,0.9260843380014208,-1.315564599544414,-0.6231662372339706,-0.0864230672747031,-104.9620067880441
-0.18548079758919142,-1.0738322017543471,-1.1402038924360314,-0.020912501925799354,0.8361508995270434,-1.0301109214605455,-123.47983510434204
1.6842835873312358,0.9209740071508609,-0.2127336922557096,0.5344445609600809,0.6658309669205137,-0.4439804281398015,93.91574293358973
1.6734394863735937,1.7048075577709094,-0.8050877890948858,0.2299681281877999,-1.3691770498555575,-0.7783543725708701,-23.790613729696027
0.09797747986456609,-1.208962872379001,0.5532017029263538,-0.43294675338172806,1.2750906374124358,1.1078366641948867,88.53593497731171
-0.8070711231185119,0.9600082005219779,-0.14755695284528922,0.4176133577395175,0.15292510291756553,-1.6877050706851637,-125.97877396275328
-0.7823997905765864,-0.34536567531326057,-0.9992723986106432,-1.350487841700138,-1.2628739464387515,0.5856433610244146,-182.4563978908762
-0.8128256673492876,0.1531991713684843,0.24055033852632457,-1.4948990766129773,-0.08746106582653425,1.7374659044293963,115.10005219703137
-0.36172438731089335,-1.0512476481374347,-0.33102339934785724,0.08464172681225943,-0.2935006792682429,-0.5249632274184943,-141.86907927255888
0.5783406931915568,-0.23066433102359127,-0.2760497479008785,-0.6862513169635768,-1.0390727959794435,0.4377939291280356,-92.89428509558044
1.0000755236142667,0.8734263058275024,0.19281273075184271,-1.2619728958110195,0.892606148629865,0.8376719769780212,191.16496397777098
-0.9009399718627269,-0.31696461771248124,-0.5080172951176501,0.45358505708298524,-1.1703817345360026,0.03894238381360892,-25.533966494967842
-0.3906901987837001,-0.3458498645107794,1.4268451124819637,-0.38481425256869245,-1.0298643826669345,-1.5652434026476898,-147.60289165529255
-1.4131099851802371,-0.06151446722866717,0.8725116330487577,-1.0056777982242644,0.2701070650015119,1.209035631808868,101.70554205628423
0.20030256562685483,0.07170414269039635,0.7370855558806217,-1.9002656908837676,-1.1934144554860064,0.13895247481678777,-118.38050961823195
2.2348823673679905,0.17668457654728073,0.1333495889209663,-0.5614866949517575,-1.0104851863010604,-1.992872086081341,-222.3842511186945
0.8141897218929415,-0.23962585106200512,-0.010029996794115745,0.32104542854749935,0.6183294396763914,0.6188357933154394,93.32602439458113
1.2678218828060577,-1.0705854193784583,0.894216174488112,-0.7099436797131692,1.547915747718302,0.8493841353194844,226.5506158691233
0.48859850664792065,0.4893528729120655,-0.25356976071573767,-0.17977124083010718,-0.5567925960569067,0.07468319220229368,-25.618746736769005
-2.204662496155498,0.9717376299698391,2.16985448719748,0.7131619339315679,-0.43037417036039793,0.6179933377289216,128.0641620662821
0.5729414580154424,0.9872561385723319,-0.37534469050572195,1.1803681209357904,0.3612022676202641,-0.053987937586135674,-31.037979808355203
-0.7057831157902666,0.2479253618051976,1.7478911614915837,1.0058362943504588,-0.19604461535673057,0.5485214082279933,93.67464544928838
-0.0980139839705318,0.6011584760944034,-1.282579189299784,-0.12793666334262,-0.3519698022288058,-1.1838916638495989,-254.73404150069643
-0.1950153265228272,-0.12147268357630617,1.041994584867062,-0.20084142731250232,-0.7471303500152844,0.3814388558047051,-31.47716983338494
-0.3280759961979936,-0.4438222258532415,0.14727635628755023,0.46726096786514854,-0.3581345144143328,-0.45283669349223304,-177.28466338143033
2.1110824915215747,0.2943610952364195,1.1866455322163045,1.647984359767416,-1.2528653287648406,0.019116011145377955,-5.600751451910348
-0.7163730678565574,1.0628902843256944,1.0388332192879435,-1.7460672842196365,0.02688330638426178,1.7290601597351185,315.039229840806
0.9946317196518638,0.656756535751034,-0.30840709782173187,-0.9741450182908044,1.6389868748082566,-1.6248202583915592,-31.134707443380936
1.7088394951439574,1.5753864718762585,0.6353976085848135,-0.3974222305713522,-0.11515046737489663,0.2621961080846343,125.78065960428358
-0.15980560485127082,-1.1667016295253487,-1.8543815777907071,-0.6175532164381541,-0.1897913999444881,-0.6440695428422458,-177.307786083475
-1.0999191022151988,-0.058270294657640186,-1.1185589415137103,-1.2589392023004322,0.29493407316269615,-2.544825177186493,-324.407239123885
-0.7133415458106767,1.259871773077562,1.670938310707909,-0.5830070388241141,0.0993213434756119,-0.08127023092566679,106.08403527588702
-0.06580697031616857,0.7519524115342592,-1.2984140136907372,1.04335917784006,0.6359513741868891,-2.0823861841697426,-108.22304857915842
0.28377323273861915,-1.2270939051766447,0.31417197776418476,0.43891884090413386,-0.1718563443291936,-1.4341708337857069,-143.84318623129263
-0.09488320200453691,0.10070680780701582,-0.8125159272254391,-1.1422046673620248,-1.1947072887778145,-0.8905921360837699,-276.54786880142876
1.0079954546853156,0.2832161609091027,-0.3615113329610352,-1.5750772360237084,-0.5452109237633477,0.9183365959316275,32.05635096379744
0.5855134330102213,0.7336105230596314,0.21970153600452696,-0.22389342464312406,0.3871541400495717,0.6533153235221819,134.31221278925238
0.1475333371450537,-0.7771812048213788,-0.31749697658789783,0.33791195363935667,1.0234260368456631,0.8501792887294717,148.42645966718726
0.4372025857841405,0.011731972523067426,-1.12056901143983,1.379926792773926,2.246577277628108,-0.8473803894879096,53.72960586448605
-1.6369863586024667,0.032471546206738984,1.805806422339903,1.4183695396165075,-1.8404672537463975,-1.0955810892971596,-181.02956505432326
-0.14665597760947907,-0.013400452293384019,1.155203796857409,-1.094894723839235,-0.42624640552169857,1.5658387899423096,77.05485396874579
0.3231741466307886,0.7181385709690791,-0.23610137454458083,1.132240972782063,-2.5379587219157367,-0.9102665711623698,-203.1372051762336
0.5110237750868969,0.008308786680030125,-0.8139365375731504,1.2659870003451015,1.0301173410918059,0.8730037915311126,222.9364923667464
-0.10820770352853047,-0.8117667130098503,0.9784306670346182,1.2328793531565987,-0.9388420182293983,0.026016345246876765,-62.83336210613618
-1.0135694944316709,-1.184885945441956,0.5142261311994636,1.8183776469095059,-1.317565945925149,-0.8622331929802761,-189.52306490953958
0.9105442400377814,-0.6124213984710117,-1.2661316829872884,0.11185558822237847,0.9651595641822474,0.7001526334925764,103.07886542758338
-1.47554614392454,0.3211528514575167,0.9788908243301653,1.4081228885174992,1.050074143656425,1.373424704376796,205.4288442257912
-0.38110470323450996,-0.1357256136683728,-0.2656607143409235,0.828549680386149,0.014215350165662095,0.8053292246909639,76.40559160016646
-0.9229897213619142,-0.9785002099209332,0.059244616681478145,-0.5724116364891959,-0.23362388661379743,0.9747244779897775,-48.56465464858408
0.4900020579633698,-0.002424527028949282,0.24324237320015196,0.5855451844669489,-1.4324116144615964,-0.38044916530485345,-4.793368549556561
1.4609197385671262,2.287890691951682,-1.3594862229939655,-1.5739172709733853,-0.03271789905016828,1.0335911310736041,253.93871890205298
-1.382208130325485,0.403104681467072,0.09012340478431362,-1.1046767841884482,0.9080086792875456,-0.2176595435773534,-19.501072064943045
-0.8071710108705005,-0.8159425765519606,-0.0905161488572512,-0.6792321255868664,-0.5952693272153419,-1.9326008125394065,-274.3010985324787
-0.4931315833309306,1.1250738115608991,-0.12250785263612907,-0.22603503272432665,-0.319322679985432,0.13621102158160692,-49.098166445371675
0.33793421358578923,0.4501901213430645,-0.33768124201904054,0.9747401663167893,0.21012784166937387,-0.14714375076763234,-32.14879411484503
0.49765215862668444,-1.7070763049877973,-0.9385952557400078,-0.0192460252351715,0.9528939397455078,-1.2058672271807793,-295.6001725410995
-1.0273734313146,-0.7545316276648305,0.6113075799482283,0.6107384085849208,-0.5905613748599359,0.13373891484263647,-77.95963281074089
0.0263316251863539,0.3610621546707536,0.2391091340368109,0.6309720342334937,-1.8884858006845766,-0.21714621877557497,-119.36925656238058
0.2089181686434325,0.5966232262670131,-1.894045586367156,2.1578984338194314,2.2108988445045257,0.6315719866847256,183.6779444674578
0.6281627169439395,0.5687672461269027,-2.3834318287408234,-0.9656545081575759,0.16956197663778627,0.08180156145980798,-60.92553859014923
1.5498563768406273,0.6982834026756343,-0.03430006293250359,-0.5516599700312222,-0.05194800443557191,1.4850305231037049,123.7807168580502
-0.8821191579741096,2.834788287647968,0.026177940628358775,-1.1112803014729837,-0.5154110252577407,-1.0322749600205048,-69.37624273891436
-0.07663294082155693,-0.867641817792929,-0.928165175340324,0.03996713220813755,-0.9146155746054103,-0.9288225790037801,-304.8728933166524
0.9229623876568199,1.542592500347773,0.3617318778486646,1.6770514417996771,1.1887706362022328,-0.07479201402288627,247.8927642143472
-1.456262077178715,-0.3267808621433019,0.7240945086967414,0.5776577898778709,0.8854629442694182,-0.7095358402355157,2.630161965582875
-0.5959083135904535,0.8473448561002958,-1.726159378750294,-2.3259452369894698,-1.5478554654649153,-0.7307033595491202,-170.15661773807795
-1.3359645687563122,-0.5384716285544932,-0.43643554733270434,-0.7374345538210352,-0.050244407327063825,-0.6001917193799872,-177.04992232497392
-0.77945316004216,0.3298904931077037,-0.26755264319493705,2.135025754042838,-1.6525644545606195,-0.7555041840198433,-235.40292893004812
1.1239137680450215,-1.3520878655053352,0.9386080920069699,-0.19052459736929536,1.3140314693722182,0.3085194709888559,187.0835722162295
0.3270008954203641,0.3335431094834636,-1.7819331031554375,0.07506917651315864,-0.5517926144922937,-1.2791895685400856,-234.10252654713827
0.31354418804858614,1.7620973423218527,1.6534784757556935,0.38149560373096836,0.18122277150935084,-0.21954967759833918,110.54293261687808
1.9049401658224705,0.9713254719486503,-0.19611080002553635,0.782658528146563,-1.4712532624602999,-0.5767423038406432,-64.44984367603233
0.5284036794876328,-0.9099862483344321,0.6596478155568762,0.6903293574121894,-0.9094235072846903,-0.9531430444867285,-165.7755932295645
0.02714213725532758,0.1752786258301068,0.5083472284008675,-0.6835728071728142,-0.07195181761451215,1.4892543576582489,186.44569690290407
0.7210040724175565,-1.5938917292577255,0.3628617497266105,-1.4443319888446111,0.7608725735990741,1.4711583280028944,93.947955928031
0.756256566815619,1.1130219462073476,0.5199082415219175,-1.8997718483247485,-1.1674383673700581,1.7677875893235158,221.06238779725064
-0.7090317709646032,1.3741002596496477,0.5134933838609589,0.7180811327892195,0.5552999805820608,-1.2480134992959537,-26.784098804421863
0.07843505365252576,-0.46291807077978514,0.4248040534992522,-1.1125716836058877,-0.7471432831565542,-0.8253302570878731,-133.09764997515313
0.7064017574924781,1.3229254410833062,1.4402747484357274,0.005302567417721703,0.07413501376636306,-0.7225601606572544,75.4755413582823
-0.9603256239579481,-0.0735085914374971,-1.2379425329635652,-0.5086683667306348,-0.3873676547542908,1.8936974797812411,5.339744802863606
0.9091086682719358,-0.31099161133224146,0.5414783545324638,-0.5093889410361269,-2.718287994130583,0.9038523399175407,-66.5900703342004
1.066711146928199,-1.2813353005009132,0.4226562391406426,-2.02243818774207,0.883704836427487,-0.6131317795740754,-25.161578865137557
-3.1449229295012295,0.884402944305179,0.44209492731502426,0.3499936461322492,1.0143624683322852,-0.5996473490929922,-32.31468562341839
-0.026310098551890752,-0.9268407545443285,0.12427676220861124,1.5182807659812008,-0.016548304108747518,-0.5172884640572465,-88.74120889018656
0.2858669148931846,1.2547639742638308,-0.21683742265017847,-0.005430361546939062,0.11881383855168602,1.4381393620360696,225.09578684130395
-1.2513479746929914,1.5701807595112278,-0.9525362836960205,0.41784812618907186,-1.3608862567963604,-0.4568506384003846,-184.91187619683342
0.8810611935100822,-0.04185330990423116,1.528991111619964,0.42213156789690315,0.7230957567901637,-0.14541447810449615,169.5724245525483
0.12575217600158003,1.5445353768041057,2.175898449117941,-1.1571780701458443,-0.3280381814608524,-0.432999273315913,132.31162066223547
0.8627401893646078,0.783736212030262,-0.12156844475703382,0.4301655132021331,0.7152380237063791,2.203235776907466,407.09896858154883
-0.4131239008548983,-1.1522581863016501,1.6348331279622317,-0.9912306062279944,-0.9108236989435031,1.189387486053447,27.015677234773264
-0.4081593480753856,1.2857529560491379,0.5782816237424491,-0.5742039455011604,2.1575128441265496,-0.3656859639197842,181.64111201182354
0.7663437717964052,0.14141082036198044,2.4879948629781685,-0.6901544625961833,-0.0662072272351462,-0.43809021591208996,79.05608918506286
1.4760708143285872,0.30332152443758625,-1.8167974115296883,-1.231909974707832,0.5422698956352255,-0.6361951800461222,-34.743760880558376
-0.35406274850220454,0.7589057625597925,-0.17772805988737084,-0.2680120851149869,-0.7447892380600281,0.2813660412429968,-32.576746431067065
0.3574780720955693,-0.4597968329364657,0.9996682107320278,0.13856272747141687,-1.280894273186119,-1.402352271708488,-134.24983506083754
1.7274609611646008,-1.6365380795582842,0.44477145400272255,0.38287792089838724,0.7296685236856052,-0.4598390019676205,76.21957254054443
-0.02016634624854354,2.1663409156005917,0.28788807600404165,-0.6037731665690473,-1.2378355976367013,0.9494727245304184,150.91784702429626
1.199810961876211,-0.803174217941389,-0.5980309656702543,-0.7961033837766635,0.2777746836321638,0.47423034894115257,-1.6025738534677352
0.9996444750226644,-0.19661212088028834,1.8512254594074034,-0.1953160426879077,-1.6346891776330466,-0.49087550753756437,-68.08548774564622
1.7617561517972458,0.26221356111887717,1.2646091531011299,-0.32330625774329885,0.47624091025706056,-0.24229250041490347,116.75413814559239
0.8154554313411235,1.3036761259581788,1.8851084568762744,0.4462662198950213,-0.384802584975621,-1.345018139103314,48.65491645264204
-0.5521626790818033,0.30410171474003683,-1.6837707100875667,1.484654545462239,1.0947861848883618,-0.5059627279362559,-6.254437333644583
-1.2470810324947512,0.13858684068120386,-0.29409983205330587,-0.11981622322831892,-1.165931598451837,0.40384901754708363,-118.64454330134976
-0.06663704574784358,1.379674100923342,0.5931770780641108,-0.938033361574157,-2.526652311151389,-0.3745410171629806,-150.09763232705671
0.12222893025194037,0.12339108159807276,0.7815984342406153,-0.5970907379673882,0.6206634613890687,-0.1134854223871747,23.88306902811547
-2.4571867881665255,-0.9731303239649819,-0.5889541592421709,-0.05596828832863025,0.16740089949218498,-2.070643899310369,-307.1904272303988
-0.1787211921850673,-0.79821471703172,-0.3926715086777732,-0.4710464976230483,2.491822262716799,-1.2725765115324033,-46.15800800503526
1.3270523535589944,-1.039136472206137,-1.0461326244324918,1.1154443566056147,1.5664969123322876,-1.5275137061410948,-85.1476938546206
-0.8331883170022173,0.7038783041383464,-0.8639840625196906,-0.08838775059239974,-1.4104703430345222,-1.1280252052806292,-204.05079516920256
-0.19927181063784993,-1.4223135978920194,-0.07581402978710916,0.890801352080508,1.3914165400407374,3.073687764081672,331.43819204595803
0.0950305287114679,0.774830195253706,0.10664019471454023,-0.182650160150894,0.4284443520585781,0.2807836753055363,83.35946474748623
2.4267794264785807,-0.0994417290244568,0.008325384619091734,0.300772284102476,0.4044204677818813,0.7192622068062872,189.24137412447402
-0.602512382994961,-0.6682232018801291,0.2852775319349974,-1.2687867916272986,1.2334849853059384,-0.6527482738813398,-83.19411568315641
-0.11366039970887787,-0.7827593255602341,0.7380269287890966,-1.455196850076152,-0.5707748322537699,0.9055543677187267,-79.08532826204069
-2.118252350659422,0.11845190942555756,1.0154412814538978,0.4124660747625016,0.18520130599198023,-0.6720109427188553,-24.063121510316183
0.2645407221339687,-0.055190152963665626,0.8941892448913628,2.7604097564689685,0.009127416538971575,1.8412488828191673,266.6466762323857
-0.5930477053540517,0.6609048501519232,-0.7631893154341994,1.8268931451347392,0.6818656544937223,1.257019877117053,172.21472438880593
-0.07617160888312094,-1.4966726426696033,-0.014391613263863866,-0.9070848205646406,1.3650492342757024,0.28414391176100356,83.81411332020599
1.1542103701983355,1.4956542834024817,-0.36540712234471673,0.9808937308003727,-0.03572678148352878,-1.3855056964961379,44.848370273223466
-1.5991418288232786,0.8221213670379174,0.22479177922460875,-0.25922315716885863,-0.9370928127535997,0.02107251689382753,-79.14992982844097
1.844025015548848,-0.349468429333181,-0.4118718367620327,-0.2132145224454853,0.14372490668301213,1.0485481123670986,159.1251787508509
1.0144744307440128,1.8396984044520461,-0.8430334912777936,0.8058478255244932,-1.1523953748698634,-0.8891588649673107,-98.3917298472987
0.7760608836632689,-0.23425822675298746,0.17500284421479284,1.8774732993399166,-0.46968270112305016,0.3634968571440917,30.009047955133212
-0.6663441879617609,0.006225784740457048,0.2781871025963543,-0.9137307062243655,-1.042102343936417,0.9471749011685544,47.5508534436227
-0.9040652851557582,-1.6995991972047315,0.5718430941884188,0.37635038245701735,0.7841312051337384,-0.10262628789954839,-43.29656642355481
0.13103073739780352,1.1502462738161023,0.9384886158029511,-0.7632936605445404,0.2356733140489768,-0.7970717562719348,-82.7092872619164
0.3638728756953227,0.6103708375819291,0.06803574416678032,1.2654882655774262,-1.3571503688748954,-0.06767195738737604,-98.83809365171587
-0.1864110332289491,0.09715404116589398,-0.9175011933972244,0.47363040535563733,2.0462317060528523,0.5572039237337866,136.38996370662025
0.9782635664771929,-0.1218345020716967,-0.7868439266540967,-1.1058894086521158,1.1760133586966885,-0.5312189604158031,58.18713242596223
0.514774390878564,0.2322269702482218,0.06355966650084578,-0.324982981642563,0.4010680881480177,-0.16858305271615678,-16.28989739054743
-3.363217067727154,1.2548856850887966,0.19595045507321207,-1.341001969301451,-0.4875964635691839,0.5196612699124564,-102.65399200996308
-0.19113008307852952,0.4198877834110318,-1.1033481504117062,0.46563945744347296,-0.619437091110535,-0.1681638509996492,-28.81707609896089
-0.5669515562771671,0.568674004378765,0.08399224292340854,0.6661294516269911,-1.289878639704712,-1.19022672217917,-180.3442920011247
-0.24642232524401012,0.09365702790435035,0.6748134391060755,-0.22041611405975908,0.5892530665539831,-0.11629589775376287,60.34436402646762
-0.26402609181375436,-1.3401375042996386,-0.6307382573025448,-0.35731806392857307,1.5217787410509893,-0.3112106618349727,-101.48352353907168
0.4172303150246164,0.5095275630143141,0.8449884622873132,-0.8150798308448161,-0.004173109778993257,0.9980449721607264,136.27431059953497
-1.3944856828888545,-0.17430091760826183,-1.6711043974701882,0.18444382118613215,-1.4874131946093043,0.7177337305079963,-113.61415346680367
-1.0142226956662275,2.0264434749273996,-0.08921552710052895,0.6483594855409825,-1.0268665375545776,1.0955082089666992,36.433335565908976
-0.35646318533501964,0.23546591282275345,-0.08526014043542687,1.1429370824824374,2.2618176756126265,-1.781947910343792,-30.436940737785072
0.9595605779835575,0.2060528593086519,1.1694155203730743,-0.15808522941340125,-0.8473066596946736,-0.6318356296451636,-87.76870836355192
-1.0399472746234695,0.995597393172841,-0.21911532644322068,-1.6765631374629577,-0.2506965105423113,1.6796403250023018,71.21057688090532
1.437231817323384,0.44538470491411,-0.4568097414096343,-1.0235571929295717,-1.52235884936659,-0.6292309984176534,-159.0635975829423
-1.2814417963508962,-0.05633614642156672,0.5825501168969145,-0.871655735896976,0.24053258245251702,0.19603904600597755,32.20818258337182
1.2963612761992533,-0.25653529303247435,-0.05869561299252306,1.0364363739617193,0.8240581845767776,1.0534351655537666,190.83651937700992
-1.3535106722036279,0.7019414422651608,-1.1426059636742443,-1.1815075546971523,0.6601316580372942,0.8009681220437288,133.9407773127882
2.253249553168358,1.86219197992573,-1.291531037309536,0.4799827609317029,-0.3284654366935205,1.504423753290989,154.1956269894481
0.12969780719464474,-0.722575758374291,-0.6744771696313835,-0.3077033378873119,0.41298968214622817,1.9248548601031452,49.060107808085505
-0.2334622144104643,-1.0915721375438838,-0.054511632080198366,0.8751272023030261,0.9286820178601269,-0.2613234155572845,2.5748172622860683
-0.0010599789155002022,1.0122451406843165,-0.8341780018178039,-1.0945885638818005,-0.8159452915850256,-0.8006318753043103,-189.82365526972256
0.6524695408968906,-0.9693529047163139,-1.5243238834513435,0.18735829892981762,-0.9692850807337483,0.39714662197611855,-152.7645498680871
-0.9381520024085207,-0.5579865329712068,1.079408494914797,0.5012887234555704,-1.4565331835619837,-0.1388761127826107,-144.16692326251743
-1.6152611585546426,0.9370128950239005,-1.145558604917814,0.04218080342630694,-0.9119405138020716,-1.3728852126628068,-285.16823884854216
0.28604555258784437,0.09258760185245193,1.8607188133362838,0.19681080626783604,0.020376131523474877,-2.0637368811948145,-57.98681315806974
0.43787798587088095,-1.3180673788791837,-0.9283294560965258,-0.2075687076655173,-0.21036307838322485,-0.8879656687520389,-306.98003506583177
-0.9654567019331536,0.5024677895315814,2.4585223971247014,-0.9805187420833553,-0.9009077682959137,-0.5841371587559641,-82.23726763622541
0.6860813257664086,-0.2681847298077739,0.4904098504317694,0.2808145694638054,-0.7371586440933149,0.8699674361714891,45.05663374159949
-0.528917466962279,-0.21366261146598423,1.7333219703459861,-0.7433815698381991,0.14388726316586756,0.2571876658402039,96.91264624254669
1.3812224538526239,-1.8886084494767705,-1.0086445295380233,-0.9292310620135663,0.9967500585376107,-1.613667501239127,-205.4002781858851
0.13063563146727436,-0.9884054606850916,0.37314571414298725,0.7172949066545395,0.8702852498327773,-0.1627514666599758,9.425748193907111
-0.008232286864534994,-0.8522563075805255,1.6909779161756457,-1.2841022271686673,1.392926682537392,-1.2619483916867251,37.607849804733775
-1.9152618130000776,-0.1394602347824037,0.2571254004183627,-1.1561937064078474,-0.19580354118907697,0.8178643540165985,98.96483687796652
-1.0921724025754098,0.7401246407599608,-1.2460062135656422,1.4046634503628823,0.7584584922701471,-1.4434518920962265,-19.513412297821105
-0.9647533403209021,-0.12844283616248897,-0.5025146184134289,-0.23817190779826863,2.429904682272841,1.7008094039096666,216.98087438750173
0.20223547969161065,1.2836887470690532,1.1315903899224937,-0.08485346081245955,1.742283889408971,-0.3990964273046795,144.7850221795233
-1.571490732518105,0.17209666137289473,-0.3742428409276934,-0.2822449595248087,-0.9545209695216255,-0.17258011339476384,-169.09158945003267
0.9516228731907861,-1.3611079912721302,-0.33341606919399325,0.3568158209299497,-0.18534282111944042,-1.5301310779464534,-210.13979844095607
0.8418930246049883,0.5333567858596723,0.27736197533725493,-1.3714462582305713,-0.36342998791322856,-0.22265174830200218,60.32110779993834
0.8316665605790649,0.5018280148747176,-1.331830812131423,-3.3490227269374664,-0.8573841851557279,0.05894715594157626,-77.53310847762506
1.3418463248479284,0.3973885725497187,2.164874394693581,2.878162533229745,-0.21197344165695148,-0.9241183075428272,154.594763361844
1.8313297304179024,1.64362422230028,0.9242846889729136,-0.6762077414764261,0.3224710571981943,-0.1300918674011215,209.93993079461424
-0.32346578339145926,-1.2773949956197617,-0.02230951680479919,0.23690099701513123,-0.8806612344739159,-1.288725634432711,-213.44716072008512
0.33023106468037094,1.1257051180260713,-1.6878649483180035,1.0644243521574588,0.5747811422331484,0.2983075578805707,43.11908548524841
0.5934865175630204,-0.6525662744371902,0.260659430556391,-0.5808400306317726,0.6974603044374287,-1.7951430707001224,-237.55269020277586
0.7931558878769597,0.7834210263843127,-0.9352812519728545,1.4349064225754147,0.1404803773875145,-1.0507566779991062,-7.773603816314214
-0.46099508222295776,-0.4635102205656629,-0.19113076594314538,-1.3232802716743768,0.559483176405723,-1.7331430704169961,-126.11423746435145
-0.5009264503375446,-0.893706481436945,0.8094973778196244,-0.6105046353426181,-0.8407193249221278,-0.5244559069066173,-122.48225139384591
0.035724432617293155,0.5647065568385671,-1.231204885125809,0.23599651246078326,-0.9886113955390479,-0.6078666954489353,-96.30394380023421
-1.2168792702528208,2.443673547691249,-0.29385633337761385,0.4712816674086252,0.13005363530734573,-1.1537107643474285,8.67515158559943
-0.07629059851995908,0.7914825055975298,1.3011151069939257,-0.8616423592159261,-0.899816412117227,1.4277818097211614,117.6023757275568
-2.1276515067584802,-0.3953881470949333,-0.49884618108257084,1.9569422354134667,-1.018550468102293,0.28380793335405563,-132.6917839722972
-0.45121424215862954,-0.884752350634033,-0.8333044078308411,0.3735970156626092,-2.026465963926625,2.0242649969849684,-33.053949264246285
0.5815641510546644,0.30873869491692835,0.8976492605982711,-1.155516130549067,-0.38919278142899777,-1.550012036025904,-200.3208454228822
-1.4506114504201473,-0.011736380955681646,-0.3655417431723864,-0.5463479147029836,-0.994850330476807,-1.3387456283171282,-326.64865582823757
-0.1398207586357807,0.4064436100854231,-0.274019728369002,2.874051557793115,-1.3559211088289373,-0.05650377636330674,-47.43070045746798
-0.14749580179601926,0.46550319434428694,-0.19852470185158258,0.5360764926800664,-0.3449476586436938,-0.7363690364237611,-118.86149924487388
-0.9942076320107581,1.0565625163788335,-0.13594657743457916,-1.4466755747942748,0.5736281438687751,-0.16623605343414957,68.2328857485664
-0.12541877689129582,-0.5786445915687283,0.161464944999671,-0.6286310019036696,-0.8996736788825374,-0.45699545938986097,-107.94130182036804
-0.7406776612448652,0.37406964066485615,1.0594336792987729,1.9216464778880873,0.06340633780327579,0.04907850015436594,152.1173436542614
-1.2953263985875092,0.29407042768098024,-0.3683674787647781,0.14376125955973526,0.7669507815869591,0.3319692788852843,60.26256414543856
0.6674011121580308,-0.5665919012162418,-0.8179114402833593,0.518479992862763,-0.8918842397244074,-0.7363824770168989,-191.4817427764459
1.2318800078675207,0.839829580506128,-1.0013695223890473,0.12577772447192573,0.7216121863500609,0.9761902232926226,118.57512475981521
1.6337620753712465,2.0198344441470195,0.5669835650268251,0.1469875943003145,0.5477231829125391,0.3822556104387912,207.1213658597127
2.595441678479289,-1.0127350371476895,0.8081406316466929,-0.7700647077934597,-0.2952050306549068,0.3372026197807109,80.34096618399687
-0.09116292851245304,2.615662716882541,-0.9165617143631222,-0.9102187022276078,-1.6845709062425456,-0.059779798730898524,-35.94502825405249
0.7284344275924859,0.02186524158448137,-0.9609884047553425,0.6519401237330805,-0.6272160919187026,-0.8775866307430473,-113.48881114418664
-1.5979062587250883,-1.6385988206086726,1.9484393014781605,-0.36108079567234125,-0.29257281750858694,-0.1716109909926148,-154.07767163655512
-0.1745936636694302,0.5607690264740336,0.7258785447961061,-0.855310661465425,1.98896569053059,0.6112323819280286,231.44167568022013
0.66152273934321,1.872247020818839,1.2698303972520604,1.2518284807342621,-0.42635271200259556,2.488258734544204,407.258684332675
0.3021487789133958,0.5772999917457644,0.40295340283666004,0.5020279447574701,0.5463052748630699,-0.5818282342219411,-13.514810513220809
0.48783923653850103,-0.49310608091829283,0.788053818527551,-0.4552286628623189,-0.2776315503048178,-0.2816437535374407,87.49939446261651
-0.5796475333183823,-0.3520006540085273,1.5725617017720832,-0.18035798817697604,-0.38241844826389704,0.6251353285500552,180.38926323260614
0.7983719862117193,-0.8815595127998447,0.2194687095635989,-0.956487845673663,0.8865006735064006,0.13742244258269493,144.76184014396233
1.1271420080224042,0.1491863199284761,-0.35257713600870577,1.218121470981919,-0.8372744817354241,0.3391490444019058,-62.31082112720129
-0.5996717484150836,-1.6360522515245077,-1.2125508899515187,0.6448534164673844,0.10809792150538736,1.4790325677998342,9.980743997846192
0.4677113092642406,1.2875340524600707,0.157785330086377,-1.9423202298577968,0.9597445892939291,-0.017936541226348714,202.30613402725197
0.10276629870751851,-0.9005342125300295,-0.32514832691341095,-1.5131705848535557,-1.325572948100565,-0.6498391938369291,-278.0136865857328
-1.8264458534371688,-2.032602640939586,-1.310992632967848,0.8253585503375832,1.9837176509671253,1.2307222160975717,45.90846018030209
-0.7791530913840556,0.7070552336208406,-0.16184321550041894,1.3442791392650393,-1.8969167894951064,0.8612838250005308,-80.50736946102136
0.4807112367378031,0.08969386835253522,-0.16782411955544285,0.8674349528926324,-0.3910897118685944,0.4053431037132484,-24.80270927633032
-0.056311511133208175,-0.8262039444204495,0.6084721388013108,0.2710966678151757,0.578535801796219,0.22732374457805127,59.97352985211574
0.6711295266289646,0.2462035788004885,-1.5010749429845294,-0.8962507571277918,0.8696313925341597,0.4086481630401309,49.98395374691676
-0.2865299164588439,-0.46048035056451825,2.0665401269599073,-0.3202420982063639,0.45477454269622214,0.10025217782226864,135.24519547867678
-0.27240740033811656,-0.4102565977451124,2.044696358103628,0.793322810635762,0.18005204044079665,0.22751491668929238,80.82110305289487
-0.5317233257141596,1.135496644121049,0.6027044932011952,-0.5364600282637584,-0.08837296919375598,0.21523329351905027,-42.73023155814019
-0.09797254611550489,0.7405048427526084,2.8473738013184593,1.3649781548043176,0.5244020389447539,1.2925305098835904,348.3206744279044
1.1371422879810644,-0.25693127106797375,-1.2236970809591314,1.777412906432536,-0.6198593276544976,2.573204300295512,275.5789833497339
0.501605910968174,0.39649407039898465,1.0080237705697683,0.6577911498024042,-0.07564604750223,1.4754100421642893,187.71865286209623
-0.3035329599090807,-0.6582777575949056,0.07266113729174889,0.6923285262173239,1.1738222732296075,-0.6309879737433169,-0.8997927017632872
-1.6328819894749742,-1.8224578083696743,0.4636102362534673,-0.28737523657148145,-0.3348408469727515,-0.6383109426072953,-255.0858507331992
-0.0816728195248779,-1.1326373947972808,-0.376116904195652,-0.19957937571010695,-1.7930519100049438,0.21132018048872303,-142.67897650340402
1.392531894169155,0.7395032993533133,-1.0725786990729342,-0.7211986368024663,-0.35090374617036896,-0.3643952133970292,-48.47421667032931
-0.42805949333658766,-0.5684734728566189,1.4333335394761846,-0.44491507082227644,-0.5413074707459605,-0.5972780307048379,-47.50544675507959
1.033809941065031,-0.6880656064353902,-0.3254208874030549,0.3494853693107099,-0.43267015902454703,0.0025765000012809773,-19.756349335297063
-1.2285401093768782,0.5258018678849503,0.3642057035660318,-2.3121307806409432,-0.7126171759616813,-0.37583663774448994,-201.9927095783923
-0.9645256996201917,-1.8617869999948273,-1.270380993351413,1.811726367859788,-0.19159567381452008,1.3300432649031206,45.158127534453115
-0.7484290037127906,1.3087787161263205,-0.10996268356403198,0.37623975768304097,-0.07797882883444841,0.21302468166229585,-7.0199708843313715
-0.8512081661255542,0.5198386317752415,-0.031343757007866645,-0.4609659848035985,-0.12224639603889302,0.39106887214848957,-1.2730999729926076
0.1870520097481639,-0.8711910262243701,-0.6865087327126453,1.3050489052352823,0.567603200115024,-0.950934643538797,-143.42797781080654
1.036905176128096,1.1904265976333548,-0.0734288930225569,0.21425256618657862,0.8563401972586335,1.0569066194911698,292.86467548616974
-0.46772103388936087,0.39504446430926216,-1.3630767757192246,0.1623996713839134,-1.0866799624758448,0.4939997731067261,-73.49904021330073
0.9614314352436192,-1.030835206004716,-0.6511769888331209,0.34538049657289016,-0.7705881794366483,-0.4434609101448573,-128.4866983588762
-1.857917090934424,-0.016629886913958936,1.2315534215281376,0.13813115242283527,-0.9757330165886915,-0.03332805711421169,-78.3409725166257
-1.3364730623046437,-1.3158904369852202,-0.535233098835862,0.9242946656566595,1.7112615839641099,1.4308128947655114,133.98419176496887
-0.09968014435147186,-0.9635082373076357,0.41546145225670783,0.35183461692203855,-0.5462038155784532,0.9156779375071307,40.945542439476796
-1.505875170045715,0.15622530513722938,-2.1549210608972653,1.0317885979427897,-0.5754763537867936,0.46899728403891355,-130.63811190127393
-1.284931798667127,-1.650180477613045,1.2253382733317828,-0.3748776811125886,-2.1115540256471736,-0.05222966537870109,-278.65451718689405
-0.6360336193935819,0.3943090282883284,-0.056110747066599624,-0.4834148027599456,0.34308317739273947,-1.4839652525631588,-111.96908322806911
-2.5270581104043943,0.39250326240278643,-0.4336697746351299,-0.45074762576404503,-1.032158218178656,-0.025885561066081947,-110.4555231449573
0.7290017682487113,-0.21179063213882193,-0.4746186162923635,-1.1107651766542994,-1.3201482275205814,-1.0789993323044922,-192.06723371244806
0.7305269629841186,0.767479064483423,-0.05467106938007343,0.09641716597904715,-1.0149195483330338,0.7407094488670727,33.169978978061074
2.1060867320212364,-0.8965518176434502,-3.005041671853117,-0.686774830913085,-0.13518484369138611,0.14636885214150552,-68.71005391844974
0.040335718386177576,0.7211749043342167,-0.03730988178804417,-0.21016676607467283,-2.3788802639666478,0.4733859265684753,-127.00739840315941
0.4467661898041207,-0.5894929484944559,1.344911072605407,-0.8667123326753773,0.3240803970705724,-2.101464939421869,-156.02560897775618
-0.9948051313294767,-0.6857088060479203,-0.3130648151651482,3.3874860969079523,-0.4330431055528732,0.6778214387762346,-6.7860938836923275
-0.27337526685011254,0.2467814788497715,1.0470914024012101,1.560460122571353,-0.4863047851789101,0.4657367853053386,84.96928817196755
1.5247225778509093,0.6474055908197097,-1.2021825349347768,-1.701952332981913,0.4330808936421656,1.6967984536761649,190.84970212160303
0.7579809980019476,0.15585687071390159,-1.2873709703163987,0.3541810504588035,-1.9283810916909634,-0.3058201403266688,-140.27124347164406
0.10279592844940508,-0.39041256480671177,-0.40703830163717625,-0.8235997130659155,1.1362761180201766,-2.3102241810642106,-235.6841215260928
-1.9450892243176625,0.6073203346192572,-0.7465486596784744,0.7574991182405961,0.15268786294706807,0.9361231300325461,29.95511236754188
-0.4235301914692831,-0.5469411744699584,0.26923762864613837,-1.4331902374781746,-1.5958125367853118,-1.3951066923223119,-335.8537450943625
-0.9823559944998438,-0.7214796752184187,-2.026769580457745,-1.2474845141016873,0.6307975369926134,-0.9048668852467706,-160.3665993584383
2.256036116730747,-0.3953349567615122,1.160201984737731,-1.3911714409107383,-1.6804349382617534,-0.36147755236892104,-61.35266526671307
0.023029288538207845,0.2398700804860767,-0.323186235250943,-0.2627715706854191,-1.0880793801865738,-0.859977019558909,-134.91531965461232
0.3198337225635951,1.4322881609257136,0.6698195616647116,1.0593671420363822,0.19853634276346185,-0.5260344624131524,-33.15594056138529
-2.153325129725742,0.19172920590051382,3.2323590190976317,1.5283316780922402,-0.8061097012465189,-1.3627127117646367,-145.81061924270534
0.17203011097738008,0.3731763064604564,-1.7123210421928046,0.286954808116241,-0.34905834948362746,1.554239628419269,109.89775618693791
0.49212183012489674,-0.8669064281576222,-0.5590632052923274,0.26185722565409747,-0.30949779260935745,0.630030983669956,-23.615228511990345
-0.6190266117613223,0.8776487339132578,1.6537669504860961,0.5093077698869244,0.6010633680935387,0.9703814834275842,243.45241481381413
-0.5110213261654243,-0.6813957626520419,0.8352773676277244,-1.7265927212495351,1.281004179040638,0.2736690425830211,124.23690711211447
-0.8230623602639471,0.8468154546955804,1.8294417234291838,1.0398014217748466,0.7606149916973196,1.3460242930773327,310.86000429465645
-1.4300844148484626,-0.6414732328045694,1.0458856728105894,-0.9567976003269854,-0.5888364728426437,-0.7782432795898728,-126.91923065356545
-0.3609617893192175,0.5500885049690805,-0.34735509735401615,0.7289824465086863,0.839131760430231,-0.3398576070569924,27.427176532248854
-0.06805510418061343,0.3648472817767052,0.026753932712119195,0.7371923131465815,0.5490219660723907,-0.13631419709885073,106.4022456120361
-1.267322617802755,-1.142097464038684,0.33491776162899833,0.3624397744010905,-1.0603335666672495,0.5550743410657999,-97.0828389573132
0.336846716494579,0.23481520383520632,0.060736861003419865,-1.1401782161813707,1.262199071137224,-1.1395520587648844,-32.0610365255614
-1.2461459983046872,-1.0866306970095965,0.820369690941376,-1.2092456407956198,0.018502251001234635,0.10893990344639043,-29.009767451733172
-0.6540249812583007,-1.20050801066002,0.04481534284523995,0.673016335420058,-0.4866157401255186,-0.3393811300426057,-173.28997072727765
0.4454847306261949,0.5968454712017186,-0.04047160549837094,-0.6513815927217422,0.6227188420988002,0.44115338106318064,120.00057930847092
1.9146701355435458,0.17817604500651404,2.486662502612717,1.0280310156332584,-0.0647746631114265,0.28442568654803796,195.7321119870208
-1.0395522663759935,1.0159791610963158,-0.3888393819489765,1.0410795316048955,2.159267344967567,-1.276650549657135,37.83678572622685
0.04623710926574636,0.9124140905567665,-1.0707402723040165,-1.3910496787802284,-0.5846504334672489,1.0355491139613233,2.813325059979043
0.9026954447919092,0.665524449365315,-0.9333316492243569,-0.2059618331891815,0.3504468951707654,-0.6987812601509525,-49.28191439809408
2.4640171799140473,1.367426335007085,-0.7798198319020702,1.9128268606795646,1.1844310333637054,1.2771909538587787,358.3898673054878
0.31346851038172646,0.6797259574976392,0.9616644494160611,2.055222560525198,0.41456598293732294,-0.16919277233804192,59.92346110700916
0.3000357198512902,1.7856443518568492,0.39824726164450286,1.270984995833939,0.1358413325354296,2.3996203678965213,444.1872739707621
-0.5927242699666874,-0.5514601215736991,-0.6536611064024095,0.04949300679269012,-0.689249105594918,1.3972262102065163,-27.450320292813025
-0.10740786180774886,-0.9321802262022677,0.22583935541413527,1.4098625940578309,0.5528058823612348,-0.7841201356841025,-56.61771654210142
-0.23933082026418795,1.3751517504961481,-0.4348226447739782,0.5652162905248388,-1.2986807099449187,0.017013968354589886,-58.70589849376049
0.025513636218560884,0.18750836842991497,-1.0442867634396764,0.788015351268717,-1.3790628383545607,2.3219800476980783,110.43271894293156
-0.19563632028982006,-1.098639657203309,0.8908681512012022,-0.5994622635347617,-1.3842077954009377,-0.3196741366763964,-190.94862042268133
2.19894993359095,0.7317826968093606,-1.8964659554282466,0.7500737323363572,-0.4306887036967425,1.492552994590057,134.68727270780903
0.1371100226936283,-2.19401016630681,-1.6427235399144384,-0.14101177961831268,-0.04616632920443382,0.4450203262378393,-135.6295345308019
-1.1164422640189413,0.16031184632951073,0.2820224576294695,0.5337215116605264,0.6439015517110698,-1.7845765862291612,-102.18619698631298
-0.427370121116837,-1.9941256713029119,-0.6272197191660791,0.11659011802872955,0.7359054695457963,-0.43680656921820876,-136.37675646570784
1.3472335296920719,-0.37241080032070245,0.6358804757354027,0.4833093591058788,-0.05860739232528052,-1.3802266570364938,-116.01830258621034
1.0891532099167962,1.4881122559526647,-1.2166559206070846,1.2993070241092632,1.5644899917067985,0.5326768003335111,237.27007497578805
1.2692201921076625,-0.6541698111207157,-0.7788811473997088,-1.5025338349960236,0.07995966621665647,0.2050830521605382,-111.70180124084762
-0.7663900738826182,-1.0941687055832883,0.060936573064499136,1.3744520069682145,2.6606840159051113,-0.42128582836043527,100.41274299915028
-0.20100660743855572,1.4761726784521327,1.0081028234322387,-0.052385795697098794,2.221059350201675,1.526754550498445,418.1533668754815
1.7501814636058473,-0.8443557273773453,-0.8778152952752357,0.9494854653824628,-1.4870835550909578,-0.24936309010033958,-159.17864835609532
-1.5096698867952867,-0.3239639138853568,-1.2905572414800806,0.6448566357545652,-0.45577626370722296,0.472862208802312,-98.47201003850323
0.3205880836831238,-2.262011248118137,0.7976203428611837,-1.1931746850535865,-2.3481129287265032,0.9718156168797701,-107.78029034112224
0.5324097268996011,0.6492486032424982,-2.262690822837988,0.5067370023621404,-1.9221488580931605,0.16977457880888777,-206.12215927162174
-0.04209194607435186,-1.5781148314059101,0.2638293796453615,0.5068823839510588,0.6548534246099869,0.8651614099974304,78.64762880770277
-0.4213632914791579,-0.8779573242023143,-0.053000517108121814,0.9417017852059285,-0.020916670357972657,-0.9644343392154412,-102.41605364389946
-1.0169578885936015,-0.2545390845768065,-0.7360509745663226,1.3349622602968296,-0.8132246896062213,-0.849399351185538,-179.72170103950543
-0.847361189633161,-1.5403328088702697,0.1943352061371932,0.913787649246197,-0.7752275324028393,-0.2887631333048896,-159.44665502126526
0.6320598695558444,-1.753132673923038,-0.6201389428799797,0.7287262994081165,0.5647844987518119,1.0678281752879981,112.02508051099346
0.8857207909567721,1.13384965293893,0.46460753091545776,0.5920853746846599,-0.18820378283545516,1.4351449997622752,141.87285647842265
-0.7099697045647677,1.897072592140346,-0.7285929690128555,-0.8283741958665335,-1.5712803282940007,-0.7789793490407386,-234.8906871289346
-0.19030160905352306,0.8680691436784758,0.16272705898066048,-1.6032001365189579,-1.4233512689235523,-0.09136515874841451,-104.73656728334817
-1.5836259131270245,0.9778472229854811,-1.2206758856222204,-1.3576862787581292,-0.4776048427465601,-0.6169097683748553,-183.84390249429103
-2.5400309619595607,0.7422540177583816,0.9537988092894274,0.4070670020154626,0.500244187018916,0.8049735914311112,114.82224668523558
-0.03771450090790569,1.2723771071378447,-0.18835261413785542,0.6491732630350304,1.6769302791401175,-0.1600653716510492,172.9946640243029
-0.7298010631939146,-0.3126345045108305,-1.249182113920965,-0.771619388441145,-0.22947620159822224,-0.7111481749947419,-140.2212587151312
-0.7468523438777774,1.2204146258502513,0.527485216031052,0.5275020561859977,0.9889044257211017,-2.4959865667403096,-110.20740377375415
-0.08805283591635688,1.562243105724646,0.6855784045965991,0.0010723669434354688,-1.0865351739855897,0.7731803083712557,7.250808720301563
0.5563119476491515,-0.8649350617213517,1.489515452295382,0.16551353776529895,-0.718130712206729,1.8384568815875124,114.74838783368395
-0.6838800369346273,0.1035830464974582,-1.4118241884838258,-0.23780718546501745,2.100313256322523,0.17723045283115174,112.76914334859669
-0.4675601350334921,-0.32441674293302225,1.636878295967353,0.6612021650796662,0.9849768476961945,-0.9097546919676034,18.54597895423132
-0.36288203245650086,-0.19043153034859683,-1.3122811356630926,1.3149951478551556,-0.08666121422378703,-1.0496313734403178,-160.03149549897344
1.1681960746655962,0.20923069315984735,1.0878146335719199,0.17657190979141577,0.23350927914191866,-0.9807932268270209,-113.4496298542532
0.2943979800739371,0.7373938269319091,1.2330757493967675,-1.1976885095382572,0.5314287938562896,0.23198697354223058,132.67751084618806
1.8687249346621482,-1.1247016269263057,-0.21471608483440902,0.9315017851653284,-0.029376665538959356,-0.9493869952689169,-115.55102652056746
-0.26817143027415985,-0.7960230215481877,-0.32317077784585035,2.439468464281426,-0.6114219302960393,1.1117669357923805,146.1440154401409
-0.4045699270909208,-0.08626789852052968,-2.9128733058803356,-0.8821548071195849,-0.229611858465797,0.0032764960424733086,-107.12474226218522
-0.7023625009112361,2.3181901934272844,-0.8811200495342144,0.0836869477201967,0.7524301814916594,-0.07224370211858565,59.154319432266874
-0.810312953195277,0.5526052658538775,1.110940402252709,-0.8828961980978087,1.6347061070598792,-1.3185546252541032,84.62333139572432
-0.6649273301866688,-0.36027823634423173,0.027074520894480397,-0.5931366665908087,0.4549973394756025,-0.18182134136529884,-23.142578165398668
-1.181662080687681,-0.8922020113998069,0.9255540623970149,-1.117501099375662,0.04525204971841789,-0.040908742451111264,-4.811357598339704
-0.2971417604142669,0.14553056379925752,0.3803970064506218,-1.0945410437991843,-0.45400197646575735,-0.8833317507685091,-118.30214934495234
-0.7005511056527473,-0.8927615200862496,-1.102906281217896,-0.9757912870917996,1.9377230114464252,1.7884028049371776,138.6768214191565
0.04676984012195782,0.9888972594643783,-0.5519427026403259,0.9094809889292996,1.4331782377850055,-1.556630083587043,6.8094511939500455
0.03115540724888964,-0.8121914509065374,0.912680505518197,-0.1875393053279799,-0.8499031870767866,1.4029787052226006,53.20608948359089
-1.5317557817033056,-0.58154531257115,0.5170466419295666,0.16148286477514953,0.5797680871680401,1.5214136259116298,112.1029959203428
1.1327344308310217,-1.2050932121204196,-1.6576051025340652,0.16786331263759036,-1.1433708613371618,1.2441965708540093,-55.90590824823789
-0.3546666745060932,-0.26630927301410556,0.6465314505137606,-1.7427799280920406,-1.9325404412702811,0.3032483213532875,-169.75460185891018
-0.49586898684613245,-0.25853657687247894,1.2497930544127713,0.3287773383690838,-1.8981198294305641,0.4705681610208819,-91.66185100941603
0.07578531373766437,-0.2413085256243132,0.18097514443338364,-0.47405085279848125,-0.1993775747369534,-0.0651343113601271,-8.519385258260119
-0.2856414023756952,-1.13479957884025,-0.1716658139972495,-0.5088376535610669,0.3246167719002524,-0.1276923832950343,-73.36263822054443
0.7359878756962145,-0.6724048812329776,0.01875149019471953,-0.5935209485494329,0.3127325420435461,-0.9113109939126827,-3.7282591013651967
-0.7963858696710177,1.370607875122677,0.030313133473610893,1.8210268594158934,-0.26919928183221964,-0.028861723926213192,14.258753458974908
-0.5732889451873272,1.680800251544778,-0.39706594104688314,1.0356984992134413,-0.6287869408325911,0.5244536032148085,32.77379252646941
-0.3847655768815477,-0.16633711962909642,1.3644189600634686,0.5255173272736353,0.014047680983710821,-1.0749742720650133,-126.2218000393836
1.6857311272424473,-0.40655852101111756,1.1521687909141554,-0.2810186116024219,1.1184272532521475,1.969839320975534,382.866168142148
0.39467173637380404,1.394818907744948,0.2851729376938876,-1.711785230662323,0.9919024124599927,-1.084159258790312,87.2515207776501
1.0031353058579588,-0.09846990292471508,0.21087042535510553,0.4273486705589777,-0.00983876107458088,1.0289774569504364,76.04936089139603
1.2356839575977179,-0.10208075109467082,0.4477591491233742,-1.3642513906936058,0.7313329445101682,-0.2937982252737635,-12.520241150715925
-0.08396189763334874,-0.5486447594832224,1.0988648406495622,-0.538384975922986,0.20545582024406356,-0.45815137941599193,-62.89724110347578
0.7617080081728316,-0.4237670502756409,-0.8894950471406361,1.6658658260374022,-0.4746888786068764,0.9514655303089762,82.58990446291473
1.0494125480892287,0.7059881221748168,-1.1969481459618727,1.1490508851611672,-0.30987903129490646,-0.2688184678248251,-45.6787295717916
-0.15089100306374886,-0.15443555522942734,-0.1195725159029897,1.5681328143860398,-0.3683632502352379,-0.363437200480427,-36.67775583861571
1.626196286804115,0.05554970820715005,0.02725972569770598,0.013358210245902426,0.10187629582714566,2.4035812388229028,276.9432749815528
0.8004336694938122,0.13604665009131228,1.1915078072980096,-0.950318659235292,1.3141816057820472,1.5981503601711606,253.13809109324686
-1.2070133219083157,-1.018185755319006,-0.7437735890656673,1.1973076762950365,1.6939281801014396,0.3463257080133178,64.74634631544845
1.063475519059048,1.6902367435546395,0.9340172995522773,-0.08008489406062684,-1.1307710753034486,0.18327187179747204,126.3126180190926
0.8896110282060989,-1.2526121712979683,-0.5954500052641218,0.07764823130534189,0.2956249300095179,0.11608518974834195,-59.76811791185862
1.76337149812941,-1.2274488196600548,-1.1414374753390095,0.3903932745829413,-0.690799894694775,-0.4670158414690409,-111.50843560379997
-0.7639445822443732,0.2743795970381447,-0.4855847128398515,1.4760249640745486,-1.522753518114344,-0.36336839453233816,-148.4405182834817
0.8853631745515838,-0.1972464027104641,0.0022604069953085005,-1.3033258418102143,-0.18335202893292749,0.549129531872422,5.847059795585796
-0.4664383213051162,0.8957677297429826,-2.7310829823265874,-0.4820418540753587,2.0357096921479063,-0.2153198513767314,125.62939366031621
1.2986594864015018,-0.6650135016618818,-1.9454228524395794,0.022609256587439414,0.6798137378148786,-0.15409123734088837,-39.42487716501258
0.8681350677191659,-0.36670141111587806,-0.34687921461885035,-0.3628884049690538,0.10133340266520523,-1.5285239491749536,-148.30176237130513
-1.2545471634993466,0.45901383985112243,-0.21309722841598613,0.12174204955597746,-2.131910945544581,0.7934765058766478,-108.33483495711434
1.1310777068544906,0.5207226141806431,-0.9550713230649343,0.7406343009401402,-0.10638742209567953,-0.02371047153604293,40.19804622022069
1.2326736864623382,-0.9591853794978827,-1.8296263019520855,0.4816486711195344,0.8872906910058701,1.8418305934348038,147.12856702487184
1.2030547813259707,0.4654811119134079,-1.39386461895133,-1.610633818036103,0.042896656886449336,0.4510005067906367,90.85551124563325
-0.22629376896121792,1.0532504886375174,-0.0578808896931611,2.4455440061960276,0.11834292628874113,-0.6425273344998433,59.18369914193306
-0.047954361908958014,-0.787064729150872,-0.24149309951419115,0.9677459706285899,1.0429941007482633,0.31889655403743067,92.06217242770222
-0.18008938683486594,-0.5458297631199519,-0.23511379478988076,-0.9116627822153336,-0.0951356311662607,0.45500028764491013,-5.586933424454211
-1.4134983828798897,-0.22502245179486946,0.9491283562293433,-0.05025726966345445,0.5326105422622265,0.8041744374029379,105.57023238359656
-0.12027932195830722,1.5735638899034472,-0.2778395357881512,-0.6881796152344917,1.8133964568128256,0.45947163776340383,249.61391742006836
1.3148125177752323,0.44325611327661346,1.2796620114669188,0.4562152618008494,-1.2304638599389326,-1.9635832170764462,-133.39184672480013
-1.8852583472452933,-0.8547586017890763,1.1689324444677986,-1.3113456150151024,0.5518990530642802,1.0233968317155069,114.84341431894234
1.8999229651898266,1.138840883451254,1.326396676381678,-0.6944962121344019,1.3868447151324996,1.1252797446365561,303.58575548917446
-1.3506610352372812,0.05279067603160672,0.7120987194587273,0.01468845424633493,1.346595912967989,0.18054659444599047,132.25703792731082
0.13722024458294851,-0.529192081147728,-0.35727888509818195,1.071551162765115,0.0820724869915667,1.1475160126491974,109.74714404650082
-0.20748319594131787,-0.03516713086651424,-1.6421250849906859,0.15871584933224894,-0.6037890614650845,-1.1048914455506424,-288.04974828323645
-0.5538241433365877,0.533026259904114,0.11820897655356925,1.4915322104701723,1.0735577212595346,1.7989513492019673,193.8969192583416
1.7369927231565438,-0.4033483665113565,-1.650161771129028,-0.24224808473780327,-1.1018242526466897,1.4330856591547199,-46.43121050712981
0.27223091600988214,0.21632639879544496,-0.6558268647224378,-1.727432660901423,-1.4859930596675675,-0.6550625175294444,-182.48239127768605
-1.0223013218581947,-2.488366605938681,-0.36638647056019147,-0.9175047380385094,-0.07095487532515242,-0.22442868819711492,-215.31789956627557
-0.4361813544718414,-0.2745208958320161,0.48999934367068093,1.3788662360248305,1.0020267793911755,-0.6687075111232637,-29.610378675034994
1.1999622845971936,0.4318925979815639,-0.25304642277259404,0.7917800963687562,-0.9325093860689413,0.6704196439390019,15.858113984510815
2.9206190519849256,-0.4756602090260649,1.523600199997306,1.4414262661106174,1.0566501454558492,-0.6202637494890012,172.99495331678455
0.6042607865461945,0.6173885169070783,1.2284497327682191,-0.5986225319839404,0.1867326719748081,-0.7798878493799436,20.644480778523253
1.17003398593771,-2.5037677072612485,0.30979560982387677,0.6334757331068647,-1.657599769328328,-0.3326951672831447,-108.33941762616028
-1.0576259937254724,1.0594659508462991,0.7050959134272647,-0.9958012793877655,0.1810948619700653,-1.6838725968965809,-79.30982886251927
-1.1116558476555467,-0.7326246848617424,0.7818968665712269,-0.7588806747791544,-1.6246697332218603,-0.6554883058547947,-207.39317364904957
-1.0385086265176662,0.7571398624305827,-0.44833701721225705,0.14381074486065906,-1.2816383708310863,-0.2852710952397856,-110.27282412932186
1.108031301333812,0.377507753575699,-0.2773666165007748,0.6224672246561401,0.14175750847900967,1.0349392246947267,169.2612278691131
2.396492930466165,-0.8006143160089229,-1.298148191040911,-1.0089489958022981,-1.0314221889172046,-0.03687661637635574,-155.95899748381214
-0.654790544168676,1.5284508667798578,0.3700337102325205,0.9084721571034504,-0.10209845538253107,0.020519281388330795,51.439420389815965
-0.34013831250715704,-0.819428415899312,0.7988586721961487,-1.8246876990720988,-0.2726600939740797,0.567085214850587,-41.90889177864873
0.7834275163392774,-0.3244329122600475,1.629843717889313,0.8924947995119127,1.1458821762140567,0.1373061385074447,249.3924971318798
-0.968602489716958,1.5598034088981962,-1.335411146612597,0.03582343723888709,-0.10863887792275813,2.279681050017937,305.9280927824057
0.49991083899288447,-0.7842224759696892,0.3585841087520114,-0.9651164819994644,0.6894843917911156,-0.6007029936519002,-116.05286719065546
1.1329336800616636,0.3274439592916156,-1.3036347102824197,-1.3897617222002179,0.9471746882035711,-0.18329449308791756,106.47322868266284
-0.9947761420527561,-1.8643673753218692,0.8481336843657045,0.49331917419180005,0.2406906178706607,-1.092897260043292,-149.3205651564715
0.2147854150008029,-0.06446830958772096,-0.6437354266592551,1.2570803171063332,-0.5542871390451565,-0.03812191867877188,-75.03892680867646
-0.1455288922724898,-1.0918323105871157,-1.6389766003928696,0.5720899507751566,-0.33645126387634455,-1.3759735586253172,-335.6756097672904
-0.4069241248382657,-0.2531993621326394,-1.4264656163196359,1.3217620091920208,-0.7366131118297524,1.0498168494259306,-68.84984428971748
-0.34564039461911733,-0.08251082742426119,0.20462300585493803,-0.050219770917690816,1.4629915079138236,0.5027521410328871,134.11929762552103
0.4972022425138685,0.42604836488879666,-0.5287009451903706,-0.5186796411741731,0.14794639626225606,0.30107527161255077,80.36843099462195
0.23692542331014488,1.3574729101362462,0.54382037228462,0.48592428701190254,0.06142317065851248,0.5338968599467946,155.5160336019488
-0.32710446370471546,0.4936346371350694,-1.1031152811033325,0.13621420041365848,0.15554277316601614,-0.9391143218946563,-142.4001259976843
-0.8896305969472706,0.7715288077427168,0.430389936256056,0.6884986292433071,-1.2856935129607014,-0.582526832551039,-180.39641136753704
-0.6696982858196404,1.0917107538094413,0.08733345946596681,0.0817154588618376,-1.6924455090134256,-0.8443278605053608,-180.0868890214796
0.6999176413086792,-0.7975118292142784,0.4076061732442569,-0.8616165780925424,-0.23979309727330753,-0.07465040201999243,-101.14645765722611
-0.962600058228714,0.5708670863800321,0.5510702934989342,-0.9699873738351968,-1.305868159326975,-0.0593886072307596,-79.7616244268972
-0.8451627013070012,-0.1809485755549508,0.5113491025677891,1.0559994752923858,-0.6350078666762516,-1.0280582258958089,-101.29965232972066
-0.7042295489252238,-1.0761712322279762,-1.0271561437662748,0.8450017207896864,-0.7247370224965333,0.2913919710222561,-140.46251002184948
-0.04026550734486783,0.580385334861487,-0.6005069573832453,-0.26433327289151104,-1.7049894654681492,0.137391714631107,-106.4518103712992
-0.45882034512431796,0.6634753360291866,-0.29893337212881,0.9654225229299949,0.8595844768022788,-0.031025433465079404,129.96257380996798
0.19996346748112076,0.9566502053343765,2.893323687590202,-0.4573403262808534,1.357722514449162,0.3002515269104867,352.91570359159846
0.7278863241284185,-0.8637839255241544,-0.6706604171617119,-1.4685661614822505,-0.03563671129189269,0.25274416662315385,-55.06442254762866
-0.19151863173071157,0.7507894352093729,-0.5867079438525097,-2.0131367040582093,-0.29843047233711056,-0.1530218203005353,-147.53298639651368
-0.10538797238823745,-0.30679004114276365,-1.6650852245003762,0.35432559764627564,0.40560840819533384,1.1486761078263406,122.00504263261021
0.8121612000482099,2.4725577298565127,-0.861254595364157,1.0639312044118514,-0.8293204663148642,1.2971822184087283,231.53441140381207
-0.40242344135895053,-0.7620253972043791,-0.6428759497955668,-0.6378667028480234,-0.6359118523475419,-1.0806521059372025,-234.24459964838871
0.26314640019985613,1.5598225568578548,-0.3206271707643266,-0.7745885965527998,0.276745823683404,-1.6444099372379597,-80.66066792519803
0.9251517884438145,0.8586223124964303,-2.8871887569169257,-0.30900671155159337,-0.7560731814762267,0.7130607019106616,-42.64153214731795
-2.0470780632464978,-1.1410501875779928,-0.09631627654696401,-0.37737451312004877,0.12078474282716836,0.22098177604323155,20.74426578387414
0.7904326630704238,0.46521953341716415,-0.1453765060981526,1.005057109309823,-0.9872608173327166,0.9250604503146133,84.56717506938398
0.7839584780251765,0.984013760118773,0.24102584889837986,-1.4446427320478712,1.1006335525125015,0.4894117057805919,142.82593654934757
0.7224996881584403,1.1665855514995491,-0.408416697814597,-0.7809665822266535,-0.17263649947066892,-0.17666052515381794,40.480929009800334
1.3571767314554075,2.129672971630392,-0.9495123820275103,0.8914969191812772,0.12067825519006095,-0.9747259166084552,-8.211272124231158
-0.40271815232907715,-0.4856950018055089,0.4503938518134012,-1.0492677199440674,0.42942172957942665,-0.641440024805676,-12.066891736406042
-1.0781588313521162,-0.4537932873500344,-0.1129298005440324,0.6818647593579007,-0.5624278166891127,-1.763246045576359,-252.40118904025903
0.5405077244926334,-0.23899382982944947,-0.06351655066672013,0.23838183235519,1.273700702046069,0.6264200226958154,197.67603692003087
0.7863240806942269,-1.0028895166035414,0.04704468051823843,1.5100081280196787,0.48422988043869103,0.574692424406094,101.18604334200356
-0.1780716640705705,0.3548294977902277,0.23662141300532713,0.059865068717474636,-0.6507897149722838,0.6703768210967908,119.01822836148216
-1.5072622994140104,0.27233350424640773,2.0424795058668277,-2.1882961783005612,-0.13600536353580298,1.4061940074707462,189.55631235245286
-0.8712934945046086,2.309316424652584,-0.08721299441281445,-0.02293453828750372,-1.0481458615941015,-0.22651570440726715,-48.99629352287301
0.2212849113579376,-0.054875073388133855,0.9400014399147726,-0.40741943934591,-0.9179533095667748,0.2984253537150747,62.906639405728434
-0.3348390788966499,0.7658855078016104,0.840453674158658,0.6953743071787414,-1.6294430938849123,0.8061606630207195,42.23431862049172
-0.5592390187075142,0.24169786004506796,-0.6081046479706335,1.54924688881998,-0.31565764604201924,-0.20522480774652227,-46.629855384071845
-1.480422550264859,0.7228023901569054,-0.819595712259774,-0.4203633779894223,0.25519479670867795,-0.12504680478779379,-31.2511261181882
-0.3129093665378099,-0.6885335714146172,0.15839115580480806,-0.10760973539856732,1.8091949362328321,1.3313373267352893,249.71327116944872
0.10728826881905415,-2.0386662356243908,0.8299854001192225,0.4347138646563775,-0.7522361085067841,1.109812723215008,38.20619487120316
0.302232023662445,1.193415165605793,1.7201020409145356,2.2706652834637837,-0.02545957783231221,1.321766602490534,330.99335563239896
-0.8743801099892355,1.2279075305386502,-0.5609073773599116,-0.6386464501975698,-0.8132567016349038,-0.6821747777561009,-56.371730373996414
0.5302863932856425,-0.08396203738557985,-1.452172170748546,0.10405676810585444,0.5651102964897482,-0.4916412137257999,-38.62336159897884
0.7968779423731829,0.3280876514767464,-0.8742791404714895,-0.10206349662001994,0.3289820623581474,1.041848518642975,41.05594030415631
1.1391131934989722,-1.9075379383531883,0.36343119538218066,0.12061770012520365,-2.195784869905989,0.9485242080194055,-152.93498730110923
-0.8615194750661304,-1.4805343500847374,0.9258637422093153,-0.8306168309914677,-0.25612693326740527,0.5815446090058215,-64.74264911214661
1.041137737051491,-1.4579272629417894,-1.196044436550966,-0.332346082819544,-0.21286377004137558,-2.5160135110614603,-336.69124981787905
-0.07558387746716513,-1.904601699635826,-0.09121288627296062,-2.2602935428778745,-1.3312123758534233,1.0833733124670393,-68.95959756096559
-0.2334496949048561,0.5273350297403279,-0.1486288527216129,-0.34317838135529405,0.31420564102458515,-0.27531760497989527,-21.746514926619394
-1.4534374974032518,0.45094186134005504,-0.11818956866024397,-0.794909359093258,-3.7327016308621785,0.16106646766860644,-377.6450613783198
0.5211670955577042,-0.3097918889097596,-0.02244299378880273,1.2763668584159802,2.001574733679691,-0.29230548347170776,216.54722793174676
0.5982476845720718,1.5248311613959153,-0.5013310543685305,0.48476075314567063,-1.3524889035215646,-0.38992900888000326,-103.81822049112264
-0.5742667927769105,2.1147890717568107,-2.4139546052757104,2.7620282153153113,2.110572528353759,-1.4200245938096367,119.13416978224117
0.398505732241001,0.5849949312178648,0.22883393369074878,-1.7127404579896746,-1.1693800199662308,0.6038693011466225,4.595351409712791
-0.4118192914838507,0.8251867853447231,1.0052459278938497,-0.45617064756743325,-0.49609097106584027,0.1845214085464498,-23.028904331499895
2.182000585851589,-0.4778775944820782,-0.18618695273426766,-0.7309943012476915,-0.8366040464532192,0.3882812924190334,-91.34318627913264
-2.3420675646440716,0.408662786896966,0.10725153570061385,-0.5701272361720892,-0.047696412688726576,-1.1726391117306747,-133.64391400836712
-0.05482121016341283,-1.0875020297244655,0.7028060016208403,0.9645528428365049,0.573941166723689,-0.6315863109806356,-52.27855248277241
0.1823461605941541,-0.6819938429012846,0.23349274698214828,1.4676463844403627,0.326431545703866,-0.8154833414677234,-68.17273669452878
1.6738153800702478,-1.0044366142785555,1.3060229082421257,-0.8638097737901261,0.7015495306552828,0.06909054860884838,27.449391582734677
1.1589829396320384,-2.0324982255949715,1.0942035823951002,1.5984272621829272,0.771341907264001,1.7318729441248242,223.39669096366785
0.3359879019030955,-0.9640846003989437,-0.4833704932953687,0.27794172930923544,-0.32426511705529565,-1.0302635714284385,-146.62249474710802
-0.5640525475096919,-0.21010994481625644,0.5240442932370298,0.5717240145531407,-1.1367672092910341,-0.1783171912943169,-47.440523110080505
-0.4996408579760371,-2.063548151920507,-2.0052299054560017,-0.752955660612962,0.8421625649060394,2.5642576987054597,74.53291246916939
0.31202772511011995,1.9431250623040746,-0.515441946547425,-1.6604044703513325,1.6442418583675642,-0.8549650782960972,124.00993979346097
0.417668105036518,-0.6571557034775527,-0.46945721637763893,-0.6904070030711055,-0.7438661823039316,-0.41357984047317037,-197.98570448014726
-0.5251397568703847,-0.6240300190387604,0.49087865659093277,0.45638057733031784,1.6478913387772973,0.5675834843854699,237.9067389996058
1.8450822299276655,0.488742213459073,0.9974170439385238,-1.400670613664034,1.1252281370315298,-1.7860903366785554,11.323963789766504
0.24147260613798113,-1.608540380196375,-0.427875914142184,0.05099966134672105,0.19057322659122622,0.647890960011373,-13.938716415982562
0.23088172302445578,0.2211547646426816,1.5025911976828017,1.1349505636176553,-2.1184974884853895,-0.2824192111435375,-27.433135878919757
0.49653250095250584,-1.1103738487411834,-1.6316932934269353,-0.07001171804068745,-1.7459426771314237,0.4937719547673305,-97.9120512642712
0.7190050172428052,-0.33536925185564964,0.4540775419184109,-0.3453249051918883,0.23256147593309018,1.3248592829820272,96.26790228780897
-0.7545924701581449,0.09766696407179924,0.09534972980935917,0.28862568945467026,-0.15313229772415615,-1.169170916749724,-88.47279040780217
1.4989668075388993,-0.5825228827397055,-0.4068240560000427,0.09970534061793287,1.962154213475734,-0.008358768723745639,188.37200416823555
1.7127333390027568,-0.6939297650698445,1.5694720662463415,0.37284698539431954,-0.7610763896676362,0.09222839429893274,80.17791233498626
0.6448785557598239,-1.0459494414881287,-1.2274039990424797,1.3401786788212473,-0.5198128901502678,1.0432776318248156,-39.73323728875692
0.7038106020122733,-0.07699972066208605,-0.06810197803616683,-0.38522253614147284,1.2469298004018725,0.9469443688461058,211.06391666281806
-0.6585204748306173,-0.1773519357447717,0.8687816866547525,-2.094559129295799,-1.1615202306003223,-0.7288577909633304,-197.33262396524663
0.18482987970766887,-1.8658641203445574,-1.4338264329622241,1.0259233607122544,-0.3988016029255978,-0.32743280583145773,-207.0885593518864
-0.5206087771102749,1.1780550710143767,-0.6907764976096209,0.2709660398777333,0.255061777344549,-2.13495057045009,-182.23132505205356
0.9803186902246853,0.6947842508432762,-2.2217891302441397,-1.175438024528156,-1.3319446269488666,-0.3811999715225396,-180.73517257003533
0.680832449428192,-1.5290449166037103,-1.78338099709973,-0.4984068526722437,-0.43932420168199354,0.17777407567231748,-152.7396169189543
-1.7829312302389695,-0.034215353412997765,-0.6648431604983464,-0.6467167462488133,-1.3854921750001645,-1.5207650711148737,-268.23866542038905
-0.16009592219829488,-0.42139783850859697,0.2378470414161713,0.24676709081401924,-0.9895995624181844,-1.2198547122151056,-189.04678557769228
-1.032123312602516,0.4920251073463481,-0.1810056089531473,0.13198771026301426,-1.3898605200468162,-1.0325913853756123,-306.07179412990774
0.4429832528133844,0.9744820174465775,-0.26124306874515163,-1.026761912657692,-0.7872360601663347,1.1736268479925909,77.90178862387727
0.26307416461722477,1.6615760537239594,0.7839925018967262,-1.3016319622656634,-0.1746763505664328,0.47738309213867597,78.42315815587065
-0.6695644569826422,-0.7827079162179993,1.0177047318977388,-0.5550097464085936,-0.11246527307992886,0.18456858920948302,20.24897533521871
0.7043328096188449,0.8830164905868169,1.6452420127881295,-1.6590717073060606,0.7547568032112862,-0.43573427822362026,158.98562807528126
-0.12798847248984116,0.2576607645731856,1.2893141668196577,0.3984398594814138,0.6932449404153279,0.40943744429724865,159.87389485012582
-0.5245321654747633,0.42846047450534946,-1.3119304423184666,0.6448891283334577,0.2664895175260516,-0.744043586502068,-124.11576356894571
-0.18473571944536582,1.9743026264346455,0.2510607990464685,-1.0726444963162673,0.45166991285920355,1.2873543039180926,184.82884760062962
-0.84176964995996,0.2907707729845744,0.46934362987744543,-0.9218036692188611,-0.179132709142888,0.8449947793856376,169.64500945381678
-1.3294229346037496,0.09436039357433694,1.103889236531885,-0.8495359627058042,-2.4570274937926944,-0.33422364675436084,-252.3758193914682
-0.226769453791376,-0.570138464335062,-1.335230215433947,-0.09204505545621695,-0.20904529188207,1.3457227372758294,31.84371020714711
0.25601833736319846,-1.401403206181122,0.18320695600725193,-0.29756936798870304,1.6625045824507156,0.370245194329724,86.87529030798946
-0.782300797195599,-1.043516032240639,2.0174017123163646,1.7559971052317447,-0.4842674832305328,-1.2344238295302317,-69.26106801759747
-0.21822838825968036,-0.13972552334450558,1.2879924993695644,2.0410938938205123,-0.22913829799637536,-1.3711518346129214,-135.42593465594095
1.7631956313757227,0.22537215904504784,-0.776695572594265,2.4316581941673943,-0.6647400830826997,0.1242543383925882,-0.5765608575019492
0.7920522865711326,-1.4982897170014597,-0.39000353588646114,0.37515039825905716,0.17809738964124044,0.34917554367524783,36.33476911118231
-0.6065131719797844,0.7266252219839793,1.632423660475778,0.7273859081530235,-1.1746061098563372,0.10124388728040323,-55.23898897168323
-0.6589965426510859,2.5256104366839875,0.29669760392118744,1.3893174106581019,0.8142801618724105,-2.100728304684864,39.07635295356239
1.765689185712617,1.9037832118524618,0.5986629955696727,0.3937110715463921,0.5497036055141243,0.6688958283692219,297.78863341982986
0.1700671174034902,-1.296016277705723,0.5236601643429342,-0.12944325321913358,-0.6711711023449114,0.8468690067916889,30.112208892383727
2.623701485174155,1.6094854632971598,-0.1259410103021591,-0.6373978738957552,-0.0408682280651279,0.18698152102771226,168.91793521703818
1.5892319867079112,0.8722349157654069,0.08373459573652763,-0.32210710024085976,0.22747413592073623,-1.0125402122813767,-53.98663832630958
-0.15226034710640832,-0.4855097695567291,-0.200273161022929,0.6468218814284126,2.456775492090934,-0.4215729357993246,126.92882857084156
-0.9322394476709017,0.36162369024034086,0.14559002327977175,0.6690791500193508,-0.09846452557932564,-0.7495840803751055,-82.37872808962119
1.3741163491285342,1.007728821049851,-1.089778897756633,-2.1318822692443593,-0.6313012352246805,1.0912359897813284,94.93349071656476
-0.18934426918117517,0.3934977028870865,-1.273027703721831,-0.07391922342852354,-1.161699490034776,0.5446941885011639,-93.60190577408983
0.5296942980414572,-0.7239862622536055,0.7179670249536196,-0.2945621527075382,-1.0055952362537863,0.01849112897033642,-39.032070869002695
1.2592912027803613,-0.6047177992487655,0.22448799389491458,-0.974999223357572,-0.5899910371798303,0.7173741135818305,-9.220986869736514
0.5219922292664202,-0.8099776154633177,0.5660492068056169,0.5364275975841902,-0.9786957661816874,0.4384569233767936,-87.74556814693099
-0.6778619267067282,0.1605265242666338,-0.14893980220495698,0.013547348720126846,-0.028910766715287917,-0.3223322637305442,-30.140473457114474
1.2491275290081945,-0.5387251251716028,-0.2876362680548317,0.6493419542528648,0.0478992766291863,0.19547981000418665,30.889827635022574
1.8574176209995765,0.10382224101916228,1.5266159356257551,0.7259507994361829,-1.8017511522658962,-0.3809079835753331,-47.528437906936084
0.1051321331090091,0.7899455666371115,-0.4650763186135826,-1.332274342694216,-0.19005166920828775,1.4346105879876363,109.8468233686808
0.8804790498856649,-0.3868792334238863,0.17243712642330444,-0.41375051838217375,0.7882011466012037,-1.3386705495983948,-64.0579454363816
1.0751917864045528,-2.074563666602688,1.1629261022223767,0.30483634873860965,-0.6058043746294552,0.2507934188321972,-74.03095783880403
0.6750593082579419,-0.43130310170802316,-0.5410988946660098,0.16124702583564107,-1.8024717794156986,0.7641502441452811,-155.09105527014128
-0.8782985047778864,-0.5619425001659026,2.3658586111677433,0.5952241078891055,-0.0667531506244779,1.886189497761945,208.60151933907392
0.03709922500153811,1.228443675527527,0.2778503683908111,1.1239035378844022,-0.9978713093306079,1.5497220944203887,194.91705865303928
-0.6837397162916333,-0.45958133238042903,-0.6314989378420205,-0.916014460117054,0.5275412994792283,-2.4710396142075077,-293.87214945287224
-0.5918650302842209,0.11599412982285857,0.6296109138322383,-0.9736484873279884,0.532230678998037,-0.018352139693582233,-31.136611699318465
-1.3551392147368877,0.4868954120999865,3.227118134334186,0.09036968764709868,-0.5843435682530083,-0.33401588894310386,117.46096551112387
-1.8450242383604576,0.08111289082631266,-0.08201427935654976,-0.6808222500453635,1.7547004262039518,-0.3564963635079317,52.947389151343415
1.6006112573817683,-1.5565519302717112,-0.09745143865607005,-0.12057861832722228,-1.980286443814056,-1.0889067631851836,-257.83522324252766
-0.0022326956625656623,-0.9867083569031356,-0.2839793280627057,-0.8676054275776047,-1.6827735831326311,-0.5923612017988568,-205.92913179704033
0.97837410518632,-0.20492062781414344,1.5978908640873881,-0.021166412076212587,-1.1275165105416363,0.8663545062333672,80.04673881427037
0.37952034632625503,0.4177653457965411,-0.3235748339650089,1.9478780504755895,2.4226406795939153,-1.1016324405088778,164.1322193437202
1.4838267923233683,-0.2925794959403595,0.5874234026227062,1.1424443446014432,-2.1391924510270095,-1.5038836381217988,-261.58005523969075
0.8549000830342608,-0.48876987400628047,-1.5891197144772462,1.5023042520747607,-1.6900765413466194,0.7930851783240511,-30.605890113697512
-0.5957217817281356,0.7294279306509031,-1.588686088035624,-0.32481114431375807,2.6463327841246373,-1.465552781874359,-3.205039668642492
-2.13016294808627,-0.22841834733832483,-1.4762170729545667,1.6609668269473277,-0.13364509284047152,-0.6401344969372784,-157.225897088637
0.853580525077343,-0.9727288418204995,-0.8069145812094496,0.40297496491631485,-0.01253924383953358,1.0292008980494864,94.21100865777912
1.034323550327781,-1.5210379358431219,1.059196092151542,-1.1307966380847827,0.9336584768925583,-2.234739191289667,-119.05623513823795
-0.8365694919982835,2.09940396994693,-0.000417141743546618,-1.0816453282500043,-1.5246102080577404,1.2548585676644421,83.2278134346124
-0.046878037775389285,0.010899158663624967,2.0246335772763846,0.2690214312731734,-0.04414632921141062,0.6186705587393073,185.02235836759175
2.0785232094764754,0.07812687325566355,0.3032248069089503,-0.8103479507235956,-0.8019223463329679,-0.06402525634452147,65.66182722683034
0.5588350351224421,-1.0874497065013944,-0.7021141135502176,-0.9873852790713852,-0.8438607964792302,-1.885802196314958,-343.8580550060202
-0.8309839291146717,-0.07914079695219342,-0.15393227517266944,-0.5561868659248905,0.6657293601955302,-1.7289541517880853,-174.07643210063333
0.1792501069111486,-0.3829647507372428,0.8815075016398671,1.2066332286066752,1.1785462529915367,0.06410789156669715,171.3854453401428
-0.40655098683099117,0.41320192151348706,-0.9385944953105206,1.3778554740152356,0.8739878298331349,1.3072046724223123,97.68994356968437
-3.2165837096603758,-2.440765727667688,-0.8415296388074891,1.011665571396717,-0.5171374600184329,-1.7095365944292746,-373.83422649982657
1.1783987275104322,1.2891324815294034,-1.8872073026704435,1.3787156010337303,-0.37385139749228014,-1.302605204774267,-225.05992803110476
-0.5762435424565832,-0.2983555893000511,1.0021110724057571,1.367317042212026,-0.74148069856468,0.6602972638250773,12.385507376694946
-1.3485608412915047,-0.9082049201288207,1.4002122275569788,-0.24872648829555702,-0.2534925863161414,1.2985763568853723,105.99578628472771
-0.2024916875310702,1.6389150930058616,0.5340499759729047,-1.1325270627138597,-0.2492842540319985,0.3737883740444165,156.98242648580657
-0.7514477260198891,1.0016735229075384,0.5372939268126745,-0.14937657456692613,-0.2279093661667972,-0.12344702839268107,44.46817657147643
0.25052127523504575,-0.40423241749289424,-1.2240518451199471,-1.2004778677889218,-2.3136024031077835,-0.47657356222195846,-231.50463557913722
-0.7095241564515431,1.0485466475645224,-0.49840302460676444,-0.556070794769262,2.024828366827332,0.42123030950367263,200.72208476907207
2.041481244538483,-0.6880231211945268,-0.684846907179336,0.5256921498638832,-0.8259228281526326,0.32145173876451566,-21.070306909021514
1.2806064362493408,0.4080264366545162,-2.2365250127695195,1.154157806892892,0.07374760914008957,-0.2545045102793409,-47.97845766293155
0.08044697240617052,-0.6707324425294774,1.192770323000107,-2.120629119066551,0.46625151943669707,0.5872791208280346,87.10562839572208
-1.3135561482688942,-1.0353525691423369,0.8328534357607362,-0.5913327946570948,-0.10642677100382981,-1.2763043530431952,-232.12183228339592
-0.44908238196442174,-2.2029171914229524,0.39273505542510395,-1.1404492527271304,-1.3567049460771428,1.1935008379561947,-116.71237225202857
-1.5394113956590452,0.09853276296518504,-1.0523568538440915,-0.8218173874206229,-0.8566995186863672,0.7520503155302241,-69.57622154112829
-0.24627077336544334,-0.6922489979792729,-0.45468153974957176,-0.5841994482534292,0.10516588277327496,-0.04271161277778631,28.86128247740774
-0.6734777210112172,2.9530226558322044,1.531523685477206,-0.29230370420998625,0.3116599662617783,1.088902424806216,365.17871551280757
1.7359551306728604,0.1266418108593091,0.6159661439204833,0.6266745105359232,2.20565192861837,-2.408374685273759,71.03557911777855
0.2815513145394519,-0.6184825213349057,-1.0874353198199005,0.713562307888342,-0.39305681228324074,-0.6060521997740369,-127.77634684739522
0.232572283505305,-0.6118868904754539,-0.1532550851967051,-0.9216125962412637,-0.8616247660949328,0.45670384876958203,-86.98336694936418
-0.033198613826673,0.024796602102310394,-0.6749643274302111,1.4523839527750866,0.020038077827811796,-1.1060896033679406,-134.56220530974954
-0.027480890937342406,-0.5663500504299789,-0.4996590196771479,0.1401000173963744,-0.376677921295043,-0.3446216271814688,-94.49251363585236
-0.16621866178811656,-0.39478176864347087,-0.016289012226392847,-2.2250724669359347,1.7504808835690255,0.992309264871802,84.86960418164546
-0.9143518230956221,1.475949147868112,0.10624495523019799,0.9078793156550036,1.0986689614703422,0.35584920955822597,191.37725584316536
-0.142549080448275,0.35533027466579903,-1.3863028369422932,-0.48456467719219537,-0.14581695639136472,-0.46678638460359523,-147.97075432468907
-0.7586354312112157,0.8025548190255608,1.4890646754258792,-2.116043907758704,-0.6460712954948928,-0.8676947995664572,-139.44719164420403
-0.157568741953955,-0.18596025803508293,-0.19222726253539757,-0.9399408313511092,1.8657141620614597,0.5404695878805014,124.40006975044241
1.0511367646636796,-0.5088846546001864,1.949204508876025,-0.7430594673637194,1.0185254892924767,-0.2906680911855388,57.95935864775887
1.8144671451644918,0.2369688620083859,-1.9932711396345686,0.8176459350003328,0.32242774290527787,0.9866144008500389,110.3951588036166
0.9142066115694858,1.146377859984582,-1.3145329529798706,-0.9230017277269463,-0.8084959638346524,-0.1334456140283193,-33.040864075644535
1.1072215446472178,0.5540776043905835,0.9892202473787362,-0.5034748118208091,-0.9622170763138232,-1.183329329134623,-143.96094769971558
0.0252379089728334,-0.5617755651075294,0.8742449878004771,-0.47714933957690087,-1.1138712576658483,-0.05270848316762459,-44.167888208323454
-1.1696480084995717,-0.7672790315610591,0.2376990348162993,2.188361962013421,-1.3853491027796954,-0.5461318517535548,-209.0018523461407
1.0785338341514028,-0.15366929084957853,-0.09316281789439844,-0.10139505352454217,1.643092903800791,0.34716981105854744,198.3195645197436
-1.5528091932100934,0.0010609438001498539,0.060955547152753004,-0.25145546026972765,-0.15789894569436577,-0.2657915090946334,-11.529102075942362
2.0065068205757224,-0.8851483393235693,1.2950511666384823,-1.0056968327552,1.2082337398748322,0.8416866227379656,294.38570232471244
1.0973251533703914,-0.7042617039000932,0.3575852485976823,0.2607498164676404,-0.8616117730658315,1.1194777761504457,-24.357975848770238
-0.15621038496784784,-1.1947270469897482,1.567165744753516,-0.13264827840437135,-0.15694754038361927,-1.5668060647156088,-214.18952586156985
2.180836046521384,1.9055176875256172,6.733079969560307e-05,0.10615085051327318,0.7264403784867433,-1.1169871081366132,124.88521628809852
-1.5173788914182411,-0.0378311320574241,-0.5637144250609148,1.0147502867248213,-0.9598138860352324,0.6229160513800974,-66.82491220714769
-0.3665832773326617,0.2259369561591074,0.7759085555165885,-1.4464537944006088,-0.08090392493640694,0.6147986601646599,0.1727731530667853
-0.23305376378552156,-0.897859140976863,1.0977005093355636,0.08283915343045517,0.04953166141491007,-2.3470994614601652,-274.1267413039496
-2.0282569716062278,0.5888010388490671,-0.797990871994163,-0.6876830851996868,-1.448313394660874,0.7347957481080999,-77.77484322186231
-1.0143047731805208,1.6993636934704381,-0.8196789065042752,1.17375632693229,-1.468329786807605,0.5285136244110017,56.26086696038424
-1.4135008853676903,0.2016937299879627,-0.2922527846926493,1.189998498199096,0.40565641618885,-0.5945888982773224,-62.29276400729288
1.923706822539356,-0.6470584905700596,-1.6672790586589605,-0.8943099103790189,-0.453140537710593,-0.9729961286064747,-234.5670376757052
1.3617750917516642,0.46405041149340664,1.3722527504054893,0.2587585361904945,-1.83960304189436,-0.7448729136060792,-233.7275535818414
-0.014379335707500569,1.0769966797291328,-0.15687960312316301,0.9504989606957726,-2.761319868821015,-0.7501134977473142,-194.13862566948188
0.5007873662799579,0.5814398710527537,-0.29888655614377396,1.5909715834240796,1.1168691469092018,1.714387245376774,386.72270281274467
0.5890768838769559,-0.6493648639453098,-2.4947950602320863,1.136701213765872,0.942599791693415,0.7990835411410117,-100.95360178296025
0.8077672174477861,0.756599666668929,-0.13071487274142415,-0.7006320583304033,-1.9444178559484793,-0.4864595523902162,-115.56688224946943
0.6163723222056873,-0.15396807316182184,0.6495901332660025,0.05185413037656816,1.064508954369546,-0.8783251526430901,25.67760801242943
0.10167405028013657,1.091266453871618,0.21620089203500645,0.7006348458701988,0.5055829473301905,-0.950548226890556,-29.90577403329368
0.7032585918985427,-2.1347262581365056,0.10354548616411441,-0.4316995809227334,-0.10195951139642724,0.4988589845064148,-23.64712609832829
0.27860723498789397,0.8549325133414436,-0.6517396486216454,0.23470097926857336,-2.441264243343095,0.428040908064665,-15.900504481886756
1.417090512925747,1.4819634074316077,0.6488350000061964,0.2970404372489163,-0.3853329932040278,1.3442804307167744,177.30402872303478
0.49518625633767355,0.10402067174070569,0.2769601200312866,0.5877408486539141,0.7037870093494242,-1.9402049953208598,-93.53557621755706
0.5695453501555185,1.343716419039661,-1.5827823478515182,-1.6321538445172785,-0.36264757658670693,0.17386984747794582,-8.193634600862971
1.0771239966153792,-0.9711859379534906,0.29481722029897134,0.19274466443024255,0.31104733364882853,-0.0024000912938845617,6.340321124119637
-0.35567898460349756,0.839313267162745,-1.0000276991090191,-1.428664589027995,-0.23618151955259314,1.0001834257327291,47.17960649018812
-1.3146089540346335,0.30726794727021706,2.2857767794137556,0.5257899960949438,-1.5899677828691752,0.538240161920167,-43.24859435997111
-0.08150305983395845,-0.09609605077146574,0.05071560845953833,1.1261055841137062,-0.15934498948844433,1.1700267345187685,159.4248579536332
0.8209591668356859,0.5338393953057164,0.6842044511994585,0.45958412687653083,-1.3657499388220813,0.1455471277431255,-11.127061043402708
0.0802484257456809,-0.5764140380053341,1.2629546301852186,-0.5210470746690845,0.3159936146376056,-0.1031317321755573,79.08633016560377
2.21124409580002,-0.4715062333614532,0.07236305597746813,0.27591540963299827,-1.374879534205144,1.3043085507520973,67.17605088842714
0.1252389657981566,0.649059603501248,1.483144547385769,1.4792687460407399,-0.06496702947703586,0.6593487014539409,207.43926464826183
-1.8552881332104467,0.2272373195917844,0.1984153257858738,1.7063350081954975,-1.1961061397465962,-0.6639590184292916,-217.11010310468333
-1.923282635056378,0.3089713944967558,0.8768376606849858,-0.16334599567975822,-0.5964785181198887,-1.256917698972241,-211.14758397949714
-2.690376817211944,0.6953663553813516,-2.4790994517935405,0.4655847364464773,-0.08601306459891495,-0.9813434589205874,-86.93251987411625
-0.916379730506823,0.24029199341086585,-0.13695700692577897,0.017279689923243635,1.4895834151137242,-1.7538384501641717,-87.93897891438571
-0.7027582096187645,-0.7072139627708222,-0.34199598042718105,0.0311324237235488,1.06661889240489,0.8267029753640165,110.32359692464996
-0.040968006897563226,-0.3204866133310189,-0.30376668377404126,0.3334038040214233,-2.4186468082192656,1.6243995652889034,-115.55736318920148
-0.11002075866624811,-0.4779614659575177,1.5255615822346624,-0.02938649057215899,-0.7391373408671128,0.08329329678092502,109.42277197516904
-0.11645308150788829,-1.1813196787528684,0.6145658210085841,-0.0812896762201507,1.1062450637572825,-1.1446754853574097,-108.27524661613532
-0.9282305511894501,0.1967377288896323,-0.14952750116018465,-1.265872441058149,-2.5180692868008765,-0.05918257902422213,-260.3224937967298
-0.678351926890828,0.002101266649620671,-0.28840618144537317,0.4721994251853762,-1.6484221274571909,0.2576210845034262,-168.77760136621208
0.23950172373409662,1.324359445895547,0.32073172009785,1.1007538441836002,1.2155174714626538,0.8801076245602801,282.072254494917
1.3064166928276577,0.38498863745238904,0.11025328940785822,-0.2871260885521221,0.23372188028662935,-0.5867091226147881,17.749637620469898
1.3505245790487792,-0.5301422986010409,-0.044484907766166586,0.15681948506778387,-0.19011602851480533,1.3908854893428262,71.8817277822323
0.5554112978446413,1.0242822689071915,1.1606322296205005,-1.0596226857967843,2.2109495046820524,0.7194950638954922,260.19141904088633
-0.7571773691104237,1.368727467271941,-0.13907912498996738,-0.5889293097091931,0.47337576347518967,-0.015620044438527115,14.601374140798391
-1.5522782661213215,-0.5831017934202646,-0.5866217272961329,1.8147555745393897,0.02611684733183135,0.5317165173526254,-1.4680169847106308
0.5011477859019451,0.4843782654219,-0.13845419611481932,-0.7259085489861371,-0.5372181002122797,-0.2298166294921558,-23.082361701940425
-0.5680705667439682,-0.7599110377279169,0.12204900598073548,-0.9352034021103041,-0.7821920621371544,0.26911917746875536,-107.55785724151751
0.4377098461188597,0.12161533339128955,-0.8196389505455468,0.3533852468880652,-0.6376734217484509,-0.45688533195940856,-45.55904615192527
-0.7483309902464468,1.194569487455628,0.7222674164954346,-0.5356223794862247,0.17234933579663222,1.341266385501674,222.028478699435
0.40277410673125263,0.4573437772109447,0.36596352793457076,-0.7830746232730837,-0.010718246329334996,0.16332013330322212,47.296824133338056
1.037446403375253,-0.10087409967905164,0.0530787555917113,0.012903028074780786,0.5713202325737337,-0.01065276379528796,107.8098852609057
1.2612448904928004,1.5544930527415035,1.6447859329188863,1.1957139883322903,1.2430811724500128,-0.03687046887293502,270.3223396395433
0.11969804199994777,-0.0447305998388799,-1.0558769006512918,1.2801366068333557,0.4898001834788953,0.5520564605664577,94.44635333013541
-1.8048609441241794,0.2100325139617947,0.15873277705166688,-0.3388042965948824,-0.01667634353459627,-0.3104461459362461,-127.98616676470661
-1.6101010263958897,0.6848216631005837,-0.25975316055046876,-1.8263230465228026,0.3602558013755667,-0.08988435847755419,6.416504990076994
-0.4104393906260357,0.09307035575232829,-0.2882480738717078,0.300676596403342,-0.1470960146308566,-1.842678622741906,-235.66742495140915
0.7503626823442467,-2.4936475638182625,1.7454524979684893,0.2107859460365446,1.6673226589528576,0.4563479083318402,170.81934985653888
0.6797355794176346,-0.87163207088875,-1.3788373682420703,0.8173383042141287,1.701986142818283,-1.1742728928095152,-33.17780594512433
0.42969598130652936,-0.029828847632673298,-0.9761091162628827,-0.8125001073495101,-0.6876348022114039,-0.4369700658647761,-98.04241672622824
-1.4605460785485036,1.0210497552780307,0.2992291219202173,0.26489062662111823,0.03665525131826894,0.2806742695444377,77.02776519801901
-1.5438041586915336,0.8197656520694557,0.7919174318699327,-0.6462427362982825,-1.1966826413678242,0.696716343727112,-79.63481097423326
-0.5944757590875841,-0.010272271938191614,0.0983263034157725,-0.32062314501729094,1.683226196269998,0.6634241091370848,95.07987063223452
-0.2751054887013824,-2.8891446051902814,-0.8388838154450203,0.0625805094730918,1.024636753098389,1.8379561652510565,27.777382074731158
-0.2750723827204947,-0.6758788564327542,-0.6299970293930942,1.4400633574752453,-2.7325742652441107,0.43694773807289583,-159.92699196619787
-0.9803644618009013,0.8495733540205781,-0.44235964603149863,-0.560816659026517,-0.12796876911002494,1.9082506949770592,179.50479799928308
0.37924811002809633,1.0880841201675726,0.4899060846327128,-0.04699557332725974,-0.24822893561235698,0.12049908722901417,40.237369067521136
2.0120872719988,0.6388521368346022,0.34768797112860855,-1.4460849078364681,1.3053790809239687,0.3642502323254905,147.34430377398138
0.0724527145739583,0.9582834630314149,-0.017358562721467245,-1.061012889645455,1.064342333199162,1.4581111304947008,214.25320226359378
-0.2078663398522829,-0.02100280724252736,-0.345553485925973,0.34081797912677453,-0.8049083127120648,-0.2978405913768582,-118.89494087476777
-0.783036108731878,0.5180264203373013,0.18763114637201528,-2.6003087612937694,-1.7831790213892311,-1.4413951209709102,-312.5564825982845
-1.6920546861754062,2.342252909338227,-0.3694090184954606,-2.4394144512857325,0.003421465426714272,1.154498539920749,165.63541564839517
0.8861339323614734,1.1691096178232905,-1.0320047350882187,-1.593777390992635,0.6535786102783334,-0.2625244280051931,-15.150367743935789
-0.7321374555596363,0.8248951746886064,0.32058858062800016,-0.5888132534479156,-0.604218924176654,-0.5227551219758424,-117.44986970254152
0.2740307716911579,0.5409217693111558,-1.4360792176434274,-2.219610279885252,-2.0994357921071423,2.1590051161561497,36.20062426207041
0.44252411770315936,-1.3607303720534079,-1.0622647948047022,-0.5099072968293313,-0.7034161853371684,0.050059971073818814,-126.88828234050905
1.3155027157938628,0.5139611906021233,0.40211141115854687,1.0401221940028826,0.07967885974969878,-0.5752608098185172,92.82589938147945
-0.2707407980708874,-0.8929726362988828,-0.5507829380518684,1.7475150679896159,-0.8671746003800791,0.30547694540082054,-62.64774127863899
1.077965181094411,-0.057537354426513705,-0.23834763491715955,0.8586521078106693,1.6184518356273732,1.1889630938099351,269.8296671095643
-0.7437187736738439,-0.4106133444178897,-0.09556973349675792,0.640117644223688,0.8298055842758976,1.3401636015440208,111.1036519066806
0.9345749743383734,0.4804044959638692,0.6015492841101857,-1.345039782723622,-0.6005868641338071,0.6647160120581281,61.6923417254859
-0.39429229478801425,0.04924600721501241,0.48928501177828326,-0.7317334061278877,0.13454872496989612,-0.4895922565295184,-72.32176600314492
1.4215092400129825,1.5256100156099965,-1.5819683970920277,0.019698031383743715,-0.40306376626639334,-0.5216889302184538,1.1080302812107377
0.504820066983519,0.6965104587909978,-0.9107020062113921,-0.4098280012500006,-0.09214134613556646,-1.0343335892785153,-32.508682185965995
1.5030121700577097,0.8122193860694172,0.8045864980620022,0.5390805572531739,0.5374393617614354,0.6629454063522935,191.11240441770744
-0.9344176924031545,-0.8264436322650894,-0.1282179103717718,-0.15879888988266927,0.88556919850948,0.5226090738752728,190.0561649381599
1.4561876956269377,0.894575835345191,0.03487996671158336,1.1065057993868208,0.7609806917339299,-0.03314250272041714,125.03222282398032
-0.5995364649025031,-0.4761554537121009,-0.06543691502491578,0.5115472488607634,0.4701641918236626,-1.56905345006388,-181.7305402861334
-1.020787403548207,-0.10207534515078343,0.0063525209028408,1.4281205703011168,-1.1995819089782929,1.5656539570385581,-5.09569030971015
2.5241506995057015,0.3076059003995626,-0.4012342806388211,0.46059556912907124,0.9450399791400517,1.2089120563063784,278.8192858035811
-1.2374569536179643,0.9311948528328655,0.24496900190127224,0.21883175867199667,0.48367698012296484,-0.6174620313129286,52.82834565731104
1.003293273841863,-1.3227251057787897,-1.317009767228547,-1.7165582847845007,0.0070834681377858364,-0.16440427103433222,-149.2643924648013
1.1330439818245375,1.107167529608674,-0.40722229096267015,0.37010218175497694,-0.3282778065212921,-1.6000456529319256,-43.460321233197675
-0.7192100517541198,0.13765247371964404,-0.5916062712205435,0.8370983975647304,0.3464837349295821,0.5845876776599035,119.30718773522206
0.570611804168041,0.764646973351519,-0.7487301489569921,-0.956245851335052,1.322486569110247,2.1174855655298415,288.45492919108807
-0.8685106673954871,-0.4606048800086258,-0.04460518423611759,0.5264797963439509,1.6035850277164203,0.36465050876418786,40.44858645446941
-2.2421013231724234,-2.1814813483689566,-0.17490359520185378,1.1880041255718692,-1.814654898495643,-1.5837959936156494,-514.1195788271416
-0.5712467493170427,-0.4211587054036499,-1.822218390832032,0.8573545922392152,0.87382694537306,-0.10034839021479204,-130.3390334383601
1.4268732351212499,0.017192539886719756,1.4433018354667246,0.4735578868929282,-0.6476442890106103,0.4348388091587641,22.375765609081355
-1.3539449282367697,-0.16787768821378513,-1.2087853756288034,1.0961416325208575,0.3929147151280911,0.9974783808067766,101.87095554313831
-0.3151995124088358,0.008450484243492781,0.3396866416446403,1.0203696517960092,1.9048958655909274,1.4193871731065621,305.23074536821224
1.0332456807310915,1.3309499911490603,-0.2787028405291307,0.9766083953808201,1.2133666788411386,-0.5027866639392106,135.079603359102
0.7565685725932869,-0.7500884889607543,0.23875972344658836,1.2386161813630903,2.514456461641981,-0.37358379271500186,165.95135010346755
1.3156596444917357,0.8169167049263879,2.3226293494739676,1.6331071356907199,-0.12128396110189767,-0.7974812904435583,103.19130906258277
-0.3040491793801443,-0.5300237688551298,0.2941982469488785,-0.02765476805007346,0.632477824902674,-0.14523142651271745,-5.980427675505609
0.010437344251181495,-0.5477004073103544,2.042244302224144,0.24252284396484775,1.494384574932111,-1.6724666710506144,37.681174465333825
0.9525406224968719,0.52337151766305,1.4064710226922954,0.22836627654549302,0.9204719993191356,0.008750400962645868,160.42423281879329
-0.1018313786353156,0.7636532365350721,-0.3054334664800221,-0.6732061009213844,-0.49326503368380037,-0.45998255689550027,-198.37777275212295
-0.853313225110495,2.5010587372431994,-0.5148370725883032,0.43722331287023036,-0.94007907527472,0.2762329143646639,-25.997012653086287
1.3349429251538691,-0.8212706877968354,1.398868919985162,-0.17822253114177738,-0.8887489040516381,-0.6939414209396685,-19.484311592282722
0.1281519664877219,-0.8798804208538067,-0.7708255948160049,0.5544631400120705,-0.4079247705484665,-0.3548622520673364,-27.44408027596245
0.4033856239041389,0.9612510391043253,-0.07678680001313581,-1.4510723895342448,1.222333405286595,0.5149381241569949,186.55175113680534
1.3375913072212158,0.7070848759941081,1.1043477041257581,1.509053522648956,-0.9432268562736275,-0.0771213677616348,99.87349870487384
1.54903213690317,2.5743864423465515,-0.3893706506334409,-0.12907957627926214,0.20721069586161997,-0.6484755101007442,158.74163493819648
-1.3467625269120087,0.5165132873548943,-0.9427267885020354,-1.9081676231671523,0.013326593143096163,1.1554847741051386,7.015484183182391
-0.5459828862353271,-1.5815451726058223,-0.1378463490222975,-0.2730570799013936,0.5786121928294866,-0.26028167511330424,-126.50581089296789
0.4896272808383919,0.9598287481075024,0.6460385147422893,-2.2996259050454366,-0.19568307740266203,0.25923619081765936,41.801053329584136
-1.5913986190045486,-1.25270560434313,0.12344452726093848,1.3992619354636442,-1.6434755163041168,1.0235463776939082,-70.45629061572075
0.007930976056562317,-0.1363006325542967,1.7212867742388072,1.6834841799053581,0.04448951203301888,-0.5967786661621621,52.350316267782375
-0.5388663279415313,-1.5646861839790318,1.0115954895583648,0.30238010629597406,-0.36135497259152133,-0.3850231135517112,-183.3763043509953
0.39130620601721205,-1.8021811863954587,-0.6815498289156183,-0.0004233306264299363,0.206104302129537,-1.5905507005642237,-277.1686238922835
-0.020230483530403097,-1.0337699329353283,-1.4829515743255166,-0.4618600956883089,0.05050404983579176,-0.16083146544951904,-150.44708394297547
-0.1582582521878473,2.0997370457147086,-0.5744868281494923,-0.2924189789673919,0.35619846562135044,0.24958604339090953,171.08071123858872
1.1167775266299833,-0.3709459914415053,1.3788770603586094,2.1957392482258875,0.6285755601433674,1.2460846912282402,115.14072282922552
-0.3384582731541295,0.45717418419253036,1.8461379578734767,1.252322592373215,-0.862913176818061,-0.4372907274066336,31.08524994029034
-0.7290889051363539,0.2603506221201768,-0.49958283123393477,1.1273024529769495,0.17037511043815506,1.4086737244458813,116.61975177232351
-0.21184452775034684,0.5147806212951909,0.30659712218015,1.7017995858229775,-1.7498545009792166,2.2525484367497914,184.15692040733921
0.610800537296293,-0.23449673710526217,-0.5958168783524381,-1.1552751179450802,-0.15198444398638616,0.6936186631511901,-98.74801234782194
0.26915035181441693,-2.7239501067250527,0.5502542812960906,0.5070684285996179,0.7102949247935526,0.23285036871096337,-92.93998352210289
0.28153989614670144,-0.15007414457481122,-0.16514640145766576,1.1090086899050355,1.1922665272351387,-0.5476838301272106,25.529159940894644
0.5033235228440084,-0.5336944709024815,0.6324144136955575,0.1034399410520607,0.6910469871963695,1.554448046587198,117.99622799346862
1.4183641594126857,0.3794471490117006,-0.3518275487489584,-1.5847516723386887,-1.3552655199987849,-2.3236525820910887,-331.92304088238484
2.6974134268308174,-0.17459720832184414,0.07243598203635687,-0.8368025223179967,-1.221486392316093,-0.6699173887572368,-105.37249297714439
-0.29694892259404365,0.3258286166724685,-1.0515868237668557,-0.3033109221405084,2.1073255513638856,0.3835472742676733,133.47760297734018
0.2500097526307954,0.07373967322888429,-0.04379478502857977,0.536200132689891,-0.9323454485827251,0.8693310066695441,-43.780739830129434
1.1245022754133502,-0.32821923257917807,0.29167029486691454,-0.32430110283505165,-0.9431962926322671,1.5389812146908581,134.2138551909014
1.0391265848635591,1.807698190181926,-0.034551553282082995,-1.7594074346959072,0.08661447550880705,0.3190531775914523,130.75681489261314
1.413502730678324,-0.6877712062298145,0.26597964226274146,-2.3186432666494774,-0.09611557763375024,0.2314906596323332,3.84943005974808
-0.6516171421326103,-1.4566959856978945,-0.24338634266043258,0.833195813974866,-1.3478153804074549,-0.7699195856029947,-213.70831199774307
-0.5356200520280839,-1.1260366497073215,-0.37670490200807644,-0.30663339853595756,0.25254831298594205,0.8832807762734501,42.23678637593635
-0.5768934818948646,1.702255415434312,-0.5758371466521981,-1.5673661270767671,0.15892210676265134,0.09760161787763519,-15.956640382960899
0.7325389863504799,-0.9826171470157243,-1.8885005743819334,0.0681965889979218,0.871977911917554,-0.7070081235189378,-154.09342647455117
-1.7616024099772412,0.956497767356772,-0.16566551123444442,-0.7950131668374782,0.6572871716724068,-0.6225091919525358,-0.5404896507388912
2.0054862425009947,0.9001988813775073,-0.3595603263446525,-0.6685648312636394,-0.18812903330309597,-0.7048611456752466,1.86910843391545
-0.3002690930542141,0.7703591400211819,1.4595856583302464,0.045408176991704144,-0.42694186415256713,0.5416563531169037,101.38905646497211
0.5556861488190525,0.2732834751299443,0.9343882478676877,-0.10154520387285056,-0.18684810033622642,0.6815652661462961,79.41999498356694
1.0466448079689075,0.292094453625134,0.23437615534356812,-0.432797480585078,-0.39524677089731924,1.4649275307320537,135.59279309450625
0.24356587201850097,0.1264442727151113,-1.1673066599984543,-1.3414192667414266,-0.6555702406020174,1.119607806674331,-17.99771427978029
-0.7977710163446586,0.8108338265802285,0.18446982551728455,0.6816595972652935,1.4795689572800474,-0.2968881060058603,54.82165400211902
-0.23231195622312312,-1.985307394350916,-0.3235849353967955,1.8311402737519047,0.03888354268761947,-0.973888947901744,-98.7394868115832
0.4740384325939104,2.053867495162134,0.1105310068337799,-0.957637721132262,0.1369890764651461,-1.574640878376532,-24.92633587615413
-0.6339095526518923,-0.5247527220889145,1.1806645250101753,-0.18909681219845514,-0.5455957274664737,-2.005314798884076,-260.2016935845116
0.5692567949372009,-2.2701740145187492,-0.4004226051300834,-0.658661948990736,-0.5543950126731525,-0.6630169742954236,-243.70757336958718
-1.2845082037263689,0.49448495489573546,1.3065761800034708,0.48827513984601106,-1.8990889567703455,-1.5466028532698453,-272.6860341406406
0.9773075426454111,0.08110373405584381,-0.16327896251937324,-0.7291249458716863,0.18219597288605335,0.21481310683232255,33.64704499502327
-1.2493696381226835,0.5200238155659089,-0.22434897944391874,0.4369260187100815,-1.2254148260104656,-0.020656721795149123,-151.2649880621759
-0.35669742641241614,0.8635871047297644,-1.7187213280138665,-0.20817413105710053,0.9922890263575983,0.3587074210523071,143.47476006881175
-0.6814116059851709,1.2341505056127797,-0.5376616134041693,-0.5135510123663823,-0.8358575354994094,-1.1777313259417748,-144.39378327081917
-0.5493342002790561,-0.2752778928653814,0.6910128078835244,-0.606476693855078,0.21571888948244602,0.3178456813931938,79.94101745496386
-0.33338636937911625,0.3920729991935692,-0.36001288513199164,0.20090846641159202,0.05244697035676107,0.1379951076181981,47.07161800039761
-0.16064951317670076,-0.9937775731610069,-0.3548021390225688,1.0484084945411363,-2.2451896418481154,0.16149366165821535,-276.610460676066
-1.0613034011811249,0.03956422026921631,0.0981025650566187,-1.710222141053164,1.0773421833250771,0.7843049517984186,165.4781622459035
1.3691310815260789,0.2735797058769129,0.3629058158511472,-1.3921334344584895,-1.9690909255590234,-0.271066411574083,-141.24295851936006
1.0039423968682262,0.9846596460388676,-0.06817633955229378,-0.6485105485608195,-0.3915797543438108,0.4769391425499494,61.05475248875521
0.36618191451530047,0.3822799247122756,0.6008866359481952,0.9230727953718508,1.615140690191985,0.16210713599301305,84.55595854983737
-0.016676465368198,-0.0883593422123953,0.5499962971798965,0.047933004499647144,-0.10676463458994635,-0.10138742681551799,16.174233395515913
0.3491402006073413,-1.1162493880846067,-2.070699378384731,0.7144808680726309,1.4717337107790944,0.3438887387240309,-73.40544835444422
-1.1020066012489147,-0.8049282485949004,0.3857682593453727,1.2627526959601483,0.17433016978461602,0.4872998516909973,22.629130268278367
2.0824415582935982,0.6553134521753604,-3.4896614687173884,-1.325439753958042,1.843096330572923,0.48493568843707974,129.14951094508166
-0.25738832650224647,-0.21483051440458306,-1.147687911087048,1.725720364613298,1.0144484979421997,0.186157948751267,3.398348845045774
0.4550777339493873,1.3184321080015005,-0.23680113352806018,-0.9569188203054337,-0.07356954280581578,-1.0026026072490342,-35.125246710242386
-0.6810727749137978,0.2074756801769031,-0.5595017320009898,-0.755173862773243,-0.06584851825202694,-1.5928104648913077,-280.6646628004373
0.5947993348617778,-1.012828551652057,-0.6693371576315623,-2.147725727526698,-1.1549781849323808,-0.012873354777101801,-229.5429492830073
0.7328719461199682,1.0489532218290971,-1.3010187819126962,1.565716664029036,0.562010202786141,1.1020383830572766,185.67513423292334
0.5350595470349413,-0.7220618581072954,-0.9931416537584905,-1.105336750949522,0.5053894075611978,-0.3121408940345639,-77.24732464098675
-0.3089660813974997,-1.2464732505473526,-0.22545579745088246,0.4389314810136835,1.348172124173407,0.4426840792409566,108.91653263791949
0.32213702970479385,-0.6285078409286148,0.7408797000141983,-0.6182865775654799,0.2772343415689832,0.4559951936431022,116.96638897703656
1.2301759335643314,0.9263268628863258,-1.6648509058306,0.6124819057554817,0.798957435303394,0.8181054659198365,130.2639087647077
2.217708618465868,0.16315713075645003,-1.6043097532474302,-0.5628301787295239,-1.115835708109043,1.0359600255234604,38.43020154637423
1.1322282746571946,-1.0479771040729262,-0.7669476382398478,0.7400357786684347,1.1387300635807156,0.22341241449279522,47.21659789427721
-0.5897361554247189,0.49773098555290884,-0.6330214823165681,-0.9490855221170892,1.5659621036656246,0.7682252278693142,174.38927508303573
1.6753359876570837,-0.1429331445204764,-0.5524114867081269,1.0530831817188073,0.9944931231483385,-0.9263306637118419,-60.651561488834766
0.36127137493773503,-1.1978341945362652,1.9767290810396232,-0.2891063373129242,-2.7856295069871524,-1.732926093460859,-315.44912521827735
-0.9169062938124889,1.177831527642134,0.6293324221836589,0.6891006521647195,-0.5085779337149691,-0.5699862644558915,24.72210880143905
0.4898798524945043,1.4229403113380648,0.29936737118187934,-0.052463660653939155,0.3287411022826873,-0.6210621188555534,17.494018552447137
0.05962136302825332,-1.3652637886177235,0.24920484612969682,-1.16351817942023,0.30499098074659725,-0.4826046904032806,-37.04262814399127
1.0576073964365582,-0.12766200646811432,-1.4463103647993008,0.4578308631715219,0.7583716344370367,-0.31485520624091995,14.222402424446301
-1.03617362183461,-1.701430595340597,-0.44563605056364175,-1.5130283695882603,-1.6765654308880256,-0.6195491507506692,-347.79389965805206
-0.6175243628222602,-0.6126957182201248,-0.3740623406539008,-0.9757098466959768,0.18203118248177175,-0.14932402492541114,-123.62428926538206
-0.23798446873157791,1.2517374790799307,2.0097714038994203,2.1707039573657316,1.6144319236985079,-0.18879365710574983,345.99053229209295
0.3607987594512897,-0.29211573012984027,-0.1637634512411889,-0.46297470178716227,1.2565596210917231,0.44732880746336795,140.3889710214766
0.14956383126392842,-1.1564652163495626,-0.5623389444559385,-0.8813095573449639,0.5990850960110131,-1.3309542459467745,-212.62547779343257
-0.09041662816450308,0.7299983625138193,-0.45194624839298037,-0.5571901604790841,-0.25354107593520714,2.006595648176474,113.46327876212274
1.4285953144760104,0.26591946903430874,-0.14586120667117575,-0.07509583529106012,-0.28134244633643973,-0.27807916827022483,67.77026782494241
1.3184753140363425,-1.8823452127691658,1.1974353376635236,-0.16439690398393067,0.1542725920854428,-1.1602310418131263,-91.59902551407107
0.9292884273895877,-0.22303117563683003,0.8946881627790529,1.232388630318531,-0.9377140889466903,0.2543433692799418,18.047980234429108
0.074630394036287,0.18894400882176937,-0.8035680340112875,-1.06471745695079,0.08648278586132152,0.4099586807481092,-14.443871094274275
0.5171227732953363,2.774536759873826,0.9448153638955639,-0.08574603802611505,0.5760504075999392,-2.3897429735608373,-99.69129779939018
-0.4049479144419196,1.2338978852860478,-0.6449346368787243,-0.28708050056498846,0.5257675796422073,0.13324648394931285,112.99788830349083
-0.1290950170512023,-1.9240325610638855,0.17017295771264004,-1.6912145461173544,0.4815126685979337,-1.2691967541516518,-163.5863198246859
-1.3933637173129103,0.19202373178922577,0.2527407923272776,0.8827282031241597,-0.6967682882843453,-0.6716303664634266,-132.97353372639617
1.5576112206808244,0.9748230891745485,-0.21157437024084463,-0.5704647424154486,0.46604361582886406,0.6790449006241779,199.11064257573642
-0.09362988399771839,0.9541744179021704,-0.23169508860795437,0.548095431370158,-1.7303229557875401,-0.010421742886375325,-22.24586466689715
-0.8200455957844732,-1.5942538061627762,-0.018050504917253962,-0.45498291630481147,0.6949889271319546,0.32669700816785635,-27.307057690022994
-0.31592128725794427,-0.9547322141297756,-0.2453757848905316,1.3457621688983727,-0.457095155986789,-0.2895173010263329,-60.71739625062037
0.30498492671735244,1.0386235157088404,1.2480369934511337,0.4716340397624195,0.2945378112274585,-1.0868890747183018,17.25644482154589
-1.6760242840713915,-0.43081229518420444,0.5984275755536795,-1.0648473505144993,0.7365375852128412,-0.11828804585186126,-27.56844849036612
0.8556989619906944,-0.6990325085520487,-0.6082794319935744,-0.41988140533978047,1.450399484038412,0.41173677706016243,132.79960035625422
1.605537017334811,-0.8984267567400653,-0.5516104884169701,-1.2149295456196778,-0.5697882712964062,1.0966854956539511,87.52637840456919
1.1549318892836746,-0.6991635840749189,-0.19338593520626296,-0.09345121242901368,-1.0384427475010098,0.2924885308990393,-72.27542314716014
-0.6123809887327536,-0.46776441241341205,-1.4057588084478176,-0.04239009965538034,-0.6015619709470427,1.833827369058214,-49.949617507378406
1.8004919645109094,1.279000609732035,-0.032128694001980394,0.645888285186372,-1.0210933265177502,0.1731138111277195,81.10237314704834
-1.6784895980461074,-0.866603552285364,0.031031896387273914,-0.3166625860477732,-0.8267251649506355,-0.9727543328108328,-330.78195646186896
-0.15430756460478529,1.3331271762100112,2.0893693750093516,-0.0929080945376492,0.7265253241530614,-0.749185395960201,77.20575192749179
0.20514337076487763,-0.19166806464685449,-1.4464383232901108,1.616787782565846,2.350064426771064,1.3794392600510956,317.14366543278186
0.1589106533578682,0.44380470580156817,-0.04232012293316244,0.6573496121230785,-1.403550182423416,0.4635746963502096,-67.69563597560287
0.34448769702973253,-0.5087810141211858,-0.19175846422047776,-1.0482588790942926,0.4119753167205772,-1.2728807544049334,-91.85037867858803
-0.6795413165796149,-1.6710780082575294,-0.9686641128440678,0.15908930889878173,0.6402996199185091,0.13847184277054161,-79.36789536560808
-0.5690795231264817,0.055973950881470856,0.8059394619344687,-0.21503162824880634,-0.2158181539934129,0.6730963237613583,37.00463220510781
-0.19995024928605273,0.2098207623361165,1.117281762986878,-1.0835579109934315,-0.04377312947682852,0.5430615653650872,21.570300641607275
-0.8578060975793892,-0.14785583247082165,0.6178183292562383,1.656347790097082,2.364012204711112,1.8730244939057519,331.4759973583867
0.4065063176391413,0.11501040380219571,-0.5588861226250409,-0.841313630576118,-1.2360295421790062,1.6063096183968844,77.01331506285814
0.7165605675716911,0.6208035951831566,0.5470501186684845,-0.8786789935817872,-0.8320267437879482,0.9493010339563369,185.47495256284972
-0.7742902539540081,-0.27925569130734706,-0.5068656894733141,0.39786703250024713,0.5973100446894966,1.5716131945350473,153.20533369056608
-0.8009545955795155,0.43013230880832204,-0.13254249026029002,0.31593381688754385,-0.0767152200052475,0.1442530020872674,57.74495995057644
-1.5236085865370725,0.10733571154123617,-0.5870805668560054,-0.3031404576879491,1.499717097313591,-0.015960765316216905,45.423829304908196
1.3492227535392227,0.07123000539121373,-1.1647213895757815,1.8563313498998264,0.019491328640467206,-0.18652780583031064,-77.7946771165093
-1.0190089151821426,-0.5401845398939976,0.3623866267415771,0.8395079210880313,0.48231110892954815,-0.7770725707084032,-8.537740608917467
-0.6999178501394769,-0.5042325216487665,0.21582910122464194,1.468913345282352,2.1240075017820224,1.557960760800573,351.26109196368503
0.431048726514867,-0.8473497164206898,-0.8586243325768227,0.1712994511414599,1.6916828092631537,1.4128186519317523,223.05599172672558
1.6200800987945867,1.1713862361563045,-0.1780498037785944,0.602016617528111,0.08834940220954907,-1.0638947556779137,13.077988908832673
0.37024130058055954,1.0479995764791161,0.3058806171595254,0.20692010457723747,-1.7073050167158548,1.834553286447732,230.10668915704977
-1.4093201661722043,0.44320249831737557,0.7120123125498135,-0.35329027567770627,0.5428959620513258,-0.1387036713998803,-15.150924728513935
-1.527208059593101,-0.9050596431417519,-0.7953107982390902,0.9011601819147174,-1.0912421859990513,0.3142375201196424,-116.1081637536083
2.4805909125121275,-0.6378338268731352,2.7907692781192606,1.0436466067104382,1.6508809086737026,-1.8656579238449407,55.482316449272126
-1.5565932002544693,0.5188663894881832,-0.32555579952211994,0.19547097300601096,0.6767972118489273,-2.0172262739231805,-166.88118171832522
0.11973203037721482,-1.1248628961696174,1.9984994679788137,0.5011450174394348,0.16085804376119373,2.04607599951184,126.79450337421927
0.44720934602627255,0.32244376598081964,1.1758908362456373,0.34273911569139376,0.5555492331293292,1.6031812535929078,305.7216669468802
0.43741661028157863,-0.8171859240781618,0.2276719334183325,0.05973389038067072,-0.4955130164891508,-0.27960894219691995,-11.120042587692993
-0.7833670034496605,-0.5324663807430045,-0.5832272690034587,-0.5105483194710424,1.284301335085762,-1.113730514195108,-114.16460888778354
0.5943902309999922,1.4551257791762608,0.5159232619794626,-1.0985534585647905,0.9870566598241614,0.45089149906897835,149.7459977881122
0.6044617496770683,1.0167724634881596,0.2779846441673311,0.7697818578524196,0.4837470082520822,-0.20003279892108064,57.89211814714734
-0.6241576159901286,-0.2326505497131141,-1.1389188735441753,0.27379259500756953,-0.1122244443532808,0.32871674834075665,-111.14918319745733
-0.1044544561042461,-1.3233236456869761,1.0083768946957363,-1.4385106959162468,2.4192462023437256,-0.7325830387106937,-28.223919115229776
-0.5964041641116856,-0.3586502746472644,0.7927866549297478,-0.06419618173938321,0.07173270490741879,0.2638665654244142,-43.10917766916455
0.4407201989244513,-0.8358946223478825,-2.598297738390641,0.6424921679109951,0.07584617385776761,-0.7700617491529093,-182.2475949549501
0.27548785298409584,-1.1440453869283147,0.7153926872817211,1.4362998881077038,0.3059090209279174,-1.4440594564357996,-42.076037298315256
-1.1379158332824273,-0.5565253240701036,0.6741354550378449,1.1298492381844771,0.47222326388445407,0.5852906332837882,80.41167222935914
0.24562165404212907,1.831240259113341,-0.4876003667476074,1.6638653507816898,1.3364094248141851,1.6113713580481406,224.74423217508811
-0.09108227610493708,0.9382388427457203,0.1782455711805151,0.5643343315814803,-0.6639350666346426,0.26050736979865374,54.21009965739006
-0.7160786173900778,-0.5701557475435901,-0.24816572531729506,-1.1550165651242477,-0.17979988712146064,-1.2038017075040162,-189.21845953325118
0.4429112760903329,0.16420448335201712,1.0124910329828323,1.23571683661914,0.9430233922740172,-1.7637270924167834,-43.31887091781502
1.2688028802001474,1.4964959512524,0.05206488216889158,0.009633908333797802,-1.486084473769749,-0.667675989292908,-119.0769626972683
-1.5474643640526615,-0.14432122677577483,0.9445315684380104,-0.15413475173690375,0.8452179062399326,2.0445173633023384,240.70046051733456
-0.5055780288617752,2.33748010053848,1.2655011412924166,-1.1589170819885801,2.245921956405011,-0.9096231582869884,322.6754959099602
0.05163122589143019,-0.24178567980758217,-0.08045220910986271,2.0714957842654407,-0.9600058227694943,-1.129478823581814,-179.08042039015626
-0.4371926290444201,0.5193150296462324,-0.7298787507866035,0.9077394655700749,-0.6840879037395031,1.1004260557105883,52.039975583032884
0.7336313059656975,1.4556035170938655,1.045073177742431,-0.9953283742292743,-0.23904765796150923,0.9785439710878638,261.00575676719495
0.46033801734881896,-0.04425148385511977,-1.099373400181985,0.6337401059765227,-0.6472372998000044,-0.02704301092388328,-27.85064647855645
-0.5947592918401446,0.331214123368473,0.7359563130221743,-0.6031527109095417,0.804039987770347,1.4297088369139317,162.77362473186292
0.2444798206918636,0.8593766922246519,0.08822714952230185,0.1320586320044996,-1.7935304058425359,-0.08700396362041905,-94.83945178558365
0.4742294690012176,0.1287706167421602,-1.305736348188126,0.915557991037356,-0.9457237117677763,0.13194149023423407,-52.43911430252784
1.2791639014315017,-1.2638857855538923,1.5007432185979626,-0.36494297468904,-1.7943114439645782,-1.500823970479447,-258.25154719718404
0.22922938446930893,-0.8536504222820521,0.5404712329459433,0.5252861782375728,0.6050670275586287,-1.1473060171062612,-41.87247609441354
-0.4918642514873006,-0.26805628406271453,-1.2323792986049438,-0.9029730156261256,-0.8194368261595348,-0.5689754860241919,-156.7346177978036
0.09034316346089687,1.5912924473682961,0.7283823808835856,-1.7372527284946444,2.5962710289989954,-0.7967722430344052,163.68559303658293
0.9578208542856339,-1.3696577755702888,0.665572517210454,0.2625268892223945,2.1037622627498176,1.6017320887612805,326.5625307823387
0.9976138086017821,2.1164600148391908,0.5672432873417663,-1.5581031323892847,-0.6904790796042046,1.2370827442097851,85.60514800909569
-0.43045635384737935,-2.487984359671176,0.1730403924553901,-0.6534287001252966,0.3290827051784645,-0.14131617501596103,-135.77263892976717
-0.9772527597131451,-1.2734843674573817,2.116335045408068,-0.4027106802145661,0.7166263170032138,1.1547013367753383,106.86016457199835
0.30920589519914277,0.6951724064289222,-0.2933379982529401,-0.10322401458150016,0.28472649017919377,0.11471606797807826,134.73728092601965
0.40481561602352845,-2.818465270536126,-0.7159325703023819,1.1327915874920202,2.15437918703012,1.1609489519232545,113.85183004858028
-0.5755046892351442,2.1969285636029983,-0.21473509151973133,-0.13623511169435673,0.34348994433457136,0.874047512825147,174.07159182241648
-0.9870675525506852,0.051542889501185796,-0.010309081786605386,0.1076927506112519,-0.24269455392162229,0.6176693148283492,76.2537446022863
0.021280878052955504,-0.015115508246710431,0.4382986598261822,-0.9640106961623318,-0.4824899011990687,-0.07058635665649189,36.950598483404164
1.0917022113769757,0.08799703924257933,-0.862569304981852,-0.8921329527283753,-1.4866207701536585,-2.6614298671864765,-358.14459631066484
0.6781976954194174,-0.8836901985650911,-0.4263026490051843,0.14367815359366753,-0.7918579688823152,-0.7560757762980808,-74.96517080183362
-0.10082026725039346,0.3993322824406356,0.9095575896235177,-0.07044375979400645,-1.0479396595819135,-0.8698899915086652,-100.50153422630957
-1.8455909580911032,-0.6360739010136219,-1.4190862650462994,-1.9861514775711266,0.3894319379265254,0.00019211892259337745,-94.93517484690531
-0.6302220988541085,-0.7183956825130673,-0.5734101695332885,1.3678112855659086,0.44307138580937977,-1.0700382342607406,-137.164203135023
1.2249054872150713,0.905586803793217,0.8916771127630535,0.29506666916380003,0.16955953241134714,-1.2373322452440294,38.774640276318195
-0.41926295574683947,2.920490455884775,1.5352268357795686,-1.2480602434720416,0.5996560987540324,-0.7143035055447041,197.8175981686497
0.26732673985031286,-1.1101515283865857,0.46622430608760446,0.6011520669235124,-1.031161982712343,-0.6372008544734988,-111.52104832477093
-0.08473514736720691,-1.029188767455627,0.6998663256893207,-0.9695110470358558,-0.555969203096577,0.9042233356733019,27.174133793567925
-0.8438446088839053,0.5124707081532028,-0.8040439732619089,-0.9608660248856156,-1.0100330327778144,1.6854073291440732,22.11521403288484
-0.009983892385431199,-0.027188228084774613,0.5971783277598937,0.45944271018797306,0.7239000595388266,-1.227211569165906,-21.15880895289058
0.7657353659754295,-0.2622207150203321,0.07213699381705725,0.19311588092144658,-0.7749654202525782,-0.13834687655207756,-166.62282983377528
-2.0788889682521896,-0.4080451697012944,-0.560465612469198,0.5119300212298515,-0.5633028242305517,-0.9535170308188519,-94.3297206459412
-0.711691106062616,-0.25804073506747327,1.2330434143557172,0.9075223117036936,-1.1353344746794178,-0.5260225595137473,-36.50749323999868
-0.010511520032147111,0.5050857751331874,-0.7060982493819317,-0.6904758654420354,-0.6752983782221837,1.1716558609776375,32.41824183009005
-1.6161920107476442,0.12439834385236992,-0.891182522775835,2.331710107280766,-0.5590469429107701,1.2065230342111124,79.17694037895347
1.1094216459845787,0.4996358429090972,-1.9808543310872153,1.3152474220524462,-0.6912098320337836,-1.7114177007504565,-206.03692982618293
-0.9107028282868849,-0.2540031877334754,-1.2812568642152373,-1.5072038221478032,-0.04237142800196475,-0.44683805723628706,-120.17701971186969
0.40993147893822407,-1.1006258490796739,1.3067356238902776,0.2596492787032111,-0.9527340119751757,-0.28833776251800003,-112.7147630263313
0.13787493608546153,1.9542253929933073,0.37506915637805405,-0.33771208915349865,0.5888393299832748,0.3224268030605219,313.4720772041192
0.8518982250656512,1.420885098292703,0.9090246807821502,1.1051730820901573,-2.041147748809035,0.35681385430892437,43.33786681350176
0.7464776098109216,0.572140588524553,0.3084714631799629,0.5902306397524328,-0.5500926062983473,-0.989357247248413,-30.54958287231642
-0.4830092274478308,-0.8498392437350081,-0.15130993402999904,-0.24533470227571813,0.08141206835915271,-0.0056778281127299185,-98.64840858317355
-0.16752584927120154,-0.11054041581766796,1.4668656062544045,-0.4497452578427069,1.0465815002428862,0.9267712007117531,152.68307924888305
0.8955322451634516,-0.08590538647097128,1.2140736920790869,1.0106454158298552,0.9556151558371502,-1.8379470107725917,-28.5902067090853
-0.9677114663313148,1.716406146997067,2.4958879932775115,-2.0655008381187474,-0.3959373948680872,0.4781976749441484,105.24445274302197
-1.4037455730314379,0.022488697977238216,-1.6137532369523955,-0.31441674575324163,0.5031027897871382,-0.9103214480043831,-116.97166659271375
-1.2435729893375884,-0.5217305202692594,0.06781132189138644,0.6837323929396899,1.5420818559192229,-1.1948728973145797,17.456646455580717
1.3533774435252472,0.04688817522966594,-1.3849330504907336,-0.732243414134261,0.28238175397526977,-0.5665597712603615,-63.70261409943136
-0.17802008119721408,0.3212288013002178,-0.39646141578365207,-0.9249900651677757,-0.8414228878826423,0.05591396088914035,-54.53642440548428
0.1518983194817813,-1.5250879567102533,0.530010762846912,0.8811593132069343,0.12259205669192487,1.3405495518708876,91.1122631464868
-2.5547513827228716,0.5370776858892586,1.3007704377330727,1.758317296595165,0.4606194317732982,0.8098745501826193,103.87250568565511
-0.9428129070399293,-0.16946950266730482,-0.24333186974018625,0.8546292465210306,2.1226996923527675,1.493700742621446,239.88475476966713
-0.3575382958582503,-0.26180294225580414,0.36417532928601504,0.7428743167131548,2.2726322456931074,-0.8331240489517809,88.69863938216336
1.6586809320110758,0.3654108425960523,0.130016612850654,-0.6810838751543802,-1.4899696061845604,-0.09621505557124128,-52.94394601957613
0.08370037479351136,-1.2915582555219942,0.03196733686155015,-1.1265242368252297,-1.0826953127695145,-0.6710296058994581,-289.65098079771144
-1.4581113205503002,0.5807881689098612,-0.1452157663838198,0.5100469896867059,0.2415078385230287,0.24192426216508336,9.769314396748328
0.41075707609357837,0.17989771373039548,0.7401823931299029,1.0476701308436207,1.3778028637755322,0.1525036559593799,300.6845016530688
-0.055679249848641955,-1.6358407552812353,1.0412430348794655,-2.346066413560029,1.865277440258816,0.9853592196393953,87.89917404715246
1.0870522270350909,1.293601964105804,0.1760024298551794,-1.3338478721262714,0.06855167670431317,0.1903269245010451,196.69054457100913
0.03129672420874244,0.34259806507523477,-1.9300469133380194,-0.5836195291356471,-0.12456827189089141,-1.0708037778872286,-186.91261391619844
-1.0036878921400536,-0.31443379051480014,1.8303136130498787,-0.21747702839610372,-0.7724371559981065,1.4623111046855897,59.322010972955205
0.23147930118923785,1.6967250066840276,0.06487273217346703,1.2140595775255696,0.9425500586683284,-0.13069791277141016,116.03157036723636
0.0464313174085581,0.462488578970158,1.320502837562146,0.580144812442118,1.093801614660036,-0.35249496405575137,61.02295570034484
-0.20585109849411018,-0.5236692364933198,0.6197538538746397,-0.4722066232859281,0.27724027385880684,1.3053745393283613,100.34114535329141
0.594442776374898,-0.8783220309692106,1.00811619155775,-0.6690961117422259,-1.0839862662301551,1.4745391674817787,2.9610608529179956
-0.23380042841004514,-0.505635498210253,-1.6837768933927755,-2.079815250190798,-0.5429607438207634,2.2196904363003878,54.31975336282715
0.18962386611183957,1.1167794535277495,-1.048504985954855,0.5295663792579456,-0.11579275402982234,0.46939804534426344,93.72834999371617
-0.7135564803251857,-0.19591821342967464,-1.7696668684112398,-0.4788557781456751,-1.2631400873497693,0.004225668256812366,-126.0383116167911
0.7545887041024634,-1.1862138623827545,1.6110409373414394,-1.4426056459415009,-0.1940729335079652,0.34169741065366555,9.382207378926127
0.41187984983112413,-0.4254978611653622,-0.29914597031267925,-0.027471666169868278,-1.7921401110947908,0.7388762315379719,-98.98526626025055
-0.30758589316632273,-0.7172159256262196,0.053475902123863175,-0.535928587000499,0.8638981828917627,0.8722877197279348,151.0180400637565
0.025810706707917522,0.05174560095659068,0.2360795210121672,1.064904136950404,0.12652886316372097,-0.6146274680354605,-11.561003842514431
-0.6216626426747337,-0.10857509728603627,1.0611402066282987,-0.6610371615516597,-0.47691644962435753,1.8755845617940508,139.35719442082816
-0.8607593642356782,0.694735881848663,-0.3158075945364919,0.01389842828946879,-1.473762290963578,0.9828900447054185,10.938131532611568
-0.5991344372268589,1.1528672885692868,0.004246114351087301,2.269233885027008,0.30386615367143593,-0.3077292346113618,111.9696766656013
0.24454030612886898,-0.02111171554259133,-0.6690517242498989,-1.7302367177261762,1.119133768924999,-1.1888509100414624,-119.65987235081293
1.4236829300191782,-0.2725452731238713,-0.755415296461603,-0.7148279598425542,1.4952861686484702,-1.127321617628996,-6.007339836911378
-0.07427588779663448,0.9254602721790299,0.04781068507646891,-1.0509610403612502,-0.31840005131990873,0.09616254215174003,15.366290524388148
1.083227896224733,-0.8329239817048205,0.057867604265726326,-0.04434702049508414,-1.0197268869085168,0.4836143912619878,-39.79292119855787
-0.23201593738915247,-0.6117139476828876,-0.16567326057554013,-0.21519414829757635,-0.6114028064822392,0.5696523299705198,-47.948100445340714
-2.5559954867865313,0.0652355750178406,1.8067278494723256,-0.21025165631939105,2.3388598859975542,-0.9655711605878656,61.82052546596437
-0.6381868683251487,-0.005066871070595583,0.7481317421860688,0.024151329879143063,0.5771387756623787,-0.4223242636485552,-48.74546553664466
0.2971527185484302,-1.2947752001953146,-1.1831470357814458,-0.4572108756941554,0.07557912752194054,-0.8324516143356703,-197.47231366144587
0.17545126396308416,-0.145212662107568,1.4418620272392502,0.40603401302720704,-0.950830286871711,-0.4133947729947021,-79.15487035332114
-0.49620356168084323,0.07209302965896229,1.0247158745963343,2.1121666794779426,-1.3406045071683614,0.13222406159394912,42.6282168876491
-1.2968710937709844,0.9291993188250363,1.119784522132443,-0.9142627959136367,1.1846869298161828,1.3440823994014635,167.3379958794713
-0.1622913800560127,-0.6607468489851797,-0.6034630718855106,0.34998028039093704,0.546514517344754,1.247959530073637,47.89386501201706
0.028625382523472097,-0.12585437160648869,0.5598634414325552,0.5561819971958153,-1.3811837372150877,1.7982435427600887,8.282583375579975
1.4887688124155296,0.2019265043959735,0.8236432747794515,0.19295987924098673,-0.8559433159846463,1.2340604884012447,120.51856411203062
1.6038389400391442,-0.2523118832619852,0.34166252216048865,0.5518867545737038,0.16876531193107253,0.6386630870489877,87.01044187284296
-0.21920146354963518,-0.6502923561158219,-0.8782188663081972,0.5850345545830171,0.22993111255022206,1.0148127670952267,61.52887891050162
-0.9707041916715383,-0.26676417306863304,-0.2370472912394967,0.12408762252963512,-1.8678594557129289,-0.8648596831736486,-253.09929070338933
0.6204799907200479,-0.34227857117140714,1.81639801700385,0.05213050823064144,0.904055565231786,0.334263042614676,245.2189294955905
-2.825687496748261,2.2779941911890997,-0.5087296514431904,0.2938312370422776,-0.6840558608463996,-0.9665100903141656,-177.75990713361426
-0.5167905786735492,-1.6186053256603496,-0.4459596602886021,0.10805226308055066,-0.020191476256557973,0.361286173832558,-63.57087091270876
0.7213434590655219,-1.3122021408042577,-0.8566923537912887,-1.296780476920078,1.1027187860840033,1.3986800130796304,111.25311547907704
0.4244303934879619,0.32725975740487173,-0.35763454546235207,0.15971057684708262,-0.714786653685245,0.706318066216526,48.5966179755125
-0.3501865060689814,0.04637462613435319,0.29173002209833937,1.1053980000449017,-0.013224010005437907,-1.3662636802956303,-102.76309745185502
-0.22805407037224093,0.19677736337432988,0.8882945711144533,-0.21854056617940648,0.18324517950627614,0.8374034036052684,147.12581094665026
0.7258011349402391,0.20186812729335427,2.255555961046908,1.5917145467135123,2.126693829058743,-0.7880402343584011,203.02389295667138
-0.43688931058638375,1.5154614893464378,-0.0005085093976096505,-2.184843413586418,0.4087765866100642,2.0197537997609527,229.98844427612366
-0.8882248962691618,-0.48725168923736456,-1.9973296450249638,0.01436760956950993,-0.5670245532035433,-0.09538451363492059,-209.66086386582055
1.1548324601157927,-0.08784430063859737,-1.3492535815731574,-0.09417136568117766,0.40808845900190804,1.0023118730014027,96.39976976422105
1.7061034309821281,-1.070474215078992,-0.33905572171564585,-0.9014922869807226,1.57760845260462,-0.7085782543082427,-9.118164786134727
1.3621792607990046,0.5048500305508238,-0.27459710054319797,-1.4578849281123365,-1.2812822317582289,-0.9456868256029217,-170.44350120086722
-0.61896477791164,-0.040280827528768146,-0.4458301483266048,-1.2782820415808358,-0.14203149303449195,0.524379903362006,-103.96536131719711
0.40294022943622,-0.17273544383561973,-0.1261344106719315,-0.21868756450591464,-0.8614632175825455,0.6038789359154118,38.57261408490792
0.3340000199336324,-0.7148203736609982,0.46394187187502617,1.296865319347763,-1.9974805297971512,-0.5524349406380821,-125.30293335264332
0.21395568078429117,-0.49995339453392806,-0.9491294949114197,0.7825998917722043,1.6108828771668369,0.08570043341232034,108.96674983692697
0.8304798636129412,-1.3473309164376839,-1.1095592597312565,-1.122905442295899,-0.28478405509783683,1.3798021506094245,18.55719727154804
0.6857695103591556,-2.1542996240036256,0.24948948370865037,-0.7600270425559463,-0.09808614126430736,-0.4815759493073787,-216.07430825445115
-0.12441584363335757,-0.8458507826908229,-0.8157201491720547,-0.9627523916458013,0.7957409564347192,-2.0919026996614454,-197.53360172852052
-0.09259973170776058,1.6381261475190285,-0.944559392715256,-1.4693817695910578,-0.13544221935749856,0.9540748089863651,152.58459445531565
0.09570344825542844,0.4289583963348356,-0.2726759143429952,0.128399295770582,-0.28275141137599374,0.29807338634166314,27.620502151761944
-0.3256720976783262,0.6042289424564118,1.315124590948383,-1.0288329505436893,-0.549897720575437,-0.3206731508530315,-3.36137570634477
-2.495120273526696,0.3993070652534192,-0.839920267273907,0.19314563242101523,-0.21421181255969418,-0.4802452229192933,-209.6978613400454
-0.6247395396348997,0.41814231584441086,-2.2172475036664037,-0.18686861517607586,2.3192452715860132,-1.1140493929808706,-73.46112750552643
0.5394117587360404,-0.6242902020514928,-0.39997687401737814,-0.05585295592003423,-0.09544955623986004,0.711960722998828,59.99463727978804
-1.39467969783239,-1.003011599878229,-0.04620934177045518,0.33866560021683995,1.5622109709185532,1.5654380094195017,210.23064214904295
-3.1957398931426355,0.2502545050529605,0.17876685875802206,0.1772325280614888,0.6113995628300746,1.3760435295167985,150.75209306069544
-1.6720589389466682,1.5501833015773046,0.3682744458150572,-1.0175585285585336,0.2895974545748389,-0.42278945344864477,-34.21256443913052
0.4069335242326681,0.6882163565236487,1.7687075090603777,0.14763784980507524,-1.4784262936493582,0.7171886556182558,122.6708420698854
-0.6456413592307888,-0.2858644025236645,-0.2516722570460311,0.034000680021873814,0.5142242643433731,1.5226142732819694,100.22104235412135
0.06088836535175838,0.44433137826657193,0.4634940337874818,-0.907580143110282,1.2471757775470806,-1.2580062443576912,9.266475590727513
0.8876569609576603,-0.6492103925208264,-1.1809455970123282,-0.646002515959555,-0.619910702831625,-0.0263183913620563,-31.96161490852731
0.6467695721790374,-0.5087866752140802,0.4199509876661869,0.7823853986053553,0.8958757231241857,-0.36177910431251603,84.96738810068808
0.9900427357030347,-1.742865531944636,-1.550472314049192,0.24736630757667633,1.1949376541632784,-1.1297249921848014,-59.483338599822574
-0.030240531250843444,-0.4445043159852543,1.2210612543950505,1.4341501497491702,-0.29616473435193885,-1.431499595972697,-175.52451163683978
-0.026192527235205734,-2.3744543281054407,-0.6218803943490273,-0.6067885696052927,0.08067171561593431,0.014626666716117715,-223.02392811927558
-1.5098134194176844,-0.822983308259456,0.2994718421216096,-0.022929129866473184,1.2474156568460153,1.2681717124370806,88.19805116654685
-0.3161847956707972,0.02609046025849649,0.6677679085541853,-1.0278686050909143,0.4962214447725437,-0.5501302058467492,-82.53432644560402
0.1447512514602301,0.9973542527633577,1.4132698926102112,0.8104068780946461,0.6203667926922004,-0.7236424044902431,60.026312330224044
0.1374742302497246,-0.23055563971566417,-0.21007094324648604,0.3855329180781749,0.345759698864567,1.6182813554719562,323.39372284296894
-1.9079761839750633,0.547802949578514,-0.3900397928139284,-0.8998365070391141,0.6500664231503377,-0.7782194842022851,-79.71159740254132
0.011811985233502784,2.144772947401731,-1.39774719355733,0.6899379389987206,-0.12374644973544506,0.28821838448621034,80.40222106003628
-1.0966726746845483,-0.2874595461114572,-2.124885925482129,-0.05952067822078579,0.9526272670405918,0.4713786850482916,-29.221719250058946
-2.905509409586263,-0.20206729115010869,-1.5273289064393445,-0.7722660295197795,-0.5376223289008452,-0.2811511730786789,-167.26699207747836
-0.08484950991562652,0.0007996731086617805,0.05252027505910667,0.15052144286541705,-0.5434714623501599,-0.5242884775554677,-85.40415076763593
1.0848792300819488,0.6082290377860786,0.49287282533365595,-1.5226191026908802,1.946069791098098,2.0870253467172537,430.2423407522818
1.4494403499024004,0.984228321497647,-0.7908763017919177,1.1347978249978865,0.2871124464111027,-0.547696061991797,-74.31187696525384
-1.2171430451465506,-1.0695587815952903,-0.32620011167845625,1.4275276840517763,-0.9881226548546551,0.013698250217660328,-168.4315241339315
-1.719230993872598,-0.035836845005326926,-0.01979731662278444,0.11841551314726567,0.8576513808957958,-1.56914494169885,-177.66615473267663
1.1033196434096948,0.8922168617937711,0.8485178937474782,-0.1101199334662604,-1.4010930508358828,0.28841255762847445,45.163563377295944
1.5836147527772277,-0.25384232605029455,-0.18005167986411172,-0.46656716085824396,0.33515965478700405,0.7598826867621854,114.70335077231675
-0.9976336274839551,-1.7506827036625272,1.10843680934209,-0.7211262487186099,0.839581885977409,-0.5941996851968893,-107.21401473563192
2.004155465459199,0.3450817095430268,1.0198085354158446,0.647663841516789,0.6922266895448467,1.3990403286057298,305.3257580002699
0.5744377780296089,0.3799517232150934,-1.5281314979650311,0.10966051699795132,1.3473620697480186,0.44820486250692687,141.93776807275924
-1.2470010189522887,1.020662335204271,1.1005278887020353,1.7137593234846522,-0.7951386146014177,1.8430959248902963,232.38284402573078
0.6474838265287259,0.36551075164583613,0.8855975446663819,-2.346548674450213,-2.5034372788824446,-0.15834869610858113,-265.41286707424007
-0.33693591730554034,0.6045192615666202,-0.2617932761345547,-1.1881144705961884,1.6859150291314295,-0.22876626584063844,8.613851141594822
-0.09523073689935642,-0.05782472173156788,-0.9070022831053162,-0.37707494270748904,-0.45184348321575407,1.2142457103281614,42.77240607390297
1.0175793504164596,0.8598615783855263,1.7850081631885861,0.16162352680934552,0.15175462837966533,-0.10010263929651063,164.77428161659412
2.3354362172232044,0.09770513099386069,-0.6682298417776104,-0.1791495796564014,1.0062052525004115,-1.9044801611039481,-8.733152288735567
0.8197242082928121,1.873722085663528,-0.24868269286820022,0.7492111757922838,0.3302117624945191,-1.652584381432014,-11.05543330657026
0.24582722669573237,1.3049501631958422,1.0575852272791102,0.3428209344363883,1.7081251482724493,-1.0184102023106827,70.0416128265815
-0.19303570417443605,-1.515616291736986,-0.4793006485746481,-1.1973621395955787,1.0247488119147201,-0.756495538598853,-37.191598118102974
1.1100126807383357,-0.5738582870011137,0.5864816676684448,0.25852521378009274,-1.8228024192032168,-0.6225469759066348,-131.96089514867373
-1.0267409725963483,0.32918889086208425,-0.41651676472583193,-0.2576638946959549,-2.0044888028812116,0.218698670655768,-176.49456831456263
0.0979806230623599,1.5897395970773962,-0.5973810632095244,1.0186585933029224,-0.3286106838967453,-0.22267607401017753,1.4643787862502187
0.35182516972300515,0.7961128358892867,-1.2624146915561736,-0.9887145698660842,-0.7222743730646665,0.00015959626449771008,-5.478728867254588
-1.9062117645567722,0.9348766375607058,-1.7524237120099284,-0.7393973628465103,0.03934185827747779,0.047656223603084,-62.85975576164468
0.4810618882979528,-0.04994193765584894,-0.7113902084288999,1.0861954484048006,-0.17490930221245354,1.523165550023667,188.9985216475862
1.0968899819625744,0.670891374290285,0.658211663513242,-0.11436676028352452,0.2601470112413235,-2.116280490576016,-89.36415001560546
1.0419335291191059,-0.6063605448782258,-1.1206135110922721,-0.5138010814053804,-0.442192782178395,0.32346455480446534,-80.01876567006661
0.6462266706803053,2.3423376716925217,-0.02870305289908667,-0.8245276651379388,-0.44559975844461697,0.7081646783303179,142.98718842105814
0.4125961217486417,1.084490878370271,0.7438880710917031,-0.49159338846296075,0.7568297343240061,1.1358863136710518,226.76992527992348
-0.11017417524810069,-0.9646624996203734,-0.3472707175149833,-0.5265607430346569,1.6366111248124204,0.030888456872535143,-1.7911569471195534
-0.7481347705643415,1.7727921625929186,0.5435842291446032,-0.45519253131817833,2.2590863358939552,0.5480257368133457,305.2804590478781
1.4917627448442383,-1.2052208895313872,1.0749353794021537,1.8792798780152984,1.1007563285831763,-1.4702513866708622,5.03341084250483
-0.9761742567079504,-1.9712172694794718,-0.4007361871249021,0.003652478489247737,1.8552680998898257,-0.15046084780575958,-34.533199258536925
0.49246240109314016,-0.7351399713992126,0.4829707259366308,1.3253106742549767,1.4316088540901581,-0.017187101573788742,115.45855204564302
-0.547881164137912,0.252893867060651,-1.4041396192444664,1.7678657111776417,0.6364364255398977,1.270244764242656,197.60747024742196
0.140474136888096,-0.10129330252894267,-0.182402043065771,-0.1741822285533312,-0.28160920822512453,0.06767546472246495,47.1584439946148
1.3673175075940225,1.018906975088984,0.4370620348245767,0.7405927567896188,-0.886461921938245,0.8390009146858143,56.479641414501046
-0.48133546996598897,-1.3955083630127305,-0.8717457950025859,-0.2525835447658559,0.5405729487434456,0.369468443597027,-55.7250434855155
-0.09884196418066987,0.04916565316509362,-1.0676483111725978,-0.9263946333067085,-0.7404414577186331,0.16098970474563892,-44.37849861329051
0.016379875661653432,-0.46519534987509487,1.414811675506208,0.31795689076652506,-0.6462283824271529,-0.12426970090197195,23.660525476012836
-0.6602043070622851,-0.09251517984101472,-0.34887464917914934,0.45076863469639034,1.0522389448835185,-2.570298674201694,-174.5878686721167
-0.11127933017517869,-1.4707676002354455,0.27155792423766845,-0.6160249631954546,0.6223419037326112,1.5109621825326498,119.27088750077739
0.050498664613723904,-0.09741460552411624,-0.3372631961320948,1.4717614447012117,-1.090542511562328,0.024063884008853856,-113.99520879575715
0.09312256838940405,-0.9088846594152515,-0.17581172581055668,0.08763709822720034,0.4689638260406503,-0.6522394973014825,-130.99540933998477
0.9167355138594119,-0.20606837949984677,-0.9826959941474924,-0.23243952328193648,1.4318910715792252,3.2387040915969236,285.5040073114298
0.27309264045909926,0.26099232809061207,-0.22673097693113345,-1.3130230150373827,-0.22941616497624956,-0.7720679889184422,-54.11633957524397
-0.13402091958093723,-1.2868054187062736,1.9715424437303875,-0.11620621230476427,-0.5088611619162663,0.7169491257338881,-3.606547945578299
-0.6052655944258983,-1.1975811330952193,1.0245284353518473,-0.3565672376126702,-0.38627128786830545,-0.9957067555822536,-105.0532055949133
-1.1682731332928373,-1.2408756718838503,-1.6218590713086234,0.1015944110397032,-1.3236698363567103,0.791129863912605,-179.47980569215508
2.2086048786526873,-1.1067839550938523,-0.3163032406684347,0.6374319681829803,0.0996639636467232,-1.854796177836685,-220.5697755789468
1.8550463974868783,-0.26293228598114293,0.09232808033124706,1.0166041620793018,-1.7255023056965284,0.04206296747193335,-57.80155447655862
-1.5128729554151406,-0.7268959442451908,0.015543858256629503,0.31412761293179703,0.33044917587873257,0.9955813369372771,23.292385649526636
-0.6395779644751767,2.2935742447041796,0.604140074966052,-1.1743064662706344,-0.43365534570637426,1.3688979221830564,157.24704768334732
-0.5817572213924196,0.001767177801370753,-0.44349145063774204,-0.6270956303290368,0.17004556188670894,-0.0068218458186134765,-20.389307367946014
-0.5771073713638984,-0.4125981873021432,-0.7377583687480909,1.1750112656616973,2.205108948026233,2.0717788408883284,281.5318190958019
-1.2975049960135139,0.21734591289378702,0.4508906955315587,-1.6286656079273496,0.49272879362363503,-0.2917649002856678,11.164895766510313
-0.6572996856295524,0.225777315300137,-1.0480390077015385,0.5405462202620772,-0.07815262023425759,0.5086336981132616,55.211768985136175
1.4751722990426415,-0.296567437446511,0.084628772110919,0.7268449711536328,1.8331929074351214,-0.6613722906288338,120.29374334282876
0.22700624117009574,0.14711636720335924,0.5040461217978027,-0.776538640999723,1.0893827808234533,-1.065080673736275,39.626395585797816
1.0951996888617228,-0.7230366797091922,0.3428417657394399,1.1520958886194799,0.35531720409805506,0.43612401277679214,104.40636883209237
0.7448014531559877,0.003983618074214181,-0.6102041457987563,-0.16312044299438322,0.03941850394365013,0.5610467515624672,14.747812595202284
-0.7784536352066921,-0.8239296157885061,-0.3332679380330846,-0.11591836843245291,-0.4972605741513008,0.9220173913612909,13.79119645755781
-0.640013639478602,-0.07554867264560182,0.5230667314848169,0.35637162257632804,-0.5657254457441143,0.49696166888866766,-52.14736502693053
-0.3822577003150116,0.5420855888588043,-1.7543317993299494,0.1309467002078157,-0.074168076984448,-1.4812535665262236,-218.0937513506021
-1.1414865740218152,0.6997102279995534,-1.1125934461797524,0.714998991581644,1.4966804275536394,1.065695521731449,214.2791830496123
-1.5474357467875577,-0.8573790727189133,1.7601267917319805,0.02949770139778503,-1.4228138844102987,-0.5495150761682563,-135.46447327832357
-0.43734398841551847,-0.28566019554920363,0.6593375032451652,-0.7586623934572354,-0.21822350330330917,0.5075635396065354,-46.89081985532779
-1.8341712005320856,1.224924892622976,-1.7517870035234777,2.2231432334802617,-1.475553362921201,1.4786433603288982,76.2260949829757
-0.5311687627339853,0.4034470967502613,-0.11539027827747149,-0.9918260721093297,0.7495549434297382,-0.1944062855276656,111.74530523884901
-0.3033678294377892,0.7546369918235456,0.4331997359375098,-0.024330190258560244,-0.8845547038320112,0.2893988194875135,25.318136207093712
1.0841481403916016,0.15480027966521304,0.379790788469236,0.17251218123999867,0.5253679968185773,1.152280236429484,215.01693683282798
-0.838166499427401,-0.002074971259585651,-0.8612810179547938,1.817822790328571,0.3292790258599312,0.30550901569936323,-33.57544968626536
0.5319310808702502,-0.009400323392457187,1.1612463121221814,-0.9290472266503438,-0.4276733885288967,-1.164916607029595,-92.13911105576555
-1.7437780159092122,-0.10957511470009781,-0.939434879417936,-0.07418477700422292,-1.645526398288227,-2.8415703515531554,-520.9098539132954
-2.0007198349372124,2.614078577106131,-0.5797959732689328,-1.3634254408703317,1.1572955936734546,-0.8648181510508953,68.7265440585555
-0.6564398779846522,-1.8815469714059248,0.8777541109248485,-1.4451083728826029,0.9840257503475145,-0.8968795459991387,-136.09223043415903
-1.0850808212973886,0.7984140118961545,0.6646455371356437,1.064030696881664,-0.5534856037900724,0.4644230011118516,58.958957862588285
0.4776949504800361,0.4564667551607644,1.0889510633775963,-0.4403862146220987,-0.5442282081179938,0.23156246847841352,-3.510434004331607
-1.2980397800214343,0.8493048304265275,0.616650770665966,0.030291852263195806,-0.13278031575474258,1.2155072849332254,61.84466411826773
-0.6968718900217821,-0.4974985262904047,0.3490043471986172,1.695608298980011,-1.3650099499287578,1.5788905285166968,-3.495136861845822
0.22618509920259497,-0.10560281671317945,-1.3084196114992934,0.031787566687700324,0.48197952149740714,0.15461860131369162,-5.6312107511836595
-1.852588972932049,-0.28722087238206306,-1.3141504881953865,-1.3219690478271615,0.4370256896527311,-0.3481980109477266,-109.2492773238848
1.1069616217358156,-0.8664016174624825,-1.4652746502207465,-0.8873868487240973,1.6128732936600645,0.23932630942768765,33.43094107277949
-0.6045798309217025,-0.02036877541207579,-0.5274030419634119,-1.6523726065981108,-0.37194553618033344,0.5525149374644908,-32.00574356611814
1.0656778116320753,0.38467386425435096,-0.1675512066411081,0.3568724772794304,0.0635121076290936,0.11606284246361688,31.916049590722622
-0.01460681656099837,1.292443632332783,1.2149879887581538,0.5958626652330784,-2.914899902340946,-0.1152008051176785,-144.1344423157259
0.5627738565457524,0.7539697198041619,-1.9419136265740324,0.35572453872052245,-0.9552110511102044,-0.9900787701801006,-169.95401778516677
0.3175309791696917,0.8383421010002096,-0.4975915732113597,-0.7194181715898634,-0.1837009328029224,1.531402286954726,177.52412441994534
-1.0009973440070337,-1.0886069274503538,0.3001724976320486,1.4113185479035377,1.1410265726073114,-1.432078610929601,-165.91732267925093
-0.47012922495395115,-0.2882535441424215,0.7922130452155511,0.09511418477893728,1.1182080721384298,0.9589001748568287,216.84035136790723
2.159723218778392,0.6911801365304245,-0.17917862854555025,-0.29073663128186067,-1.5194002025534512,-0.3293334189877309,-81.85216907676562
0.5476239041565117,1.6108120022235135,-0.4410722419818834,1.508758458001125,-1.192463284515965,0.5359107481510675,116.31005261388725
1.322399088889135,-0.10076555393757834,-2.0446754590301888,0.16803851786054166,-1.3608326044771817,0.7120306232183193,-138.77613599477962
0.2854121567806858,-1.191422842020789,0.2522910418204695,0.009830624692099133,-0.060304123462932256,-0.926664060901528,-51.27578473399345
0.4703405510035085,0.9620356277053063,-0.38721883877735574,0.09953154199235316,-1.1124594289550525,1.0582021367934282,15.144487142707732
-0.21353597327941953,-0.713891114972753,0.11927294102658434,-1.379973554990164,-1.0233982690825896,0.4076869992732376,-172.1652919906208
0.055814475759970776,-0.7641842597232286,-2.5662458200617464,1.0791273735769285,-1.3255099278780265,0.8410391064126074,-143.03086704967484
0.6844228929457283,1.4113736941600818,0.1556878564052672,0.31983202083990814,-0.02581496462173116,-0.5180847876180387,89.21971071919019
-0.2602565728409981,2.082088798377531,-0.4577899180563809,-1.1194016695553253,-1.3513199217068301,-0.31381224527194834,-45.77820123545732
0.7853024349017407,-1.8390276621115937,0.4075499613999053,0.038394288414467716,0.6485953306510609,-1.0587726135274427,-44.460245314727906
-0.12563557498693745,1.0723155656421273,0.4268339948834389,0.7142185280687083,-0.30437285203574427,0.9335818686664886,94.29282176206027
-0.777340741059629,0.18701460845698584,0.09929807780606782,-1.0011144002521026,-0.9234873237382979,0.07660418507149439,-36.53690788475386
-0.9332930568672271,-0.4510022899619807,1.2727666196532992,0.8240880984841015,0.24785642299694055,-0.06215754040646921,23.40331567986351
3.0576887041620853,1.5758479203233144,-0.36886659660711196,2.2247415103754227,-0.8068306288358904,-0.7221315026171843,-14.334497063961948
0.5506723115679267,2.3977544879625574,-0.12412148204717988,-0.8480979161392941,0.4758431677505558,0.2715464033456837,133.81632399720561
0.6332453193166744,0.12022107421436419,0.35020988795710206,-0.21648408495920302,-0.3018692935937554,-1.5985653724481144,-120.59511750674895
-0.4269881908612144,-0.5827870233926283,-0.9055305221140482,0.8561280034923588,0.9695661014167867,0.3634358861847776,56.30164187894746
1.069353080546261,-1.3738356301250196,0.6358828718933723,0.06765724478161708,0.7185178222238998,0.11167053110336744,76.60443396048386
-2.066321618899136,0.8861403792108142,0.42655661239647685,-0.2784760644012206,2.1635580280193194,-0.922929436027808,88.61029770420403
-1.107225993834159,1.0552517269844923,-0.8139385815705433,0.15913045940801943,-1.4706970244218571,0.27927929540982227,-70.94663788473818
-0.9372827405868264,1.1958676167352915,2.2143587782286227,0.06049980861682969,-0.5218855517012679,-0.8600945275605785,49.180587174072386
2.012993022486343,-0.21939563759974165,1.215336719004589,1.0804439014233689,-0.666655240206606,0.29480735881508896,91.08762323013167
-0.6421358844271293,-3.040046336505585,-0.8591368170754387,0.7047591025630261,-0.26130154429357594,0.4349267048578275,-197.7923358083822
0.12823590862196932,1.4316495213731437,-0.5960060392028683,-0.4011737247668508,-0.21877398025596007,-0.08266370209548603,45.6838133182672
2.0877255209117673,0.47567103029207913,-0.9516154017246187,-0.8679638973877835,1.875547487492439,0.354044486486603,143.3078729856638
0.28608244370445884,-0.24222929214696712,-1.1537106300043793,1.0331521669129375,-0.27417616599859035,0.6949508315199296,-39.53442427431812
-0.7562276205377311,1.1482656111569265,-1.7598394087419083,-0.38898701838300054,0.7995421738329365,-0.1044871119303075,-28.404643554710404
-1.8667459295527224,-1.4431839182292583,-0.4143263468825979,-0.07529905905343916,0.31686853325167613,-1.6318133222010496,-257.77283168193367
-0.07986649467130631,0.6740821887292912,0.6043348258678364,1.0706223501910412,1.5728982225393353,-1.2314115089481876,129.22757103317616
-1.7390762610704884,0.09133645139578477,-0.3961699729966293,-1.6237551951051503,2.497149861120107,-0.007672371324407247,174.06209626119602
-0.26689466103351706,-1.078609761582479,0.6099910780721614,-1.0855332045902786,0.740829496376117,0.44085372114989835,127.21767819242066
0.3632458721120641,2.419899997788847,0.3081639194064341,0.8877803342625882,0.8628286704733431,0.16517565985646152,289.3776953895065
-0.5674970476957225,-0.09891901593602659,-0.06154194183966946,1.0102873370240575,0.39178263022129317,-1.3011719706572749,-198.54538736593275
0.7614568664312241,0.16478788602353298,-0.21545710212739944,-0.3973805918087635,1.4473393784421675,2.1477526932866176,321.1498918917054
-0.1407756253489483,1.6572095147511838,0.646137057054159,-0.18618654271855667,-1.1359841864180291,0.04737406876028342,19.452972036156012
-0.7968788806468529,-0.49001750146499057,-0.781057851006255,0.37206181444315656,-0.24462868833729468,0.30485861837605327,-9.331766858800655
-0.1177700071048623,0.7110704108855115,-1.171953607475759,0.3789786671089345,0.11342715417255059,0.24625138713998998,-19.496860013869423
0.33061675458387607,-0.052241025370313186,2.6800265505021548,-1.2772451160745355,1.1512504928457292,-0.6914722260763593,121.83078673171615
0.4213189997833753,1.455365957569181,-0.24428267434033146,-1.9866484316903388,-0.6017093595094999,-0.401767345138839,-89.46487706757354
0.7607046455212765,0.8390602111606486,-0.9734750832975192,-0.7423621344173369,0.1690904171926719,-0.02497880240671093,-50.51018296982355
-0.8862073791376055,-1.6297303680759587,0.48839781878779975,0.22006132646728765,0.4593939676264128,-0.3628783148722435,-161.83752298705184
-1.129868445978905,1.4615884342523084,-0.7328495165591554,0.5645041817808774,1.6219609252423273,-1.9063059078701972,11.440459122052715
-0.3721534043661171,-1.6806242422281559,-1.3089265990567702,-0.525039536169069,-1.435212483172199,-2.3036126474971743,-476.9195943410477
0.11568517202930366,0.12222801409387442,-1.4030799040994726,-0.707835783216732,-1.6061402753586624,0.46952861922473665,-141.24610663158262
0.7654690119158327,-1.4071497797467007,-1.2608947373701553,0.8642122800178388,-0.43033319706601253,-0.41992073267175833,-291.805583532446
-0.6521468880938073,-0.671189003999655,-1.7328982350101085,0.3562640450190641,-0.43709441192841114,-0.9610018122807903,-227.78255621241945
1.494497146385681,-1.3001031540967722,0.924453720837351,-0.1733016520754616,0.48832019603701476,0.4137639476366263,97.20277212495084
0.37900312513660395,-0.36788316715577646,0.03881676433140367,-0.32187272493567703,1.9385698469082975,-1.241038582460448,33.79636579110635
-0.1521795514870618,0.49440320829188394,1.0945619111425422,2.062325422831476,0.4162115223680643,0.9862403331410792,204.97816420330668
0.7457890434139945,-0.22238428931831575,1.3743755459650207,1.2338603861060222,-1.088974091854222,0.1820925189373421,-49.215898225548244
-1.5019426004025644,0.5973980076417055,0.566097067451904,1.064502487262776,-0.8850848245873129,-0.44172178114735433,-66.97613620491211
0.9156557101602499,-0.0008743176279643809,-1.2844044693923482,1.0454914410271432,1.4756666877640159,0.14956330855219174,183.54555977760478
1.8137189188627891,1.1577355961282751,0.08230485219407814,0.03421087233154543,0.05907449078216899,1.4110358071777098,319.99988434069957
0.5917750334816905,-0.2620010292888325,1.0093509111850147,-1.1794340398831484,-1.3750385691507674,-0.5326178307619431,-191.88576853935996
0.5248469829638889,-0.2950550843614802,0.07845972967096904,-0.11320341691925341,1.6421799722733899,-0.29101063644111635,110.06199227721325
0.06828972291622662,-0.5838865650613742,0.23842605622468674,0.8271052735168042,0.1262549873248372,-0.36770856417908676,-107.55077667864339
-0.10647153972487011,0.4025815269002163,1.688329966425377,0.2003238862541586,0.05251382552912959,-0.5685803849301809,48.847184391219265
-0.30624248158740197,-0.1577380099774834,-0.7121054784443781,0.13527965977286288,0.9261435544647326,-1.4047410471323563,-74.93605289755425
-0.35165996268558325,-1.1381509238378107,0.9480925234134496,-0.6703020464755678,0.40421408744989873,0.9792375750904876,47.21801649717633
1.0020407930931934,0.6754627597128642,-0.1842609997339381,0.7512558619149363,0.8500998100755687,0.02379119570312427,118.32846699910598
-1.2184443259671638,0.6808218785165049,0.24472264865418852,1.1012855017404586,0.4220874756214678,1.0506346751841127,129.6354763916083
-1.213079313713742,0.38077403438674534,0.5226282008739148,1.7484963257505037,-0.2687981032183097,-1.3813311009043119,-131.99322505600412
-0.8060672669547801,0.21685545626091604,0.2546652971643344,-0.6478219247931847,0.05056180056531821,0.266389577122037,13.310887909495785
-0.512144470237979,-0.8947593502105234,0.36939735851007316,-1.0371572557974298,-0.121308398370896,0.28899510371704745,-98.7040278912077
-0.1670008583741608,-2.2982316266285583,-0.5716583754525602,0.6084105454529325,-1.0355228228265057,-0.8807802396712832,-342.0173086260004
-0.7210333680270905,0.5929773693302631,1.3987035503876244,-0.9030086774891964,0.39505506242445865,0.12149647638620358,20.493604834448746
0.3512624790293271,1.3567133795094475,-0.5608830777153118,0.982829451215998,-1.1033115582853792,-0.17770847827643546,25.725538577789223
-1.3611011483423394,0.5266357227128374,1.1555826756861498,0.44226479875670627,0.2793664805137852,0.8029071178240327,184.80609942471628
-1.2043543314261678,-0.34333452313009233,0.3193979085771035,0.3874049952843526,0.6634610766308456,0.3451129716153257,-32.57146488526581
-0.032558636343700535,-1.067607009228733,-0.8190792332091452,-1.010411426214453,0.4079525717413494,1.1811513170015704,-9.012800644315
-1.6623583169948428,-0.9363078773229744,1.1302101704711587,0.5918988428180026,-1.220567142226905,0.8718824244141583,-117.6613481401485
1.0715475933737921,-1.765863829376119,0.12410015857845037,-1.105549759652613,-1.4121181151495452,0.7553002777116734,-167.29770478268642
1.9713664462840959,1.3025602720279936,-0.888337844131239,-0.9808610852895552,-0.02362140750891928,-0.6740874643298371,26.868938090155034
-0.6908042818679591,-0.6226064729697038,-0.535829265588375,0.1618014733092736,-0.13809299974117614,-0.82514763690517,-130.56830454881282
0.8104507562934088,-0.03211848068336202,-0.48082012177609684,1.0411762896297367,-0.8917031411484442,-0.9497985649393134,-212.93398352673861
2.121992050338214,0.2023486291393701,-0.18253065127072393,2.6254602118828116,-0.8965699582643603,-0.7375103328492134,-98.59708527210563
-1.2818667998810351,-0.28890209756378665,-0.6484807410620108,-0.5603335329886162,0.6244143636700239,-0.0004077305147940867,-1.187550516646052
0.19654717018981158,-0.2134609841177311,0.19509761871625017,0.2627221457839635,0.8619439824047915,-0.3000708661417611,6.184872172861105
-0.6540337873101366,0.4551965310803727,-0.20295248151228523,0.10962872352892432,0.9205892698520097,1.2886497745712626,233.75897895109986
1.40971797680965,1.0472113069610631,-0.5166850454427092,0.5001247950799141,0.633498448574565,-1.4009734798996392,35.98771724198166
0.6291630659744873,0.17489927263910024,-0.041739466474832274,-0.2000114011461533,-2.9174354702209007,-0.08469301807700193,-232.1244100646596
0.3008536972426521,0.7458307493854258,-0.09511858540070166,-0.694354963101464,-0.9526015821895719,0.38740679297489394,61.525889972557806
0.7193943076767287,-0.9434272740277422,0.24979901197510446,1.0982141752071661,-0.48669584255463216,0.25594278259351144,20.80035011098453
-0.2567784506394938,0.4795324605394262,-0.8571998918166135,0.9008795218552115,-0.026873345216061394,0.7050650687728025,7.043529301078394
0.42553366449446156,1.0911533996632021,-0.1696821105982024,0.20291977168884318,0.08548023954478606,2.0974069452807114,196.38687902847187
2.2555794325741756,-0.5217776661970749,2.315460255409571,1.0319423892399024,-0.11804038187514604,2.501638805524594,395.86323857666724
-0.42102134995052226,0.9398491122914848,-0.24973879199576263,0.5072430723722705,0.7683046760129127,-0.5935598316930477,45.000150716013096
0.14058585242737798,0.4108377700168687,-1.475840514765328,0.5316132083256014,-1.363576204011698,-0.7650762631651996,-142.824902984897
-1.3914003381428084,1.396183283005879,0.10321899454067854,0.38308891334681067,0.4271576454613494,0.3966761831373005,162.82238921253688
-0.6085851852181862,-0.10899213900871203,0.888789393629563,-0.8631676847928507,1.3169576838491626,0.800648255003102,167.75566821556274
0.5725299984917406,-2.0819471780662475,0.835451054703193,-0.17101601882029221,0.9678759804993037,1.5682579736751887,102.96957780591207
-0.5620041117055151,0.5916512124417267,-1.4336821360742393,2.389334892554789,0.7190660722693034,-0.43370468798203704,56.41284360223318
2.279402541492882,0.5278309825137102,0.44295073391011397,-0.7731889494468435,-0.39360789018709896,-0.46592270062417496,49.92148298716943
0.10594900624221724,2.240441698169571,0.7731245639150839,0.05443518158879792,-0.15318823376466173,1.2702189998635778,267.07545284446104
0.9014793936835586,0.13659077165714623,2.38495703497344,1.624014640956895,1.387677782502804,-0.6900936404247253,243.49507812722965
-1.2242127595248204,0.6134232852916925,-0.6438721895295636,1.1772791933400835,0.10207712697844161,-0.23378149202654552,-33.13325509431213
-0.8941000928247355,0.8120548036287947,1.0463713935075483,0.8052865947835884,0.8922464644921044,0.16116234316412364,8.657715099099676
1.178896692039094,-0.27954204862757454,0.5739427411196577,0.33299694529320484,3.374805986588261,-1.6967105816055592,183.86926990103612
0.6793587109740313,0.9618073967605021,-0.6346025834144736,0.7034993711069302,0.20398964109968012,0.5816426335107765,98.98445912727912
0.616389463723327,0.37779110476871935,0.35027795107396753,-0.0647151616476015,0.5403657825745205,-1.1957683075961116,-69.3355648222395
0.563857880271739,0.37632116841598967,-1.1229271948992363,-0.05993772271957837,-0.6426647312692603,-0.9805995673130444,-218.7065662091028
-0.9411420742842393,-0.3718255262252226,0.027450262885638347,0.18242620708685772,-0.6687380400436629,-0.4390596683081111,-47.297298949780014
1.3298922134926716,-0.008699817904378713,0.3617389996989692,-0.08492404892074007,0.4643707269841353,-0.732115772800394,35.59152613107565
-1.6992279673657984,0.6375777117391652,-0.5540470190784997,1.1238198021156933,0.21119884763267255,-1.1325264280425347,-165.21186478185942
-0.2468477203053708,0.1915332349058657,0.2526017336778009,0.011513444911409975,1.3585202459366488,-0.5640804589129244,109.29404775095962
-1.2161543111947344,-1.3409551948415206,-0.4164049988118402,-1.3001743449171022,-0.0829830803809131,0.18698318055344165,-85.03558184830496
-0.07311322578269161,-1.2134760614587548,0.7136092497894811,-0.5011490327496919,1.502960896133907,-0.6845162952045375,33.089207026045
-1.8103817074412507,0.1435073252016296,-1.6994835903284544,-1.7730007735951354,-0.4288645497933395,1.7915041162157108,-40.9248828631351
-0.5508708777182182,1.1752525287366606,0.4955369683152391,0.6053975393994018,-1.6223424527441201,-0.32536613896918487,-44.32238513141669
0.6563280586033224,-0.7080348652980082,0.4701548279198184,0.40830990478252166,-0.41813825031193874,0.21437257674113835,-34.779137176151124
-0.7396480794503625,0.6903316952819433,-2.082973182852407,0.20829053061929562,-1.1225218331040714,-0.13731302206605064,-136.04624620012729
1.2728524479631147,-0.45311014304645547,0.8988497511804686,1.29437674104192,-0.9958062847832464,-0.17397630904022773,-86.66908860061093
1.1760983202835098,-2.293213952937211,-1.466279314710452,-0.24421854141584526,0.9002630967050287,-0.6168137778512107,-88.73429926454963
-0.22261526797179254,2.1141482869775774,-0.20457456431176688,1.3295797170937056,-0.18267450100571345,-1.1213425899744536,64.99024649165959
-0.03501320113653725,-1.5361546088352023,-1.9698796439851964,-0.9840284465126621,-0.6919662892004604,0.38995783779885973,-141.21974246934423
-1.1527484824311902,-0.6166204897550485,0.025309587663613346,-0.8010045952116488,1.061221560510736,1.2760811782224566,135.40182952428438
0.1889814612953884,-0.6485083144900935,-1.9212867680086134,0.8450059291494317,1.0833644398978428,0.8617242448755436,83.50890175928079
-1.0094516647279461,-0.17866672517094165,-0.943641832628153,-0.3267934167836816,0.47887521254749543,-0.8456548319341272,-127.50368685830392
-0.7860211113810158,-0.6766164656942643,-1.9589027078870715,0.12092693527646901,0.27886498181215064,0.14424597940375622,-15.8283044645368
-1.2956119248770854,0.5879100096542076,1.1073551053545003,-1.9877580716798224,-0.17037744605331093,0.297819529965112,145.07006048291723
-1.1692682145045818,0.8062026488919595,0.015834645205708254,2.3336446246047893,-0.8998486844942712,-0.5957296940270239,-102.54520039905924
0.6841839250530377,-2.0366987780477435,0.9680887533124147,-0.7665036103768318,-0.17292394538029554,-1.2017342108505993,-182.84492096535433
1.1878058486848873,-0.2215797664654793,-0.4907435265409756,0.05321410923836248,0.5719000463651415,-1.2681450010653053,-84.77089595200225
0.08475066325072039,0.07833423182331715,-1.7661768327047351,-0.7171502010505355,0.8276785835572722,-0.9312488888374374,-119.00714384443721
0.43893633456876047,0.7267611268808495,0.6729927279973487,-0.6587294684782052,0.032723170351235564,1.1165832933560529,154.65264300965902
0.7401138167344251,-0.22256064721627344,-0.7210173173724447,-0.9637907856600947,-1.532540137159205,-1.8432459966231265,-328.12686557370137
-0.059828147486237375,-0.8032509449346824,-0.1643960958414978,0.05390057928633663,0.34131997279050186,0.19593365226490855,12.174817043392995
-0.18360725188663482,-0.4340320645460641,0.4816579389768498,0.10231140751961998,0.8085833116157706,-0.02866274118596878,77.83678794997348
-0.6653259201065619,-1.1418421777260186,-1.377443610624942,-0.6941319480888692,-0.5808690058395605,-0.38876917587714216,-307.45670945171753
1.0246667258473632,0.7256347822617427,-0.9032676023063995,1.4184582922644269,1.1942123131420632,-0.923700552221546,138.24578604370788
-0.9525318270124752,-2.025090517511936,-0.1828392270825319,1.9996687533129913,-0.41873982100920426,1.0293088752815904,-37.60528467620327
-0.4784446589896185,0.3587103427230955,0.9363490681507448,0.46130739792783987,0.9666620333812309,1.8551986643745115,271.4736109644113
1.2015486072135642,1.2563821644070736,-0.29742430781799123,0.6321288852424107,0.3126368976921699,1.340214727423872,212.60718599673623
-1.1866936708170004,1.4658852378940235,0.5089415069052832,-0.9478772543790908,1.4916183496710416,-0.5741389533568222,128.39124007063597
-0.36417982946729455,-0.1570612474660523,-1.7165254963347047,0.37709114079807166,-0.31854282757745017,-0.6258272176165334,-95.78400874061526
-0.185448804201428,1.211115586030492,0.5059360742242439,-2.556271469252284,-1.60574052810055,1.2336018853425046,127.04057317986839
1.660569927477547,-0.608040746065961,-0.039590909604151396,1.792610512819631,0.2684419944226697,-1.306814613783494,13.859942476064845
-1.3834998768796145,0.784777493476534,0.3569310051653785,-0.9883904407797511,-2.1532709815609032,-1.4666992899824884,-256.55895085670954
2.0733147175982687,-0.06560100476440654,-0.10730165433133629,1.0600155641307256,-0.8479277481832169,0.5099108599691403,68.73131061395723
-0.697387399917758,0.41474485877060374,0.5088383072718362,0.5033971302665159,-2.1494528760220524,-0.8225643926469495,-179.11000452141985
-0.7581985127416437,-0.6609187014762798,-0.18666510234466943,0.7431618288139289,0.8185392062697141,0.7421946838846297,120.74973212696193
-0.9460196930472753,-0.8572747902155471,-0.8581929383782263,-0.6041657835808864,-0.9088808619460215,0.4623485338075001,-107.06579544939282
1.2531900491156507,0.20340571494015194,0.14144584320858236,0.9056295518589182,-0.7784788276305561,-1.4568294108145703,-191.18864727553853
1.1911223690931805,0.13220337967586374,-1.4476707695020083,0.2384353277611468,-0.5485003971088843,-0.4309778930119933,-149.877721484913
-0.41217302778572973,0.8951784885466968,0.9261109616868436,-1.0116211692247423,1.9048539949631644,-0.21208779565606775,204.44769702082888
0.9675075902810134,-0.8830550469512892,-0.8623032980634439,0.5502296399884276,-0.056181527419942506,1.9874697070376404,91.40663998598379
0.4941794994892457,-1.4436893506558417,0.07961821188172982,-0.20597794681250733,-0.267701082388489,-1.26500284286479,-256.2286001376249
-0.7302440068911978,1.1269365721700169,-1.1855929967978283,1.1080598034259805,0.3125250720907975,0.06092880250703147,24.66240278816565
-0.746547369694742,0.7653602956484128,0.3635586082674447,-0.22175639423603005,0.4616231794841187,-0.09103237183663158,21.24763512976385
1.1547477196665064,-0.4201596273063067,0.2594590803271137,0.22065993900818925,0.9041634322218204,0.35072133179886833,102.96220109132655
-0.3345129190941623,0.5474675753720163,0.2543552220989723,0.9253462155185084,1.4517924187776028,0.8673639058057636,270.41951416007777
0.01945690737233253,0.07892723807702196,-0.44322623463154875,-0.9425641737239138,-0.6433807194831702,-0.1929917515064378,-73.73188953904227
0.4272329451297198,1.5362437665003874,0.6864057774508945,-1.5925841532000486,1.6868119779658886,1.2571987842879926,446.6955470860727
0.09517519845704453,-0.41481771723053296,-0.41006562518242934,-0.03137908213581704,0.1784939494341573,0.652641807458041,32.05339728122256
1.6935289987466198,-0.019257897367818768,1.1218343196897311,-1.0163988557271773,-0.7270446484765212,-0.025732308406572875,-66.60402664605873
0.741104790240482,0.8395848762821672,1.297668022237584,0.38783038525846036,0.2959448751053241,-1.0287527206244333,15.012238190485128
0.5389195031713508,0.12300632650119137,-0.4701915945883387,-0.3813288715531035,1.6527579952961093,-0.7382281368665629,65.72942851087561
-0.20038158726398134,-0.9969199634069121,1.416171979111413,1.7240512702844917,-0.726129917269281,0.23443351784019303,-119.02324446944172
0.2545571466432728,0.1935560282392532,-0.3082836505302296,1.834422154541435,1.5491543710178466,0.7381784250317259,172.97029522926704
-0.6728144168982984,0.5174931526010363,2.1063593688112086,0.6936643701647968,0.5498486289277429,0.4816825262127794,201.08467794630027
1.252341281030462,-0.8614726657767304,1.5134796442531862,0.45770892916660877,0.3493718493467899,0.5319852678001561,170.4456431601548
0.22362014097131044,-2.1162746505444607,1.4884132978012818,-1.2943166385912412,0.4307745903625416,-1.6065050085120982,-124.68318213402932
1.9278915625055826,-0.965985847638863,1.0091901787053814,0.09385572785895432,-2.2130912053242935,-0.13018865563586385,-124.94803765587898
-0.5054070960635983,0.37380622262210805,-0.05563089353047764,1.2703924782570266,-1.7553631749493148,-0.8941050266857078,-141.32514851531903
0.3906844954340622,-0.9889697364001512,-0.9254049693533554,-1.3216311048044576,-0.20154376033202648,-0.23296321237087814,-131.90205009690087
-2.7822856945711494,0.5989094735264276,-0.029941435736594777,0.19501483326499375,1.9082040393788013,-1.051968582036193,-36.28406788768185
1.6176441757407627,-1.204932753471626,0.9449433666487393,0.009000290539597043,2.7138276360674918,0.9636734404314578,216.26528520120445
-0.18937501661897532,-1.8812777925612114,-0.2733174556150047,-0.7156634108150575,-0.18109948458504607,-0.07939196387571255,-161.13385513497337
0.581513654033929,-1.3450189447176077,-0.6731277864964058,-0.881598581953718,1.1432389797714213,-0.33341878456386453,57.460887844787706
0.5530773838256406,1.7886746353656782,0.08037846970013256,-1.211787213813111,0.7593244095179766,2.222328647016291,267.40549603635515
-1.6243705572716958,-0.9751932448382187,-0.5367711569497691,1.4136567250722116,0.7167314343719352,-0.3610209067418735,19.644094991222318
0.44987575640039545,-0.119850376643372,-0.21137157857320027,1.5960054113352282,1.2852977139358095,0.5822377698569399,163.43441980736333
0.08711104396400787,0.3699927583178834,0.28668917233777413,-0.4133320312831068,2.73552197421821,0.1542742573620514,91.18947006788744
0.7166579508224937,0.6353350838226655,-0.22487304237327493,0.14553074286079914,0.9297509853366692,2.370864718730823,360.1320431094232
0.4228859826845962,-0.7740756695037638,0.07848030947918387,1.6132738728692173,0.5159623562895703,0.9994523785114049,169.54208279526108
1.3530182716291852,0.9122211501756906,-0.43419833023874893,2.3987227219279066,-0.8835940332986996,0.3635833988543425,131.76189810817863
-2.354638753049668,0.5738646685947293,1.0079305113046861,-0.7663104205398885,-0.900896232281984,0.37732987407579854,-3.7403397012331823
0.18337255341903272,0.7450394043990624,-0.8949767130503794,0.14178043191297768,0.2494363486071259,-0.6371288079253525,-12.714132877661157
-0.05005189538760547,-0.29653823883432956,-1.4087816915265599,-0.10231410099234414,-0.1482196164823812,0.4750991038098868,-16.620864049932987
-0.09054299056699583,0.4460239868635607,0.10924678385840043,0.7260158059082835,0.05311985961447015,1.221326025000359,278.2258484327559
-1.1087536625474326,-0.8710700321500687,0.25813631370075335,-1.0238719929684585,1.9875741498305812,0.3036037739552182,-12.576236920196237
0.42838232856833514,-0.48489358280644324,0.22839022949490798,-0.4913925739074319,-1.124752269166926,0.005421899262059281,-97.81830607928205
0.6272031109282412,-0.9900936420329004,-0.7930516334875888,-1.9552371994423663,-1.3841999287798463,0.20086828040357155,-179.08445616653123
1.6351341964356552,-1.396381589376527,-0.5845162026903516,0.1531992949042874,0.627123995158935,-0.33039012900842724,28.526401591286543
-1.3386380373613391,0.7662752624410865,0.34275022294677404,-1.327848970653784,-2.1814989911043834,-0.1591579412754439,-104.81305342837055
0.7687838447953875,1.7038721345613554,0.5647137762020422,-1.6729381199322066,0.6586443698071043,-1.0298522863084976,36.87956300729894
-2.031376957247852,-0.39447624055584396,0.22989765776480783,0.7416484222473854,0.5031577114243505,0.2132811695448291,31.7064831976193
-0.39635073287030687,-0.7632266285050214,-0.5125784099452765,1.3021207104112673,-0.5581399074733048,1.8008974406989773,-8.413133284303385
-0.12703286004428513,1.4055771198769742,0.014157209555235908,0.49288494744837985,0.5324380708890786,-0.011963388513853087,113.95167035606092
2.0114160914075487,0.13802745301153263,1.5818639582229783,-1.8233527092148152,0.45132642686814206,1.476957442789435,321.2981016166807
-0.2954670790086924,0.13911811405878505,-0.15910599805559617,1.8153903238557005,-0.09828188736911685,1.2020137552509986,141.3963722035957
-0.13960343691035632,-1.6465703462844217,-0.14792481280817385,-0.7504030731370532,0.8857524873306176,-0.5287737419303111,-119.13065518383107
-1.19112855844748,-0.30332102522937565,-0.6282176523382631,0.3478897800571077,-0.4659339122642737,1.2162013943229317,42.89949950087717
0.03920022546732603,-0.38784702257164383,-0.0024897518100614985,1.024950725950869,-0.07544744083013041,-2.4296362980767117,-235.22711100312193
-1.7616555920941674,0.19960673429405223,0.10116230048409332,-0.10613025792581765,-1.2247607212982292,1.1489040101818537,-19.743244218251526
-0.2936546460883254,-0.606855594370241,-0.4536719676204527,0.6245123250492465,-1.5784517650417496,-1.5070610905364281,-326.51795430434584
-0.9318335271480468,-1.1789517540782257,0.38680005742925,0.8428364020203984,0.5265122234684649,-0.5517099651222598,-90.51460917834152
-0.050308050832945775,0.771412442852928,-0.7686520002862386,1.6215701909650242,-1.2998141803174832,0.8786315913321074,-30.32946116334478
1.4466969551059263,1.3485236378848826,-0.5435668519700388,-0.02583733409280217,2.059333800708327,0.0976842476411826,356.78516439772403
-1.0221139301892146,-0.4234565578508627,-0.10221105711565608,0.3381981066538575,1.0752805091131772,-0.2547431285673102,-34.36584732384794
0.6622406454180652,-0.1340949073748291,0.7459017390975383,0.28828025395876716,0.03878300600527131,0.5746003301838214,151.18582487344298
0.9845099557832652,0.03812490007003794,1.3021638876928054,-1.2393364568099894,0.10265011367058426,0.6268767934776748,78.3197015167606
0.702536142947032,-0.5815525172520025,-0.06478376771199419,0.9136587010815136,-1.1573612637602952,1.1542551774954817,-1.7344927832277435
0.2243619570683496,-1.1841603778534522,-1.0869329449743061,0.3451774024755392,-0.9967262669136316,-0.5493441875037304,-279.4406789639131
-1.2919911015653822,1.5627189899071672,-1.1505508116394478,-0.441250832893872,-1.2593615004803511,0.8003310525705589,-110.10036517205351
-0.21422532754718904,0.5398991763783031,2.6206382485278947,-2.0117757878192246,0.6480765213136822,2.0805306655121747,322.23092026126835
0.6616389152158805,1.6266537605979634,1.3870249030041362,1.9873011539218863,-1.0544692510852627,-0.12038312549656366,93.45844090373701
1.0107794575981872,1.3652648692115232,0.1117997719640815,-0.9089108158493506,1.5377699589059906,-0.41871661550880157,186.77809905869893
-1.1692891285958902,-0.6070952754429573,0.40649788241427104,-0.259808872762156,-1.4519368837319193,1.0594004637780312,-6.656139983860122
-0.11489629789989864,0.9754967741160714,-0.007785817611898863,-1.8360141095554101,-0.08679122421898688,-0.9334427214329624,-54.51055517879148
-0.5794858747495824,-2.186559250914442,0.9566201414519572,-0.09538873878452028,-0.8166921782293541,-0.631596015033411,-199.62085559312135
0.6540063268198185,0.07355554472179235,-0.22288012006479485,-0.9345283552259928,-0.5350282651818417,-1.41282037393052,-179.00622116802907
0.5422213582961087,0.4477571728782362,-0.9151670196772387,1.271448623992215,-0.2684870151433709,-1.6937495649486385,-183.43244883681058
-0.5373008841304541,-1.4478819148860986,-1.0021610477494518,0.2179183232162006,-0.0693392545736337,0.35767255772851997,-39.90997470654772
0.7744838091083949,-0.8518737861642401,-0.5970953297879799,-0.7868169224374449,-1.5188858286894402,0.9710674269220809,-144.9364123517281
-0.40059271224978965,0.1791444691190578,-0.5802476957063687,-0.9683918366812874,-1.8165902235845932,0.5569496441296979,-136.1798945484124
0.8719567308879523,0.5632923141372536,0.6150827709210956,1.3255420475224937,-0.7311578614773747,0.5966074477174405,126.76144905349014
-2.8211901878020558,0.1723528117790751,0.9027216868320097,-0.25451030734561486,-1.3208185388172218,-0.23460529805344482,-148.66238694235392
-0.13598717337134877,-1.3896064950807083,-0.5982895288992331,0.9646752996835327,-0.9560082236648249,-0.2715287916097905,-211.57470235808754
-0.7495354445368686,-0.8890587836738539,1.7349830719957928,0.1469249651268347,-0.49689944156531207,0.16924752921398048,-4.2103031260375765
0.9476355896232543,1.3342214967453712,0.5208283952859986,-1.8296035034720555,-0.46967641939612437,0.19249413152952602,92.3403806420172
-1.0028652325966176,-1.489656045232906,-1.1635356691332306,-1.034761372909144,-1.0026976933575569,-1.876177292657697,-342.8526511918243
-1.7606424232691105,0.07945719595972812,-1.8308441250495242,-0.43578642785337707,0.69798911254347,0.28486074634746367,-28.348424470278985
0.04341667125785242,1.6004788273837096,0.061935974712858236,0.15152319096083605,0.4245979860522894,0.20254637840889317,88.02297289455682
0.6891566086877602,-0.30957208395183666,0.7236837317514584,1.0435645333762829,-1.402105103320661,0.5164076737507401,-50.09894174186056
-1.4867394615539609,-0.6141014532139633,0.4207684656787908,1.2729433188241954,-1.037152780983593,-0.8594875120277146,-195.04065784699014
-0.5283141474888423,0.44616757558421094,1.1422014787829136,-2.024274044806693,0.2457297099290156,0.03360394373819978,-38.386716832317155
0.252724119438888,1.0956417377619194,1.2396700556861482,-0.09589582105678524,0.7017435897435227,-0.2522551719758062,161.04744483956006
0.770936918513866,-0.838070463763806,-1.2023229560304065,-0.5925645015985402,0.4608173879695503,0.927041444195927,51.52017193767705
1.0099041983539991,0.21334022132207717,-0.23394410283870898,-1.8079546496601477,-0.3194690597893963,-0.5927467906642278,-32.783812705736395
-1.2124987755211571,0.004606279673238051,-0.9568170709741121,-0.7272388266659964,-0.22221894495947622,1.1368496026106094,40.08719721731364
1.1237397404007627,1.2927001995417797,0.2810929566800951,-0.9099594682140887,-0.24555835735590378,-0.09319763620323276,50.20472516756455
0.3227221253115112,1.5219423555411689,1.0812664271688384,-0.5910400007509584,-0.651289398210488,0.5331326767031574,125.43157595976727
-1.0602962315225246,-0.08430515811588542,0.5368248037177658,-1.0906964707589817,-1.169911744778087,-0.41842331814180556,-176.7048584546178
1.5699988568447778,1.7492059210505366,-0.9045608856633257,-0.3742731595048948,0.35186328256622357,0.617823233212698,132.2358305761847
-0.6894223403521338,0.48073197331289785,0.2898911210824382,0.7400048640590189,-1.0568052147484617,-0.4787501740137387,-144.79741011063894
-0.1840165993470133,-1.2375818517142134,1.6050175067145618,1.1099984737878845,-1.077434339298932,-0.34455207094549917,-61.704684464038465
0.6691105895443519,-0.7997741805460803,-1.0879124340648656,-0.44901270748175137,0.8393189608967498,0.3530539752425549,82.44230517307798
0.7205611341999368,-0.19979413879882593,1.1423848744736007,0.13552603893669712,0.7905216816044235,-0.48186023210004014,66.28901520905292
0.10927426720342995,0.1022913546432988,-0.2793695253085866,0.2363210413861514,0.5118314893385687,0.777339673519338,157.87563447573967
1.5941351248771882,-0.43881854554196437,-0.6549795145108618,0.8999263361149212,0.744685656887113,2.1292177994659363,289.7189268479669
-0.8417212821554282,0.03300663383749464,2.213789922952606,-1.2092279612274448,-0.2422977984870499,0.36906402254732223,75.23274372676676
-0.9303411021423899,-0.8785709810302575,-1.9338740018534912,0.5730641773316881,1.1428550896205127,-0.9177227261643861,-195.4181770992509
1.295937441251559,0.678587440273992,0.3757385905254953,-0.3059341379650193,-0.40258117459825754,-2.0978901644044803,-138.1200177069837
1.375983449508369,-0.0432031236342779,-1.9025525809000887,-1.1983988013355038,0.3245670401526385,-0.42736953638608566,-63.16085085260053
0.22818745524770828,0.018819198270928063,-1.7983949235034384,0.21530560926209083,-0.39924975293470044,-0.13185407425189358,-50.63750471123381
-0.8460661874916252,0.06512410060949264,0.07701328184688418,1.8194808498898851,0.6393419194077281,-2.0917180406520117,-211.50063006483663
-0.7358040452879362,-0.5229444605545982,-0.26901738060163444,0.16536335184794176,-1.4877514386570845,-0.3770305077730063,-112.2005542205844
1.6476617005976233,-0.4684101659813646,-1.8879290250322165,-0.7890508935428557,1.3743417277086496,0.4180295501126258,116.37779511393039
-0.35978563642601497,-0.49557251444739364,0.20771676976293674,-0.13305433296843708,-1.422552903722102,-0.8800069896118092,-180.4561029855895
1.1198140203383793,2.0154778172000407,-1.0830984937659192,-1.2857177718856847,0.25132240148547763,-1.063456525831654,-37.64219258172364
0.18090914405318684,-0.6767739242746826,-0.8670512904174326,1.3081464041245252,0.39152045132075214,-1.4788191273272229,-204.0257845918449
0.4339543498339616,-0.7618312655122287,-1.1025046470084643,1.153317484781885,1.4283234641087517,0.6076901217237902,158.18906394262558
-0.2699332032231353,-0.657471550504813,-1.6693367191244868,0.07271229066871085,0.1659465562295658,-1.339568698664302,-153.16706828548885
-0.22832986710321304,-0.307213790484805,1.1197819292245181,-0.050436467742119975,0.10007785278481392,1.1340413825350226,171.8366581519478
0.1505688546472594,1.5265212613090942,-0.0338490029366196,0.6297034910383744,1.618297929924441,-1.1954071445936654,74.15480835283216
-0.3731103988477671,1.1340631734666913,0.880649977190797,2.123912728942245,0.6873093167750594,-1.4649906029878272,-8.723108949798078
0.13239890087417164,-0.7497996748909753,0.22123801632666434,1.0958677169682705,1.0986335282118043,0.2973943014047423,124.38955286757268
-0.8424911275626662,1.433766831773789,0.7151153870874078,1.1654574629867256,-0.03923895452560689,-1.2579246145780376,11.489309229235005
-1.105144010012816,0.014200109974477605,0.7153243516611405,0.1643265700769935,1.0162345437275393,-0.21390650026941804,4.0909339955951936
1.811249231165228,-1.087424590083819,-1.0140558692951722,-1.1203244291688848,-0.6031304844177471,-0.4807299176146045,-198.8679110921105
-0.3129977362605577,-0.9008016213915603,-2.1908611340320645,-0.07103214984465829,1.0800368631863941,-1.1084231691796318,-176.43139864599095
-0.32360661203554436,0.6086148260436759,0.495862361422547,0.8607392373693281,0.04358151111685076,-0.050349584935327076,47.87043723218583
-0.16763637714898566,-0.3473789839601126,0.9895177933438752,-0.5174302245302596,0.5380170143461178,0.3065209568302768,32.06033116468016
0.21038908635678685,0.05568970679400328,0.0984789075423712,0.7952922033081905,-1.2190083374106748,-0.3326537881770778,-75.45623242580763
-0.7292437128748213,0.08330401798343598,0.46961975936941475,-0.3605670254838256,0.5264802652336842,-0.7363373008259628,-50.90172777093498
0.36327203871163233,-0.801979702636169,-1.2827677088091778,-1.0351649510425776,-1.9192496912820103,-0.19479055683968508,-302.96372211333113
0.5167629481953461,0.0742710634025967,0.520444685438962,0.5944363049001515,-0.8548642616352579,-1.2087588194348347,-142.33228267276044
-0.7947659567332669,2.4921524428449287,0.1787422764400104,-1.964242251689988,0.9315244078226459,0.2943776834036144,171.95474140821418
-0.6150975870241149,1.699706635605488,0.29591861030222893,-1.5550935940130253,-0.668355023415268,0.5918678397271993,49.99564111955132
0.22010497025933923,-1.573714815043102,-0.5051222169556943,0.7498924224565258,-0.37400507015016615,-1.6525606158877901,-295.77455524099116
-0.125441504878286,-2.013679080687642,0.3360219367294438,0.19380554994828486,-1.7980851766196282,0.6144891588251172,-87.24908519294122
-0.8155248174439359,1.0202479384590701,0.8021088472286726,-0.29048283132953834,-0.4998821332243876,0.7316490277727908,108.24644605388784
0.2794318142161574,-1.0901231719763673,-0.07988311308410814,0.29630160791527427,-0.02924353335218954,0.6338366153633687,0.5775799973703926
-0.9878036093022247,-0.7646403351009956,0.5673212005237067,1.0348349110186414,-0.4579890191940281,-0.23261857795923593,-50.99244432445238
1.5023040554199862,0.12735682343565746,0.2741230261434334,-1.297253699293171,-0.9663876416332107,1.2303271325264775,146.25631754583884
-0.6629476856296729,-0.3558865621112619,0.06504769837000009,-0.36882862094832575,1.4089422763055799,0.5141578483921793,85.36158679517399
0.1950259980430968,0.069687141473132,0.402276713740602,1.2292240887714674,2.4198657084745023,-0.2519043570364117,164.0048229775602
1.091932320205412,-0.387948595310605,0.431826448936121,0.6286921896859081,-0.7153300785091711,0.266301517726352,-15.15951497173436
0.9249274504857893,-0.523248637022952,0.030815926190111063,0.660620077870186,1.1110454594156047,-1.7231551886278866,-59.312348590836066
1.5025000043867092,-0.509012282297457,1.7485389953439519,0.4651688143755311,2.1087475708765675,0.13566586753428606,340.089577662597
-0.3467297429485912,0.26500461954786214,-0.5408424352278746,0.8381496106682922,1.1417448177743885,0.5101774078095597,153.5128793540868
-0.3935738808184055,-0.6322425297395262,-0.5843399973881318,-0.1352572047134393,0.5931334323108728,-2.0585649031530897,-238.00904345574713
-0.24357748659882092,0.7241897536360581,-0.13809832231729138,-0.22508423728625734,-0.18659371523892318,0.21443006660328034,31.91855575928472
0.5975166632657752,1.2278062318572498,0.622387323443571,-1.0678573937979947,-1.031639766797134,0.11561288560040389,38.60484682680975
0.17863213535268768,-0.27015377223021575,0.720837939493422,-0.14483403016379923,-0.2884965267673519,1.1745924150680125,134.65128322967973
1.2810315597684925,0.28969767760653625,-0.5626292192757222,0.6018759355911331,-1.6042268723026372,-1.5686098265205417,-257.7157473949908
-0.6077413866674304,1.8067290885478833,-1.2798452855370375,-0.5322961073534256,0.6663765412167639,0.6618783323398079,118.37505982136838
0.9628641713976338,0.2630379759120198,0.47346752896059924,-1.3878173618233711,0.2673308486125269,1.9386407029735362,230.67830845676372
1.3414124980867927,0.052011309652464,0.8837111330307431,-1.215608819812266,-1.237910195640721,-0.007708772212547519,-7.521864375572555
-1.2756388452367546,1.1619266401344044,0.23937259731463248,-1.5811976485055623,0.12436261906351476,-1.3696638869520283,-113.95878962706541
0.6735723705332387,0.35793038182649356,-0.2748318920017136,0.3945377622346517,-0.5702623526503275,-0.07080157900007455,-49.71608673593276
1.0724570815200107,0.9326806525923638,-0.0380698227231632,0.4924427350419526,0.5899672236471174,-0.5069101871882372,59.72121826710909
0.24559177440795477,0.09234888109156936,0.3546280159759631,0.5589331458005423,1.6422406560490934,-1.0838575828801538,-48.71367729222541
-0.29267624117900937,-0.633719294776969,-0.6749272089097738,2.0085690445333233,2.3674394122073323,1.3641503803858663,273.2780119068974
0.18866501876850497,0.27132112211653797,0.6043606584811844,1.4769393019906183,-2.090026511381677,-0.06290206701601274,-90.66205859328996
0.0603398391232944,-1.4088110924184944,0.26667479366988867,-1.1515915550594316,-1.8157204393351927,1.4341222249118895,-38.133378861197926
-1.068195418604155,0.31599573751299287,-0.10059239565013983,0.8978688268624555,0.33587781257130506,1.9431789949449962,350.1759729521698
-0.47632676802305635,0.015628336414343087,1.219895351415953,-1.3157847238148321,-0.509600682564199,-0.3365820401939257,-63.19937168468704
0.10232209880407646,-0.626241070351405,-0.6179151395678351,-0.6103415595439476,-0.45150986460856746,-0.09720727477821323,-37.75274086988978
-1.900231789510219,-0.5200515620615819,0.7741172223579944,-1.6940133773451533,0.2035595060237972,0.3025192914179899,-95.59604949985305
1.8374772142708908,-0.37446269036371693,-1.4474852701536243,-1.9503131080681697,-1.3785825131514047,-0.5851769840384535,-233.68195389172212
-0.19959476914511023,1.3778708194940752,0.3467852757905845,1.9226780740500033,-1.5583129190026523,0.06418154073686892,40.12512934918598
-1.6183619045967013,0.24122473860095864,-1.1163278687472327,0.5449667677660662,-0.19342095207846924,-1.4179206046046116,-179.59172905855127
0.9559033687140407,0.9144690216864302,-3.012709352270992,-0.6244850047317098,-0.600633140814198,0.48027058002271295,-160.4575103437563
0.012577191716567425,0.39443048469385916,-0.4783635897211795,0.37423863885155756,-2.5010312266596957,1.0199686725143848,-15.791327784605315
-1.0955748094975166,-0.3451316641187527,-0.9667400968946191,-2.055185590269015,-0.33743726975090793,1.5692465031841756,-73.63533617189469
1.4715528840745604,0.49535230787382467,0.7405080314552752,-0.7285348563084325,0.09725161551280147,-1.5603616376663254,-92.19154579374492
0.891061452838812,-0.5300078254228995,1.6259893806663686,2.051489671897147,-1.3127506189663218,0.4551575973801394,-46.30847314753453
-0.34980212134793004,-0.4188308189193648,-1.181447828419634,-0.14670535615047048,0.4964211672917514,0.666873623942448,82.84472415890318
0.40664451900568954,0.7805098501590535,-0.7456188174591927,0.8331269899054738,-0.8676122351663751,0.48122384003933133,18.714701678461843
2.1991547850030853,-0.20090550024751477,0.04603307643658571,-0.9612626574732095,1.0024012615558324,0.9775596529548863,183.0863384634062
-0.8820165881257351,1.5300160408895656,0.90027567571788,0.8422208588762076,-0.3915645263376377,-0.77765013489244,-40.46941323566907
0.5119524922033875,-0.019632923931719972,0.5217428803868758,0.18006688863822426,1.197906877798533,-0.18683066296663228,101.53467422126789
-0.2835623268402073,0.6329912147578084,2.562196575483306,0.04836711954781568,1.184533954963282,0.8319444369834293,319.85009232836074
0.02181536471457389,0.14257642385625835,-0.9850074813555788,0.9499636691387138,0.8355932064515214,1.121297543553264,116.48077114684207
1.5901677540072048,-0.4292590819592782,-1.648689281150225,0.6052718468894576,-2.191896082726798,-1.630513611464217,-357.14105967157946
-0.326421070187724,0.7577819860554416,1.22743841968387,0.30242914400489707,-1.9255938009776858,1.9532923263802278,180.39893061898522
0.40541229827057906,-0.24110192317724566,-0.9837728374482974,0.08652498253384507,0.2556476068060705,0.6602445625425383,107.82425317504496
-0.9412231961051235,-0.8798355178912315,0.2769455280019235,-0.37841508501999543,-0.5002950988158962,0.7885652343914089,57.83349197944756
1.5553021842771533,-2.365836599954405,0.666381098944841,-0.7172451691752912,-0.6686801314047638,0.8923689688251295,63.69782241151644
-0.46324354062660356,1.8836210174937373,-0.5977875716343822,1.008933210166323,-2.1998811280445523,-1.0467183688539106,-200.99463122183604
0.28706357109690145,2.8724148844616524,0.6344575104182225,0.05976843136484156,-0.04250343029447239,-1.3677683624383032,63.66791521617003
0.36394489585456374,-0.7999887604886133,-2.4289212795511976,-1.3230334374498254,-0.05069117802158562,0.06175020502046634,-139.11679143314853
-0.9494858991904628,0.05756113228692217,-1.535126227764975,1.4606876360440983,0.07876795512141244,0.30378362569550754,-18.110539346255756
-0.3064028355480117,-0.26720502058842865,0.604029474705653,-1.9355966780203548,1.0726245924859057,-0.4551640949361268,-96.85427455842274
2.0450486825303145,-1.4285390307726749,-0.5746002466283003,1.4897468491809696,-0.25325296692604954,-0.5677630882141573,-79.22885984696586
-0.27676871304113837,-0.28325343494203603,-0.8565239585494566,0.3165431397319928,1.5247976526097438,0.0982006157878047,119.08814127737949
-0.28972774569894816,0.11996108227589591,-1.0332518104239021,-0.20169290052049896,0.1398491353730442,-0.3651859611943877,-154.98336052948486
0.16580439254154267,1.576024554104707,-2.280481907810284,0.4218846034102366,1.3596022214706653,-0.9732374864740647,26.232395058877092
-0.17599435199169441,-0.9641207840217644,1.5803320416680193,0.8693594539166826,0.18128034095211967,-0.4700417374491088,26.005408548714538
0.8715118068773138,1.5876301568507092,0.08710706953613621,0.5000509831658579,0.21655475573913258,-0.29901924311866557,15.693427275908718
0.23774904876827124,0.665165658044865,-0.13600932642176494,0.7786611790183663,-0.8175803043551161,-0.32173843593095935,-132.04876299859365
-0.9692927212370588,1.1433301416795598,1.2096376225516086,0.6365926698250649,-0.4455327612269821,-1.5036997812948105,-119.039170258865
1.130751381973499,-0.5868854148237029,0.3364170235920337,-0.2425678305555016,0.7831398049167713,-1.1763806632998757,-58.439717978614695
0.4395026841596929,0.6346358908117222,0.12989459494855943,-0.4286369619198482,-1.1779076968773092,-0.38228939248054006,-84.51103952111504
-1.6045557139580702,0.8946620542414,0.5621948619609464,1.7753205357231576,-0.06256241226022974,0.7998175731276654,126.29912328780813
-2.0823488663836054,1.8791586633788713,1.1439430382303073,-0.16042123640078065,1.1469015153288713,-0.6623351431400539,24.918428853034555
-1.0651138057918381,-2.109738759000236,0.6727968455902623,-0.21810146138027536,0.4955810849840419,-1.2431551704471777,-76.3338242400977
-0.697793284299637,-1.4377282202419563,0.2567585327904887,-1.4636148685575339,0.11047888019186787,2.679075339875852,144.4373178468138
-0.5837986226971569,-0.1985401027235295,0.4671563407821071,0.815365261015641,-0.9596511346538623,-2.29959028864958,-314.54095369533917
-0.4092096916702787,0.3835075537641691,-0.9757485600026973,-0.8364436356182087,-0.6059549730411921,1.0371392009158824,-88.27452060441856
-0.02369450530089864,0.5365196172305119,0.9181209066252852,-0.78117918426011,-1.6382519007556355,-0.15138299061841695,-96.07393308868548
0.6246316809534392,0.3361186500711929,0.366063655881826,0.4631542803533327,0.8127685534516542,0.8931389352062368,238.29659591414912
0.2009149858635256,0.4458273251610017,2.5968527466458258,-0.3435245186098403,1.970275519294167,-0.845395193570595,258.2851845472562
1.240972623554603,1.4002775650042294,-0.9054136680171977,-1.9621328394646622,-0.6068436865563197,-0.8472585667656446,-69.2001757189798
-1.5989877033889202,1.147446719355571,0.10313867298824585,-0.8035338662530715,0.7338622620536848,-0.16564697811321263,-19.772313338502244
0.3200491694323141,-0.12484285847316297,-0.14798877164320945,0.6455314345417011,0.14584559006214656,1.2517888050288692,67.33750010209812
-0.15794564219124718,1.2250367122759822,1.212952299512573,0.39672308132965944,-0.5446598105144986,1.7101094893720612,224.771821500158
0.1840524552002914,0.24806745515096795,0.33846003993212515,0.23928232510897918,-0.040172638310051065,-1.5083370734578287,-131.68163514937157
-1.3068729905289256,-1.3369766403923387,0.6924794046683765,-0.9010254050720417,0.5840864498623061,0.8810300402063905,109.18363420408957
2.801188295395347,-0.14414482541565274,-0.1426732972705071,-0.6419216823625491,-0.6790974038301391,1.419586941105396,122.648054223364
-0.09380734709128187,-0.9002352021978466,0.3764175822544124,0.1747011740316534,-0.42351348642319303,0.21635928863266177,-53.90292277081881
-1.3801487167324349,-0.19969447735479987,0.8968552766148005,0.7570334656185597,-0.4038912559583956,-0.6310843700782385,-173.4054273368293
-0.5135763003674324,0.6618526370156665,0.6709232925490323,0.747353190006357,-0.8273797874624355,-2.7908363994361762,-195.82119491512498
-0.08945435019218441,-0.4437951559038164,1.5099425724749207,0.3021920802576871,-1.1443063991691436,-0.4289431823100034,-93.3381029822045
0.5275286491068131,1.0542175255423096,-0.36505269563449294,1.7458716072154556,1.356192674702682,-0.8738402011273414,193.2331573117661
-0.35111991414070265,-0.03128988637159938,-0.031315312996738454,-0.8890774120159104,-0.039072959852169756,0.30934525056315687,-52.671348074219075
0.9695261152548735,-0.2690060112889305,0.3672845117190331,0.2538761563429793,-0.8588592143828527,1.2688517847140162,108.61506458056303
0.08545888421644494,-0.5299647744660934,0.9135172908706358,-1.134971436669184,-0.41290153239541955,-0.8429348354969464,-121.43835951721515
-1.6576519879429632,0.296961964615567,-0.8917619666951097,-1.9242656952363553,-0.23504930378532424,-0.5809324482866494,-107.63235429066327
-1.0947510386564143,0.7797664511275306,0.8053611418923198,-1.1988258901296875,0.15826252125823614,1.0432840133709738,194.22894175364178
-1.036050937754574,-0.2987676183277635,0.20250031474568436,1.6045792133884116,0.03586192392741866,0.28708551612582345,-6.643146884345615
1.0726736613606644,-1.5842674315713385,0.9099931069855154,-0.9030585290060044,2.6963784382333698,-0.18362904568775276,97.63847070026112
1.6809442645297061,-0.695552022708109,0.3106212610632123,0.33312559760515115,-1.0066581982162282,0.5568467859440083,-101.02159927595363
0.0004438787942327203,-0.8309540686626833,0.1275107075480703,0.3497163397658928,0.8550795836054141,0.9224297086831257,129.60987791663533
-0.9171679789956745,0.9015357777503101,2.4495701741513245,1.8065292335943475,-0.4043948133980245,-0.35071006630502105,59.45159928077534
0.1280205014993887,-1.03644961386474,0.9418679435146157,0.8203305234396988,-0.1829249612900204,0.8746595385425858,97.84069349986235
-1.8760913790533027,0.1459147315156404,-0.0247561711951952,-0.9254810963512347,-1.14209202112366,-0.954927834842364,-195.63703033307206
0.00724773895120144,-0.6410803229493094,1.6848536825693443,0.26088841974454424,1.029056509490408,1.1577520139574418,261.86057180233485
-0.8516989317940467,0.5470997894976742,-1.3583369109904124,0.004078265862664771,-0.19460391862956258,-1.4229668572613243,-228.83498502417427
-0.31503493300400126,-1.2713486380448806,0.3942861711367521,0.7430948457030329,-0.4820078393522578,1.4169088382119501,107.47883220619805
0.2735692691102884,-0.8355951930294043,1.3317632857440616,0.7885803180997437,2.721843438228225,-0.33734980767232986,174.6364468617927
0.11745350224512102,0.6493140446475378,-0.23383800043656117,-0.38216173128667846,2.0627186445972643,-1.1232795076055455,88.89691559762618
-0.8044583780173589,-0.682122193615599,-0.10719247691039335,-0.016932009220924624,-0.19917449272163035,-1.5501210885058339,-230.8534438380767
-0.20944345395578934,-0.39239407799853976,-1.68467211089852,-0.22727715827943476,-0.49123620299457704,-0.8212181869559184,-233.3694758717815
-0.9711284941184852,0.25573709425859464,-1.708061569899248,0.14435354303057737,-0.7177295265117863,-1.749176866694344,-210.09088840423004
1.8189319378656934,1.1566361207301497,-0.7234269114008078,-2.0334623412707,-0.27128985405004097,-0.10080215111720543,-3.060826445946029
-1.8493086028748686,1.742949662374135,1.0283398672567645,1.918304098194104,-0.0029869574401749444,-1.0416770723037745,25.69403584703339
-1.0056392624913675,-1.1213195881587612,0.8672626832844714,0.7350267663122443,-0.3628403344561659,-0.5766872097972099,-140.78542226960323
-0.5572773390572353,0.1980014972325594,-1.54622722119082,-0.6102545492682677,-0.34440152871229135,-0.6341310415858921,-148.81952087507025
-2.1824790884615806,-0.08008651898374522,0.8409818208637178,-1.1314598053824922,0.5100920262698807,1.4867545929123929,76.39235101910714
0.49935855961037845,-0.36394724450263255,0.4442782599693368,0.5267982479606312,0.5808836130210953,-1.5514076152591574,-34.43788444158014
0.6957463400782316,0.3634087418068771,0.5195367585063864,0.5934387233918161,1.8085394258999727,0.2911262240733614,222.12549795575418
-0.4135328057641114,-0.48487505187818525,-0.42812469803266445,0.7055361060065425,-0.3329287141965912,-0.0838970922049202,-57.27794072783986
1.3163784119629771,0.857366711829076,-0.03338755786769439,-0.3430504334600427,1.2290572068906302,-0.36200421554540974,98.35819906065018
-1.0334300078719028,-0.6610258764169346,0.5544288063682413,-1.8823427437584064,2.711300357071221,0.6207616081963467,135.69532269115015
0.6663654621494546,-0.8883449764507225,1.1181021786514687,-1.9503602082842357,-0.7265744573791323,-0.40579133642904175,-139.59424713821065
1.8288172311526658,-1.7999064530462785,1.107269238879719,-0.9076349533927889,0.2664343088594049,1.2329807584515355,26.95914210841532
0.2581205567191738,-0.2676497667894434,-0.5130856731456978,-0.028393919932389336,0.63599490631898,-3.2349347013980947,-363.9662596523001
1.1059589425277814,0.8694834619670919,0.4231519905411592,1.3342980444066144,0.0445357375085224,-0.26200668044964437,58.62226902294405
0.5904942704173909,0.1507389003621336,0.6019892535781795,0.7918116423576652,-0.42696039456693496,1.2329089204757118,89.75311881381705
1.0043623814164702,0.7473826259213723,1.1965947453530972,-0.6096406642312358,0.31622825234806634,-0.8282869535437926,147.7970632749984
0.694596664275344,0.8749591969499703,-0.027351598088471558,-0.647354618328373,0.15780567324356579,-0.5530427810987899,-10.665522070262071
-1.2535509561150213,2.0477190392828426,-0.2751468843939238,1.0274178339774451,-0.8008346962023665,1.888530276868757,167.1002751487449
0.5496822546701084,0.5303408423684285,-1.409426976523233,0.6897818895959558,0.7074958376152366,0.2154208218199882,38.20319281931725
-2.0612326319719356,-1.0788259475761117,0.44613464690421356,1.0934943495928284,0.01991580469524623,-0.28186214611822574,-148.44522027218795
0.42532381815002984,1.585869531063522,-0.06297651439024601,-0.19799610030370982,-0.6216076974085443,0.25177721939062486,96.64690674598295
-0.06242666490474152,-0.4415291492333597,-0.4980485649467932,-1.558967360640363,0.4359047262845561,-0.6933984618673042,-92.25662708900951
0.08748900468338232,0.4719806084964938,2.316873243191091,2.2007318211220626,-0.4718722694268409,-2.1730355756860273,-124.85227051651542
-0.7674514409639217,1.5091647527316825,-0.5737058553047414,-0.15127829147029018,2.2508202725118367,2.846899595687278,474.53616970376174
1.4889061554902079,-1.6596988557350534,0.6908642793332083,-0.394696088539601,-0.7069406892045279,1.3460501802787894,9.563271023130618
-0.7055468745626481,0.11262435120790841,0.5790208519371369,-0.23038786754063514,0.4080747655920333,-1.451333322208677,-52.6393549190268
0.2259650417477383,2.736530979101404,-0.0572516472971445,-1.4642491569373193,-0.5091611133254661,0.5585678695681284,114.8312888945358
-0.1155588294835307,0.08543850377228909,0.46084889101708054,-0.06550748669762328,-1.765657050502182,-0.07867290063763532,-175.3030587388738
-1.6250569269015678,-1.180283521148263,-0.15839938102501178,0.7499088210008826,-0.0803827937032522,-0.8044778216365943,-171.81053364540676
-1.5393593442795408,0.36011906484570266,0.4702726226582086,1.2191144786156476,0.04586343312982527,0.9800716833402765,104.27674663762926
-0.522576952217648,-0.8004891648036184,-1.106297916403688,-0.253430392144807,0.46683976711723235,0.3033830247403012,-27.78462593172327
2.0009593013727596,-0.31131841656574083,0.11158643990783212,-0.6617823126258152,0.6731390675635328,-0.6125789344495928,29.67069237125365
-1.4051904389121774,1.105510854295656,0.4026702532596025,0.5881918901062605,0.05154905959029909,0.7742250886032698,144.25168262301636
0.06555107332295995,0.6971712723973316,-1.2174649569565776,-0.07614371661369147,-0.7785479764596458,1.1206472081276335,51.45246012836951
0.4816438151814219,0.9134323021023696,0.3923894505580357,1.680400095279072,0.7270226749649878,1.3835526322950233,208.22183871982762
3.1330132324035747,0.6451563501025098,1.016378995923321,2.484285043633434,-1.058920371910035,1.0926159288873265,233.08591556878596
-1.7220872614067348,1.4023043910383386,0.44487486494450923,-0.22756400575271524,1.4897557978584388,-0.06301704551176737,88.95482799099267
0.3825393504656831,0.30318442028229686,0.28947243308417375,-1.2451534993101436,1.6914938888161595,0.7180868576834245,187.54375989118236
0.04141475217205431,0.15517056705952698,1.1774715524811779,0.6863030244513552,-1.204789957825842,1.478667129804711,93.44261821467353
-1.4071347630249829,-0.5235840786039077,1.597249761817973,-0.4232959249321672,1.0584738132780165,0.23474951150948745,97.90453528477425
-0.22918952361811412,0.2026616435909916,0.23886256707435524,-0.5867704951534871,-1.125888596302359,-0.9151872556383979,-234.87556044337438
-0.90297558567976,1.1768765350883779,-0.5084981956298885,-0.030465495928858794,-0.29237447149159634,0.2638975908752033,45.817483769197736
1.1506473217362456,1.9000864340357972,-1.3562205077114382,-0.21734090830955063,1.046964149590033,1.6912639918823027,360.1634377052655
-1.9785843811410122,-1.0950554950846771,-0.19776390694050813,-1.3796321484924354,0.5710422457210462,-0.3750215758996343,-100.80714148711574
-0.07060334254674797,-1.5569170747131886,-0.029819081272476212,0.339255037687512,-0.6007015118288261,-1.1345053152851403,-238.62659537607468
1.373335734841204,0.349386330789504,-0.45658756366456893,-0.06613139393853804,0.5143602941992763,-0.6308056243021258,79.36818934031277
0.04196281293994971,-1.9077110421307815,-1.2997762755307076,0.2897082941899715,0.9952427024081718,-0.03369455272802898,-130.96291190759115
1.257530923323761,-0.2041119271892956,0.354334754660334,0.8607221531488564,0.07139390926096696,-0.820822943880147,-59.256461278147306
0.4758270059349041,0.31297226326878685,-1.8193746416656258,-1.9209786658716157,1.059089280879447,0.3578738407205319,55.217421751644196
2.6493887844902004,0.23489004774783645,0.2436526352573973,-0.8560139374904744,-1.4083310930986865,-0.7767416220850976,-50.33221098981938
0.9319628008412238,-0.19913772442908576,2.169698919061424,-0.28909383782798365,-0.33982536049217893,0.4613931840560773,125.72928249435358
-0.012748410321594711,0.01114314703099193,1.7442766372868115,1.1061676140214747,-0.7592418231702914,-0.8119045047304212,-124.75669744789796
-1.0024738235305035,-0.8259309814806076,0.9611025295952343,-0.08756517176247569,1.3793461891619583,-0.8161467487777043,21.14996771598896
-1.0009658697523036,1.5350267626054417,-0.27597762895384753,-1.8864909788798476,-0.4922620633291832,1.2302484066081927,110.82877084475307
0.4118758468604898,-0.9763092152223585,-1.4034989931325224,-0.1682224228894888,1.0211376188910777,0.3571044611147077,30.392471317279004
-0.2402366220952803,0.3160931141909379,0.8642404925251018,-1.0197995721672872,1.0282351135225567,-1.7628043794587753,-62.28130427194921
1.3822561274352114,0.27582262437449234,-1.1826190493948823,0.2170532737517984,-1.110743054498345,-1.381555284182972,-243.76189845480928
0.6246487091579324,0.7947713695221428,0.45918776877128664,0.10493101290636762,-1.0749141122885622,0.272094245188176,-20.00774144245493
1.550987607416255,1.5191526456595346,0.5388178066259467,-0.7634261917468745,-0.5944197210513864,-0.30020822116005064,70.37284348667482
-0.22680585599267736,0.28010561313344784,1.3160743990903419,1.1202825606358249,-0.21856626654100011,0.859530582056315,169.21838756768824
0.2499269003140886,-0.066774132019662,-0.18324965829441214,-0.2942568199534166,0.34561025620548125,-0.7235905763763384,-64.33851805429543
-0.5631300394661243,-1.2685175171715821,-1.6042320574996054,1.6792815261975869,-1.0295723226355193,0.8168527955427058,-82.97191193618087
0.061924315623318606,1.1082919012750345,-0.26570028436693804,-0.006902435857695439,-0.5950119496033792,0.3959709769075942,-15.796793584976434
-1.3746100403277415,0.2959640629793752,-1.5092100149109247,-0.4114699919268477,0.5132528972261613,0.32065418188172723,-19.71081329066091
0.12468943264190285,-0.05748718175633942,-0.27819359735875754,-0.17598304223268463,-1.6104802779279006,-0.7447924761675078,-246.37021091870054
-0.8343834702081087,-1.4769801056272425,-1.1481917879104537,-0.9000003503300109,-0.6672817078671242,-0.5207425286904198,-292.47999632299286
0.2648046888184153,-0.5450647427735615,-0.856302997885671,-0.6257997265158224,0.253131311230428,0.8609013331296325,27.559852057774084
-0.8921315180611381,0.1534517078851649,1.3478602975444363,-0.07582196719506977,2.4319156933333037,0.4529784417629294,249.2149093205458
-1.1866738533993635,-0.23466678149370845,0.9819819163916231,0.4502903016665427,0.9089742340817442,1.068122506818602,190.98450169797204
-0.7239767753202507,-0.08111456684716274,-0.9174592005201413,0.3718556812247891,-0.7781951183592524,-0.5969048649249955,-160.60737156733254
-0.2914584406168364,0.38452316335306685,-0.46583455592508216,-1.3822600868932822,1.9301891447959996,0.14886126046027942,110.53840337968201
0.26448385433653604,0.7623448695686849,1.2734725532981508,-1.3732560088400125,-0.6152058130969674,0.7112577730042724,84.6338982920772
-0.09437644598293951,-0.2296474164730189,0.3882992044623797,-0.3451057905299156,1.4008272145887868,-1.3564570820304673,-42.326413973637706
-0.8274856104302187,0.44851028877120286,-0.8932338445994233,-0.04432845547477267,0.07515883276015307,-0.9595466843627707,-173.46321007201385
0.8246352768676852,-1.3178890879465628,-2.234310663836301,0.4140747262348947,0.5457524979012407,-0.0382619845183358,-61.61380080871855
0.18068382863336777,1.2411376726427072,0.2546873495048997,0.8446655874837191,-0.16711371596857574,-0.9300929230286316,25.832917758898233
0.9479129306938208,-0.34069717869193666,0.336907852552978,-0.9935084080969293,-0.38732091189313306,-0.6684458367403536,-151.88348365383814
-2.1524816087250427,0.6084740998025263,0.6004843233355381,0.9563293433832174,1.3753417673516675,-0.22474951753313385,60.84651117509375
-0.3763222917229266,-0.27180604819072945,0.5363390976239074,-0.40506166795457293,-0.27097183504146244,-0.3780081546939859,-65.16607239929813
-0.8096775058579166,0.03931886192409597,0.11664119488063282,-1.342322425634066,-0.7679638247282035,1.298623150344791,77.72832562885364
0.9732262276870317,-1.276547345088831,-0.5836755880504645,0.8950996101035593,-0.016796529548526635,-0.14002328350756138,-73.74815202883006
-0.5520567267814038,1.969722966700345,-0.8576751873433608,0.007616034137374159,0.8041583135694391,-0.000317962285626171,105.89003897287185
-0.6837411323789427,0.4889136955426788,-1.282261778156209,-0.3727420890699728,0.17446432354858052,-0.9067114042542785,-86.3680302688399
-0.10597549083915783,0.5566158617309758,-0.14647633798767404,0.5578738212712292,-1.0052735520995288,2.1781904456462238,124.32598749659239
-1.7587336009737595,-0.1622039377083756,1.4463517130101522,-0.7983689122504278,0.18778368845326096,0.753757741456336,43.25181191431407
-2.1264210340420266,-0.051074223589213874,-0.4371567132266466,1.8319289964486885,-0.29404406717832987,0.38398248415204284,-113.14228823130375
-0.22237986849443903,0.32872408899688943,-1.3644893592938925,1.0418454805426351,1.113427321025905,0.3553887789591158,171.7395673170364
-0.7557156964401873,0.6775441994072724,0.5704430649922,-1.9327039438445472,-0.27405256985974985,-0.4053286714547671,-83.41106305717632
1.0574598409109348,1.098467174121613,1.2172393866763374,1.0957683428039202,-1.7944818304032537,0.5902896663345027,10.668142125899777
-0.13698261398229467,-0.6760371811143567,0.5020410092408625,0.3973256028472909,0.5238147505708471,-0.22796020278973653,31.326150625401468
1.051566427923589,-0.15442678388795955,0.34928018049692366,0.23010476908344615,-0.18229380271153708,0.9433797685223851,193.4965674961704
0.18793203607064546,-0.45732732045120766,-0.11969014611869132,-0.4764724745910156,-0.6647652311070871,0.935708306314216,9.263953098129642
2.103300447232866,0.861254130341728,0.26071056792969866,0.09929365252616226,-0.7048818216239806,-0.48758710688441254,-19.794693231429786
-0.29172777676514516,0.7544547613490027,2.2967807546322994,-0.5148023014492893,1.1048352976527818,0.1225268428243245,217.47509200186127
-0.4051121106143987,-1.1910561545926905,0.8021819322775421,0.7200286062829229,-0.37039118811669536,0.6131116646319655,-55.00018618932602
-0.30235601314447647,0.4678259875963231,0.6070962400234543,-1.6403421290966183,-0.5647052612142874,-1.0384722855351078,-32.00446800997207
-0.8001982979794113,-1.1753936097084505,0.6748605909743169,0.02058529162839666,-1.0825972448371188,0.7876496065886561,-10.421970110296662
0.09014572418147733,-0.025357024531482718,-1.553024094089485,-0.37852013438957066,-1.3017262755736299,-0.6014613799577202,-245.87372761147842
-0.3183324938053103,1.6874031464494377,0.24218962206647307,-0.3051019711405476,-0.8704783745204342,0.04850427275523,35.34729652436151
0.49290752910781505,-0.2527450935574515,0.7946114730690583,-0.7846313708910821,-0.2504813870174587,-0.18474665308009067,-19.378696525013133
0.7149052351374224,-0.1280916103328646,-1.0114263672923198,-0.7296795736431287,0.24003520928767325,-0.8948627604898539,-92.11290247722296
-0.0523119478848757,0.00447155238234032,-1.5361905649883396,0.8627158256721534,1.097002693112595,2.522786815694079,357.3024576074614
-0.09442130578150629,0.9346689456233798,-0.7722361977139838,-0.49912221529157563,-2.0906312755124365,1.6484944020114796,29.00068949101609
2.2287002931347497,0.3253962410457039,-2.320339439102823,-0.723044133483582,-1.0845497699293787,0.06379513458520845,-125.05667286574226
0.5418189805865182,-1.0751283328737296,0.479958171082929,-0.059907046148783026,-0.6203046473610544,1.1535388223988816,57.292777021615606
-0.4844172515816916,1.0243028556818705,-0.9507128671405888,-1.0127502156149382,0.0024178154845755652,1.1907007077677811,21.768840483676698
-0.22810283431887046,-1.3189619455659065,0.8657294604121555,0.1906765312865598,0.6668512443449972,1.1267015632506712,164.16786564934327
0.18953616150430175,1.4402622128424891,-0.30688934361538955,-0.2307347755124756,-0.6854571019038024,-0.5682953614652898,-132.51804466405537
0.6022763875261725,-1.235993969999075,1.1052934752044938,-1.4142886495026856,-1.0506136384892963,0.707478845761694,-90.3333507764981
-1.429192986229418,-0.6319122819397993,-0.05923580427866971,-1.9320456146212468,0.12207685242334455,-0.41857507474144634,-146.23250572349178
0.9404782835265678,0.11938820806374748,-1.5303523474538774,1.5120111601581983,0.10521886557823074,1.7978313452902488,150.4560099670924
-0.6522799473156998,-0.36927259334182133,0.49145709405138255,-0.29937638421476376,-0.36284332212342,-0.336577976241106,-11.016793397796391
-0.1909137491378015,1.2388101707584402,-0.20721977344670822,-0.9286175572625751,0.31190450368625644,-0.18473852604838983,37.53397880731396
-0.6243462513592498,-0.761854836669409,-0.8174616575006417,0.5123021552055985,0.8546018967488757,-0.6387243892935852,-10.98664523188286
0.5718958133521613,1.516756955420036,1.564162146067663,-0.1567187988647555,0.4646753276942471,1.519044270382532,297.13738517978305
0.7403643627121919,0.4778655138838027,-0.8850405364655282,-0.8944976211314004,-1.3132572848265913,-0.27706719095311205,-116.23694289272892
-0.25995344566984835,0.46696139058103686,-1.007234429174102,-0.1257178761172888,-2.6450986256832025,-1.7608851332844528,-383.52850662103094
-0.4266247223292446,-1.1969236709410245,0.12999816089146157,0.08687758003448767,0.12517599768833484,-0.27181740870666954,-81.6337446805372
-0.031908093636960635,-0.7141184950646423,-0.6447913911396699,-0.3079274152259856,-0.75196582164763,-0.4058606354040737,-117.84263283287973
-1.502941835526336,-1.1119135696187175,1.4736994387646782,1.380653648104099,-0.8115207741731719,-0.7031944287932616,-63.05768026252936
-0.5272928709641189,-2.446353759203119,-0.8707574175914137,0.3057614123764581,0.7772129678552789,-0.2601121179456301,-63.29940914075671
-0.6475362343767099,0.3543309688886013,0.15009647143410162,-0.714548908965591,-1.1837553472703264,-0.17369823827173902,-7.377849425086836
0.3731587026134668,-1.0719033315258983,1.0156732714216599,-0.848247436291125,0.6245587947023189,0.38368881205592403,76.19843748056464
-0.45468269653889953,-2.183904298605263,-1.0941915018984194,2.936805358073345,1.3672529535651123,1.455344869936112,122.07629058159135
1.8024640763214936,0.4927546259996784,1.4690514679173474,0.07305248982976108,1.667268376221292,-0.7456295607591628,211.6857461336042
1.8851673257362938,-1.557333103249558,0.5862921303626586,-0.6895651196354753,1.3285614987073138,-1.3226673230142025,-15.739545249794492
-0.6695561171875344,0.9986865746708862,0.39782012526346516,-1.380714795175083,0.8174892975529053,-0.4951361009786849,92.94415656995841
-1.1718743283598105,0.23276257077899482,-0.7733493885794103,-0.020504162920938013,-0.6351387629849216,0.92227473566622,-58.68556054383314
0.4346131417333663,-1.281195443370644,-0.9887920151527175,-1.4469652181373556,0.33683661720957914,0.08350720050123678,-45.901504384025095
0.9621665528210892,-0.3267264912461138,0.3164306988077054,1.3926592242400881,-1.489711705805374,0.2632403661852043,-126.05760608452454
-0.23086057606442648,1.0129264012678332,2.4166954248477723,-2.1550994957650613,-0.08298567634743452,-0.19448070845666013,32.99654413349014
-0.6726837316125058,0.05769594298696687,0.4905032351499612,-0.07121904614093796,-0.3388117789947504,0.29347822114752176,10.678695668720172
-0.8093287651582346,-0.8530019276826132,0.4832812929749105,-0.433077834137525,-0.06573206340675139,-0.43990394694214335,-61.431196505680475
1.152665966816053,0.7760817079135791,-0.35320169651099886,1.154670616057566,1.1144404313585308,-3.13909177558626,-101.24659381501186
-1.7442394049869425,-1.4757867246103078,0.8213189547317881,0.47335585794082485,-1.3544589510676133,-0.33106032447593875,-208.3672481815385
-1.1665331097776284,0.032722374357683284,-0.4432417695841315,-0.20299259705081185,0.6351988953256286,0.09306729199895762,57.784929305457716
-0.6828986054533387,1.3607202355245558,0.16966982696639082,0.35221356841268375,-0.23207978563904103,0.49552608762811634,66.54526859277031
-0.8875576770377442,-0.46280158851335423,-2.9547647658493874,-0.3278815779628475,-2.0627119624376062,-0.1341111754431769,-332.97302166937146
1.7038600672204351,-2.2279384182253783,0.44822835104460107,1.3014827858824591,-0.5710511104915834,-0.6881864289487745,-142.2513295735664
-1.171450517914487,1.542288105041072,-0.6870184466628464,0.3480676142119137,1.0895120362972208,-1.4629173465501715,-22.81309950907245
-1.2602343560174307,0.4473221177287177,0.2683976463096927,-1.7425827822861593,-1.4469805091678478,-0.921153471472159,-129.35455118137767
-0.8894496265388843,-0.7283135814136009,-1.1349646293779545,0.7351432222656991,-0.4356682944701369,-0.3174484372438559,-88.15898218876964
-0.678008237705432,0.5662085593235255,2.050847070271667,1.2272716222511892,0.16750298516405232,0.7994952787713778,169.56797771375315
-1.630756953613766,0.3239497649139231,-1.1114385657419479,0.8580263392750023,0.16035979439714446,0.31782457982173284,103.2744227646212
1.7460702447027614,0.610444706955315,-1.2917790273658207,-0.6945832388573921,0.7923500128423396,-0.12346503965631951,88.55377490851976
-0.40160519518936266,0.8657582709521411,-1.3237792366320968,1.9768394714013222,-1.2563862040656502,-1.9306494671327086,-243.03174438755667
-1.2444320013001937,-0.2101784543905758,-0.7642769978330131,1.618791283238614,-0.837235530240169,-0.13429305387906593,-146.1388589025736
0.6684226688653407,0.09253714663934709,0.6547537935720175,0.598924670895083,-0.11039195623177368,0.8462686425288836,102.71094078116003
1.050202865691353,-0.4329400404509422,1.0226338001477298,1.3343234099520151,-0.9156084274306355,-0.29760874029212475,-10.105026445474074
0.6078407681845625,-1.2318253942721205,-1.6342183171201643,0.2668166725876192,-0.8949188139035323,-0.8478917916440922,-233.79058672642367
0.19485286586552344,0.3661241023719774,0.694852777472957,1.7251543896972898,-1.6274145279559136,-0.1105152461736849,-20.899543713438916
0.5645924113067172,-0.5305839491256468,-0.5392324347502154,0.7309366013406672,-1.4154808882327095,0.9403034922626119,-4.507102808059564
0.2058125208368582,-0.25126016620864644,-1.1579802110235793,-0.1882621592348771,1.0126182274479198,-1.3329811478900995,-27.66319026621484
-0.7921047077749382,-0.9706503486133888,1.6395973956154444,-1.252714892315496,-0.22469374209291068,1.7076170666230048,188.6469127954317
0.053211170331863455,-0.3678877420764457,0.419974374718808,1.7563431603115656,0.26548873449695765,2.296058271410851,175.12936763190885
-0.3489111039635572,0.6294080806005106,0.8488613233315044,0.015653670730746246,-0.8975269439931703,-0.3551407810118979,-91.52649266391316
1.1569190818113932,0.7740034315716738,-0.7687896140932863,-0.29459619122679154,0.017599133523533223,-1.861153404008177,-184.46541666749275
-0.3424920837307624,0.14649356068458713,-0.05172373265372325,0.27771143726412145,-1.3973186520519452,0.8940282125904554,9.927865148946076
-1.2496270471338191,1.4472059760751648,-0.05426937529777582,-0.33054165328264495,-1.1307261562926385,-1.7730582075571482,-282.49295805174387
0.03492517896754073,0.048057989633909996,1.2797857682452605,-0.6952245792092058,0.38613966068724304,1.734413314221604,273.98921894034424
1.2085440394498927,0.22161502616865078,-0.029835796279450558,-0.351886637860152,-0.9534263331462648,1.018825778696175,118.10475360620464
-0.023538095887316084,-0.1440496248681176,-1.440932746326516,1.4057630675028192,-0.9027085083270711,0.21427520687675156,-86.26076341591322
0.2745914189944178,1.3927959912963825,-0.30727046548050935,0.5092868676763378,1.1065027869636934,2.878171663927126,417.3970843662101
-0.5399306906238834,-0.34707071810581264,-0.13176338503521295,0.3118786896767698,-1.4399122941610887,1.0074491566416564,-195.68913710851567
-0.1841893428303427,0.8706919036766448,-0.3538405601712422,-0.2837129608531356,-2.0173559923127824,-0.7966923970754218,-276.28185662937676
-0.5820480268505336,0.32496872875078153,0.9934981763839604,-2.3282393795627696,0.4056083241400454,-0.660403038059137,-53.598321902783496
1.9979657745879398,-1.378493649195758,-0.33378465245297106,-2.5810935969558013,0.5593761084145285,-0.9812536285662632,-62.461363855325196
0.7972816227118578,-0.17143418272978994,-0.9855396356678553,-0.8866067372165904,1.2301604350042863,0.6552134735749137,125.13730216897213
0.9263646232868352,2.0243230001143457,0.8259476602407023,-0.1477559555412326,-1.3866222587533004,-0.8488981538086219,-22.52043116961302
0.4012160081134822,0.2488126398160547,1.8180996727748782,0.4608583823393428,0.8844472323519725,0.0030004078996472287,205.02144824717897
-1.2957434707784894,1.6798117188411066,-0.19934391256370437,-0.6993535136945018,-0.4437271476591041,0.47222875477455956,-23.554075247109303
1.098452417264683,-0.32004247128344,0.9361882470680787,1.297981802298901,-1.299708785227595,-0.26410509123286235,-45.768927613313025
0.09446655250500086,-3.053671547730487,0.2593302207527608,-0.16174227182409762,0.838312435459983,1.1358388017728407,71.68966760126277
2.0040173514607216,-0.9445054251341661,0.03349066181336891,-1.1885517331995943,1.142779101695924,0.4681518242783544,118.47191999894616
0.4473973015283604,0.15482614089332017,-0.22725848735237605,0.48210214386059314,2.3229948698637295,0.3633487632291436,139.29133984455774
-0.08726075100140261,-0.879094738099871,0.13857549268071498,-0.1521380943079601,-0.3658171742191637,0.8636409065697812,63.37425075551582
1.4630888087833422,0.7431437819717479,0.2809770496057937,0.1581077122904205,0.011203307636976263,3.0628341550919753,293.83183329826494
-0.6810983163294512,0.8722694854782554,0.4382384086859949,0.013392488705639489,-1.1324624396573744,0.7379496957634878,25.995878060456043
1.010326183631768,0.8851992311506944,1.039629574300692,0.16000423644782677,-1.2472644810308855,0.8163861677075207,118.8477101690969
-0.48087418170148605,0.3214882287396891,-0.5547723827450214,-1.3987672547982408,-0.6581958942467555,-0.5926363676275397,-141.125801635026
-0.7651450714378976,0.9181121604690956,-0.16881624888243763,1.5633487888266897,0.26983576574102214,0.21259422126958447,96.27061359964732
-1.0528691689656478,1.6784535949920414,-0.2997184090436148,0.09493539537254683,-0.22633794865110948,2.512924990206236,256.46092052788435
-0.7013476857980747,0.8331451183684903,1.0498297280647004,0.4252013597992219,0.7211263224074708,0.46755738448107476,192.82374740219691
1.0371066126607213,-0.32984512046177344,0.5993225562604415,-0.6970264599032726,-2.0315140094161714,1.0073022327150898,-116.4244182785721
-1.3316699803015022,-0.7052141833415442,-0.03639289446954969,1.5907208489128821,0.400721671035298,-1.2328042864097326,-108.98798199615312
-0.3717962943052532,-0.9308109496783217,-0.13646779450060512,2.3283500328985003,-0.963685388911947,-1.1851695688907544,-243.2440211191858
0.2477238042812652,-0.031621472296061284,-1.2623867186114146,-1.4883728344256932,0.8399235323280398,1.7361821960398915,201.40915989597585
-0.4363419271771592,0.6437861782216522,0.6388305448092252,-1.3785750073194236,-0.4882234158919337,-1.0982552800384566,-169.34726945285837
0.31940429080535787,0.8943549143292883,0.9271384934267335,-0.9529319503329605,1.6851389252772697,1.082326932395576,138.61899890007712
-0.9475220567698398,1.9339291962897844,1.6755967883764924,1.1964719223428546,-0.3638090275431468,-0.6247708539367601,-7.781281652689344
-1.1201314682588557,-0.1813191861713953,1.476710942543027,0.8126418049044891,0.44953513530861344,0.38505045404139004,71.31166556727894
-0.5657640369033301,1.503526257681557,-0.2191675784303786,-1.4234995354554618,0.7902136442622241,0.21832070241078097,95.19673892571757
-1.543957180012287,0.5507179003107647,-1.0301404615921599,-0.8283795917070924,0.17941968803051223,-0.2633660251731545,-142.94378327981997
0.18998294254694975,-0.47120270888589977,-0.9998335260372961,1.974598477215578,2.0492043399730626,1.0902334757638499,199.7101599546435
0.6473612113928225,-0.3703416311271033,0.22059906302334067,-0.12041039856345943,0.007639581326752296,0.29689994512344964,107.93590689830528
-0.5514319188951863,0.11138590718082536,1.7197625941799484,-0.9667912376034064,-0.9989308270636855,-0.7245848687359229,-133.8546171602202
-1.7439577467648308,0.17643309702733345,-0.35249518708505745,1.8784299668724647,-0.5982226687354648,-1.0744923833181506,-156.9726310243244
0.7358188035329476,-1.0207253311149038,1.4571425240056066,1.4638559820857981,-0.8045187089729856,0.3111941359255429,20.008106387892592
1.687782851144944,0.9536266358965637,1.9273789998673205,-0.21421565222498856,-0.22789676636461778,0.20014014039139366,116.12093449546009
-0.04360860744728161,0.30423167172492077,-1.7704345664689172,0.2542333591689044,-0.7418102444624265,-0.1812025115369743,-137.37012070430708
-0.3354879268237731,1.1131624186305207,-0.8504214268087135,-0.8286883795304822,-0.8834567105470569,0.03817266800649996,-128.56309673929397
-0.7876674486254872,-0.48026759485986775,-0.32335964641461795,-1.0989194402749525,0.8420243646460194,-1.7503844196477745,-107.12209421296085
-1.4046240499258837,-0.10871104216805935,0.042283756737038325,0.13865977620216668,1.250835347757512,0.31603108872318814,165.80031716591407
-0.16480545802023466,-0.699892516544958,2.127154776455725,-0.6254133985204543,-0.9156771545417509,1.1695098642126953,82.9635248083173
0.4696641076454687,-1.1236507325258867,1.7368179452431056,-0.5004110926628561,2.310269273630358,-1.702335172263967,36.613544026640504
0.3514024808693434,-0.42316032939550113,-1.5699249663093098,0.30473103378013316,1.5615306014384,-0.09074476041843037,67.16177106370509
0.6292565164196935,0.4933493630131479,-0.8566505765202289,0.01376424256330356,1.657342147653791,-0.4178771172109089,172.3231369003887
-1.0623459847197045,1.517877221892533,-0.4663898645695195,0.41415801714490413,-1.1423973226268367,-0.704960718443861,-111.3661542109109
-0.6524223315484844,0.5951324501200088,0.3471679625025667,-0.5883072994587143,-0.9999526677921241,0.3095595547884721,-79.74596537366003
-1.1737927721828052,-0.4747440320913691,-1.2033846867317375,-0.12012470080404038,0.5355308848384873,-0.020804860924171786,-32.64479355675767
1.0523992835935883,0.03410127694313834,0.7842700606564142,-0.2791571649221362,-1.350791412878598,-1.1427002324214823,-177.60337976774667
0.08174159110257218,0.5140985224977558,-0.9837694319081219,-1.5724115550902749,1.2509895003029243,-1.1511222583599758,-46.65950929532471
1.653845153120705,-1.752821750523595,-0.48405371266766617,-0.14373399063080244,-1.0737188393633221,0.27987964989587577,-180.14079170080424
-0.5547813630197573,1.846758701956679,0.09516882058460921,-0.9784283789437772,-0.07298698816230892,0.4401963675527001,98.25836131933266
-0.8475091396840857,0.6468262926113995,-0.5770576046127472,0.024782403695263886,0.3180878496447223,1.2915040999768281,133.58111759328852
-2.0401773114014383,0.7247707658752064,-0.23280188516102757,0.41473712612444963,-0.5371498988818878,-0.4138274536026113,6.991465705622289
0.0644095114923801,0.4866549470946502,1.6156508524446354,1.3428434489228132,-0.44491694793497333,2.0785474537428943,262.5821157295004
2.107121932505616,-0.5124976426793127,0.2652003857476697,0.6414970796536803,-0.1257161879022303,0.9114998207196343,103.79994986701114
0.7108774707160015,-0.0753412298303352,1.6630391426557094,1.9310463397387858,-0.04152279474174678,-0.06840900710859546,96.38140328353576
-0.7482027966852262,1.8229212750215726,-0.5405088665992828,-0.38415835357073813,-1.6111835804178671,-1.2364859592248103,-201.59619031977422
0.5662307840651079,0.4121063449868274,1.80811154337937,0.1307835354383183,-1.5114947472172133,0.6394158431821362,70.18657794511131
-0.7166490321620695,-1.181767619316814,-0.09545427014199355,-1.2834465783123699,-0.047969920112678505,-0.29612710591415176,-50.1381029429173
-1.0266688787267542,-1.0068938285360045,-1.3700179578400402,-0.6073348390372167,0.9835575598150488,0.12087325038552264,18.430494959594142
0.928927000681818,-0.7329036718891971,-0.09107946887638119,-0.2992028660771527,-0.8334784218942493,0.11429089439999503,18.50808187396902
0.9819468171175684,-0.853644770873986,-0.8744337344776966,-0.683565820730975,-1.3617764595280977,0.521220737332371,-76.90649218832922
-0.010439898594442791,2.072697028479665,0.7409283120676217,-0.6307555228739863,1.2033217251529096,0.22334850597543776,348.11669384897215
1.9798914784674893,0.7600540385780881,0.4622226071852738,0.5475812184809038,1.078345544789272,1.7308068932314433,347.69908538729806
1.0219913563106338,0.10779162031112284,-1.0707256864346204,1.9263474990227965,0.3003493968191372,-0.29171412876883984,-126.4540547247914
2.005257775036656,-0.267905807931627,1.1971200231770778,-0.1736034696856985,0.6607889325341894,-0.06844911090266706,138.65551263102307
0.6185319507324616,-1.2797455998716443,-0.022944118887124963,0.09797687593174592,-0.4446695659618395,-1.7609584433774241,-226.95068761289758
1.092410721420825,1.319222058944558,-0.9037296676258858,0.7379159590014318,0.7233881908008962,-0.5338411159356271,148.68563363474135
0.07690073816031799,0.30089980958222085,1.2436687028828166,0.1446221231287733,1.0390230517750558,-0.36580404150845724,159.31674568798243
-1.170759557482492,1.748602727663267,2.292501817003386,2.4349808881567077,0.4177532710826505,-0.23148109279705342,215.39292925649485
-0.3008782922263607,-0.7449552417975321,0.011029139748828526,-0.11693032625778017,0.13392356838273473,-0.3372368532261821,-49.438886689792426
0.46804601289781644,-0.1889968056599481,0.7333995234023917,-0.2963801429132295,1.100457723172882,1.4298450633624278,280.2913331729022
1.3664633255597651,0.4196901356688599,-1.1796916041650174,2.2148672684479007,-0.29728832360906976,-1.1048531131745756,-111.3869251112057
-2.1225226755220254,-0.45351227224302626,1.0089833446373604,-2.0468793755568195,2.0985010097353456,-0.3407515804536531,77.58233174068758
-0.8473170865011083,-0.9671418114601531,1.43479087804935,0.5741548290970173,0.687613035339724,-0.7989417846647594,6.630283024992956
0.3342445103807793,-1.1173201189434827,0.5698838438181133,-1.8717833015152354,-0.4136786374158505,0.20392840654650077,-83.26537625874889
0.6051358122248178,-0.045119438690831404,1.949019781977343,-0.05907510224383603,-1.2611509039381492,0.4422112307130684,72.85183863125567
-0.25203978126574106,0.005940826020864003,-1.0632866489325221,0.19016644992554554,1.7330434892191813,0.30271342438810933,101.82229435503056
1.035163335530173,-1.1637188846389042,0.8163408864173012,-1.3649380210413287,-1.0637506848101417,0.9440174036485869,3.4783024507808395
0.22019147267318528,2.168078596112666,-1.3524697863868715,0.9460450854405349,-0.7877305799525158,-0.37508756057669845,42.56133997697404
0.5398665080108332,-0.8618480447072517,-0.22914852728561286,-0.6798210100470451,-0.31059792272713654,0.7742652862845245,-47.31666540651919
-1.4883150394657825,0.3321133954532087,-1.9635634513505935,-0.42773494708269916,0.23849368676679586,0.020559992534359812,-80.71242773923237
0.666671605507738,-0.9121693068308779,0.494525430567411,-0.44191676623332227,1.980986864258951,0.6400267109288147,198.82332591081055
1.0915164852090398,-0.5197642805848987,0.27063385734167383,-0.25649894021982705,-1.4693063425757948,0.964522684320325,51.68600422904903
-0.4478921602632526,1.2080900505843188,0.12966977022954956,0.7096869286879621,-0.4945352575850397,0.9152725459643647,114.38597675920694
-1.1273895166254078,0.04996039774472982,1.3086824409334339,0.17919674912482844,-0.6117169111532793,-0.9166153789237567,-91.53021053972716
0.9587187511251206,-0.32389910826381313,-0.8947789411517112,-0.5267952949627781,-0.4175464297986883,1.727658768257918,35.020659706102656
-3.1379722442622167,0.5180040452295154,0.1847462217123559,-0.9484840601926541,0.19238450797276155,-0.7488651850758852,-90.29377216450025
0.7289253600330063,-1.3691281610568211,-0.40686829231471794,-1.3494363687685544,-0.3349194757688135,2.1586374932863657,146.6513065003329
1.9133511416623228,0.16895973652185858,1.4390482677199514,1.814351070232502,0.017126235789529987,1.005469511127156,146.102866640495
0.4078105131939486,0.12018134580014998,1.057028621679597,-0.2303256282439009,-0.23671902329872974,-0.3886035055143451,15.031765293661222
0.3499962589320885,-0.2635659864432036,-0.3143219955642844,0.8214765771791173,0.07993805010726378,-0.9950973635891333,-151.27323646142082
0.18060845599585532,2.1884887604275676,0.05334569111210895,1.2152229375421573,0.8696948169906226,-0.3789839983318709,91.87484121286542
-2.6089586501247255,-1.411186377816545,-1.6677962474089678,-0.7847485066218078,1.0658160931841945,-0.61040426715805,-154.96187496616744
1.072597844771899,-1.024636323969683,0.5438761846755177,0.321582545652416,-1.4263376249441897,-0.09094386152847968,-8.443881602685778
-0.45432609866729323,0.7475617514015371,-1.3347091208379147,-1.3704586835922123,-1.0601642962097013,0.4937215513787768,4.8329703215010795
-0.14857828271769535,0.5157011507823773,1.067736127833397,0.2699551263724145,-0.20473649558628465,1.2641514561573581,152.56103362287828
-0.8653101991579769,0.1323816435141811,-0.7091095831787914,0.013349867423712958,-0.47697526651495326,-0.9035867618096515,-68.16483684038695
0.5921364889806429,1.2223634449488288,-0.5298986321471881,1.1669968189826447,-0.5650820819492623,-1.1350855602029915,-99.73246612106078
-0.9885067955020009,0.3205529757624889,0.63493036817881,-0.10816942713496605,0.9851688487914969,-0.506261761186644,65.65771350964124
0.2599959114621472,-1.9222785540505378,1.4925889768297087,-2.107840482573199,0.9827651976182741,-0.7868474483341397,-48.42395790087055
0.47366806836576586,0.3527291521704781,0.9783592402689463,-0.8758416893607924,-1.4372402256429009,-0.2659080397408214,-53.361079767205894
-0.23330726490508827,1.091491688098607,-0.36512747279474705,-1.8812532030791524,-0.7718521471747989,1.0034342419139843,-36.61629800517832
0.1646220959513385,-0.3548548393826683,-0.5249087990097828,0.674399725600844,-0.9925245306094094,1.1893610498030596,-37.40106307082529
-0.2315499453493627,-2.4733605019126803,-1.396453309908486,-1.1994910935597078,-1.091070257671426,-0.35351027024607073,-367.8207156022278
-0.418498120375399,-1.7510790424491296,-0.4666839861486958,-0.9114208795684102,0.9761295479475653,0.9924732079321793,1.1867792947318065
0.32044062954036395,1.8572872392160775,-2.8966463680297703,0.8556098331472212,0.925497777480042,1.9245730312057705,295.6695981583838
-1.8394118271970987,0.09571747716923769,0.06613113039997043,-1.0231063739893085,-1.5316243644995111,0.23004575393057577,-191.777498643918
0.051037388965763604,0.12766894279890148,-0.26905560514687743,0.4093738713660091,-0.6352926799653129,-1.594646506320703,-161.6567545348595
0.11052498434681503,0.014573403228576984,-0.6102172022660886,-0.8710420785391491,-0.1914343808483118,0.49379146669273755,5.647388036644282
-0.2398685342114503,0.9281863914525191,0.5244062752235992,0.5502575198467989,3.257676964038385,1.5083412038911417,529.5080458300624
-0.6024444766809176,0.11619341051518717,-1.5384121208360817,1.0518515862717148,1.2162971064437431,1.3601782797133446,175.66754123590403
1.9708571344365873,0.48050063133690607,0.08478072228490002,0.3432310090956816,-0.8929824448174263,-0.040633408511426806,-24.384903849655537
0.5775711333506417,-0.8857777252487957,0.23338058090134306,0.722563125411445,0.4707166623738534,-0.7988258050220043,-47.52313458487894
0.367531856063527,-0.6814889625799961,-0.35589436737566865,0.9893165097890236,-1.776514996242177,0.4373803521769465,-67.65305212732281
-1.8083687425175021,0.5655287886815622,0.014671178843369275,-0.21010069533018336,-0.1000173169492135,1.0414799893811482,64.63037302976505
-0.04555051823773523,0.3374664314003885,1.158307872625462,-0.37507619323449054,-1.9963231542376876,0.738845239181394,2.8153287721744
0.27859921875300864,-1.2978783873777704,-2.7140777926646167,-0.6085383430994528,-0.6275309759630573,1.141415559468419,54.22835109636402
0.07281533803204963,-0.9013877143649378,0.41278700624638187,0.23742508392975725,0.7305556137320934,-1.5894647421660908,-108.84190960253402
0.350672615164526,-0.6743655217764153,0.3510351866704229,-0.40027632858914264,0.27447820652447263,0.5721786760863989,76.4260444754048
-0.4157405114750928,-1.7508097434842236,-0.4139077102699796,1.3549684579801202,-0.5391606452136473,2.435916154153344,90.6376736121375
2.4444885816677897,0.6583545352434587,-0.149566876335956,1.1224626407412948,-0.682383463589394,1.3983176930911208,145.62794426523294
0.29370266417694235,1.1824256194800178,0.44205969833145153,0.3819718017289412,0.0032517900203655466,-1.3295140762604722,3.5390589921661686
0.03609220270607525,-0.8123860254014253,0.591597884391139,-0.48991741055876065,-1.1195678065214667,1.0655864684983825,-35.230768306178305
0.015065751508478036,0.34013284141781625,0.6300779917281473,0.5172599673614464,-1.009975515316259,-0.8814293170510733,-144.62580805956804
0.2635111033649004,0.7555179476166819,-0.7427343562397954,1.2688159935199605,0.7324042626921202,0.9287130327771909,137.8229777297792
-2.3932266962154682,-0.14342132204268077,0.19421994154128175,-1.0427235705536353,-0.0719449870966178,-1.4403294857772861,-115.71028050858443
1.2551747550546846,0.10865884479670485,-1.8971206950687312,-1.34037159598177,-0.11038441730220884,0.695685709814714,-87.27020681090926
0.31281403546207853,-1.1918866802968102,-0.3102366991391566,0.6514031510297881,-1.0785107486856773,-1.2846479398652249,-322.4480209970008
0.5965987561851358,1.2874215215318416,-0.19687873146647974,0.437743393389564,0.7471174412341133,0.655945981721562,155.7692702904069
0.15917478289562367,1.4712172894577025,0.24454123038442838,0.5334962108184194,-0.8277216330285734,-1.3817509231439393,-88.93304660859553
-0.7964287985406089,-0.06103866743106475,0.020343754059419,-0.966405637388825,-1.1522107018458936,-0.9425745672611244,-247.05965576515362
-1.19632984416829,0.32616219060733914,0.9317915554845905,2.03599810829011,-0.07367215958072046,0.745417298556752,97.5041640155314
0.10390330219076374,-1.8405649018322072,-0.7321048862181363,1.1738553200632078,0.26790615311548444,0.9329637000457739,-32.14239700759962
1.2168785391761108,1.2485921207312003,0.7259974942007745,1.1401116927417838,2.1629552528612632,-2.036061324077963,86.89550109241316
0.031053010188173445,-1.2332704527434803,-0.07710586026126255,-0.11183801938435792,-0.6262167645985519,0.5502527063130591,-90.81989106188874
1.4643862307683528,0.19668751378034943,1.6762431342471644,0.024576949998602684,0.05801422948473895,-0.3648754979969591,11.902775422656617
0.40964610179794597,-0.7066500638854168,2.337051781703555,0.6485980364632348,-0.40913600250362625,0.20067174675586327,75.74297842613088
-1.3711336447375497,0.4069184090099505,1.702833539072333,-0.02198983735450493,0.7577152419246366,1.1765366679338523,144.4423676023463
-1.3972013286980363,-0.9739373919366245,0.05362075911897957,0.4681736716574493,-1.588262931113504,1.1539835918253663,-104.34603242475814
-1.2336911146064635,-0.5115705109541424,0.47697481014764714,0.1246458011240657,1.354026074628142,1.1955951965667757,115.83187970350286
1.6103727610319132,-0.4814225796331655,-1.8367514660252229,1.269326972791136,1.0901216184254667,-1.829706590721947,-120.84474501288493
2.1323416079736086,0.6630869216878605,0.20571046236217053,0.9989103647515224,1.1381492226628411,1.0252409597246703,237.36661438635264
1.3399284553096493,0.997341938189709,-0.7610332702669311,0.699643016402953,1.0466975241577654,0.662709514573485,189.7522394688775
0.6470524237030855,-1.4478295926992981,1.4553287236410501,-1.4292789311304506,-0.15626323202856857,-0.47320277522715315,-25.75318057738845
0.71623714655847,-0.18342830401869187,0.9468863210891206,-1.2323639013392202,-0.2137501847528182,1.041971513415472,52.576791648195425
1.7317896588047954,-1.3902490240738972,0.8294246994612974,1.1216100960782067,1.0954142359731476,1.5772383736308822,314.89515698548337
1.4415884955707805,-0.9400406999997845,-0.7804607523040008,-0.553708002743628,-2.890370247910272,0.3302320368818343,-151.7639970569495
-1.9247357508913985,0.1866783184335516,-1.217698489811733,-1.2885095738341268,-0.5758153420976294,0.9167870975278088,-41.35482954782731
0.11540097830665866,-0.7233212701142543,-0.3475499157797153,-0.3549136972255704,0.7011559653690479,-0.31559174648364596,-22.420094729621884
-0.7804653631925437,0.032042861200011416,0.9369734137780221,-1.1907532130997103,1.4142010272416323,1.1580415569893578,174.400134528857
-0.24883522576796804,-0.42238811694767214,-1.9620276420341303,-2.5685717106977406,0.8472136506462644,-0.2953244466276536,-152.06773419979376
-0.34856996286225794,-1.2894865359286998,0.04297092247474569,0.679666017290645,-1.1329242439296539,-0.5738705195514129,-191.51218794206636
-0.5480280370687091,0.21809110103938215,0.7907598010646372,0.31812824408280466,1.5280575598782924,0.1236426089505062,127.58146891653858
1.6127284953841419,1.5337101261274302,0.6705037509744908,0.44431681755771774,-1.1892813312910815,0.7099552801571303,103.58166958003773
0.28463874545087764,-1.640970129190178,0.8426974974473584,0.888429351885692,-0.4896939778730826,0.1820066321374726,-118.02161882296849
1.4356438220560577,-0.9841131634374842,1.088481303868697,0.9511028298858393,-0.16716741367442922,-0.08843159185496731,57.23437461777128
1.0417954343907305,-0.06850945266846055,1.8934966214789457,-0.7838276786078067,0.5269868868738222,1.7030811523040505,279.3076383412213
0.23216444691568844,-0.9266963602410203,-1.4180378547402117,0.1013409168944905,-0.3686879492180958,-0.8175138497505572,-129.12588494640235
0.4870583169146483,-0.2393559844265773,0.08154391339799259,-0.20082296086032558,-1.228217045530494,1.426946785820494,-45.158976497118715
0.5083500990112829,-0.45000879388593334,1.6622121766805082,1.2506618884197132,0.5938469906262653,1.552089417134005,271.8215167503498
-1.9966251070053251,0.16582690515773044,-1.5915921773995634,0.06429151974490054,0.8108344315439016,-0.031700492223121934,-36.57919246165102
0.02075558724338289,-0.2709997853693543,1.1945840147505584,-1.7990611563248675,-0.09225519343947836,1.0407194655554333,162.9507772843537
-1.379844455744245,0.017553767402710405,0.566418899691831,1.4408067460966123,-1.577344333138886,-1.5632067721919682,-273.398787952904
-2.050367714047893,1.3852174034401654,0.2195417453454669,-0.7271113958733936,1.1205224821006268,-1.0060002247389508,-137.52225403413107
-0.11550206455530747,-0.3980093825078116,-0.14004064611557995,0.6776771595516319,-2.4549887635634087,0.4891704501218024,-184.45427697025963
-0.5349574890229402,1.983259317844335,-0.25174281618761396,1.0029167537743762,1.0250168336837506,2.085653010183443,392.141111948857
0.5818286839612925,0.47019091550279024,0.2908872128301887,1.0333010765922044,2.451977008713482,0.4281286859729949,216.52917038580648
0.37201178422130526,1.1067590836238494,0.2484333736770679,0.7052370093844769,0.8908133314221217,-0.42381174011743267,196.3547689653957
1.7749899691463313,0.34189256621643754,0.9634359366045622,1.3137547483251786,-1.3130052406313188,0.4490157456127144,70.29876348563165
-0.7411261100689275,-0.7004730444652967,-0.06811466309833943,0.20076430765462247,-0.2979009523255091,0.04215320555890628,-57.71116489442246
-0.7650657137587511,2.097626681506374,0.8612694517105783,-0.055695924288504936,1.8505753752449043,-1.1213990574410446,93.69464500378328
0.8571542894018026,1.1191708420903248,-0.11928815044954938,-1.089011647785776,-0.537631572352095,0.3344474408912698,-43.07568856532864
-0.2009795051794142,-0.5204880392219189,-1.5692242511222625,-0.5864315495303375,1.5216285289395761,-1.3153534049049835,-40.03617845236411
0.050352612644848575,0.37883488778371754,-1.190841154009556,-0.2098023540514191,1.5030674793583663,-2.0993786765408777,-177.0269862590067
0.5760648038380193,-1.7720351810228847,-1.2193069132714807,-0.7007532846460282,-1.4037468481176665,1.2675138604613747,-120.33162426017644
-0.09536417277992242,1.914146364300949,-1.0267195456281013,-2.283929511570087,0.904095968381289,0.3325712389263121,92.55595827373118
0.173118883280622,0.7064551051600284,-1.5603479307158172,2.7659935989585107,0.33618485745525245,0.11389230610148711,102.109311619089
0.8253928794602587,0.12146894238391182,1.1941609317691766,-0.11987960148489755,0.5806083708379861,0.12649929194853285,130.9559979589268
-1.3153368976273434,-0.9873458285560333,-0.7011864642538452,0.7552798966793067,-0.04972450673611402,1.578138605794245,128.17605260674497
-1.4811168978666218,1.4581914423654168,0.7432109332337367,-0.9918658900094026,1.2332764819177215,0.24726710179455488,171.0173937032568
1.6538629291137876,1.2664532372634076,1.011364909169213,1.1939563512520257,1.2501726036418062,2.000348406598341,429.57658441523165
-0.6644884745653222,1.1181576197008385,1.4155561926122346,-0.18732342697443555,-1.9627430424279972,0.6356556015376755,21.80002032681399
0.9401892556730279,0.3282061384518641,-0.40900932482261165,-0.056121185203560464,-1.4855111591062995,0.5982762376346856,-65.76704109608767
1.9342001873336616,-0.3432705428318569,-0.3534692606506355,-0.17649388016287176,1.0738533412605697,0.33008428962529196,124.99622379449659
1.9252003891173657,0.49414933532723154,-0.4537375050166008,0.7982200707637539,-2.3052014203048103,1.4141938431459455,92.1055531252591
0.34661125542433374,-0.2877760229519962,1.4423659512720972,-1.6286084211383778,0.1673451860894808,-0.13187001023609177,14.82987568290187
-0.2882222372699275,-0.0488905575630659,0.28652763629961253,1.3693446795874284,0.2706246104767085,1.572966054261108,222.99428097898485
1.467072387080651,0.040969958288702785,0.12316369856475011,0.44074429487137584,-0.5397215837379342,-0.7808260450921554,-54.84008454545593
1.019748664601058,-0.5270901282596558,1.334495700899904,1.6536782248280475,-0.6484170612047498,1.6010646380412659,242.29695965037445
-0.26031025203138514,0.06749792903625376,-0.6551952670956785,-1.534798388827892,-2.682450831537763,0.4522692168257229,-121.06577103028867
1.9350208584853483,0.8022807383789896,-1.8899275490609733,1.752767443294251,-0.6354809345224551,-1.0361339198246302,-192.044916166958
-1.9532381995498134,-0.002055836165385223,1.4935471497207449,-0.12557887437298443,-0.32439199441069627,1.1359807763978302,113.32066808894226
1.297947721179094,2.0151668766612976,0.5910598153477897,0.025811287830865604,0.4527683848474366,0.21450132185650883,120.38435077893463
-0.020125343799136736,-0.020893290009488478,-1.5950322542544302,0.21848978361053353,-1.1805088612355856,-0.14606138435226743,-246.34205435111474
-1.3985689082592212,0.0477700491324254,0.7929279930534388,-0.13628399407192712,1.396250619121417,-0.11733507977258936,100.87139094003696
0.9212110983068347,0.5656622623962116,-0.8837185554006413,-0.4583600963953376,-0.6435834770471682,0.6426215042890394,57.07072444271961
-1.7327147376623926,0.05790827095364362,-1.0374982618457211,-0.5291922728628682,1.7217892171496878,0.7778298070661052,122.81143312120203
-2.7307927664928457,0.5661243825620637,0.7336138783789048,-0.9693938551919156,1.5999453598682531,0.9860155849814423,92.8463529039654
-0.2498460939154643,1.8012389498197876,1.974886313317683,-0.39261109434204033,1.098649320359868,-1.0999879338036262,140.71014412654793
0.11693824132189322,-1.2149197631124504,1.0651386426463665,1.1695657506344341,0.05663140169345506,-0.297170472576627,-93.64585358510413
0.7929519878167771,0.9145076629924332,-1.1046032828105008,0.3460261032810707,0.6852315591782282,0.7916822991625971,90.47071167713744
-0.5445791768659894,-0.027558396506701447,0.7537306644149651,-0.05263626803710234,0.7413265142325174,0.1580315105715386,119.03680408250032
-1.27236804340103,-0.6833861474952886,0.20241063209808788,0.94487587758628,-0.7274198658346406,0.3647802215976538,-99.23041993645973
1.5114592398242548,1.3638731045863055,0.15306514086850712,-0.8114072242428493,-0.3599253890194253,-0.6501830808948874,-57.10648519984142
-0.2791497136642991,-2.388800203267327,-0.2748664757684915,-0.5563657427113582,1.0579844168497359,1.4397858691322802,117.50814858178896
0.7151781899730731,1.2892082175691302,0.5267986081212366,0.12661790633816916,-0.9030289786567984,1.7451159518325947,215.0891433447037
-2.5379021928039895,0.27635392534845105,0.06151435702582981,-0.0862054845299318,-0.10524956610394572,-0.29390834087308587,-69.31737220800004
-0.2955311783638458,-0.20814944265304522,1.746971817073835,1.497253595949346,0.10557306367565276,-2.179580728120701,-67.25585167298979
0.5674821073334116,1.573669472447851,0.14344032664479675,0.3387573348894871,-1.0072689183560373,-1.4475202672729237,-96.99088669457088
-1.4761673741347265,0.9363924420060665,1.1103406653196524,0.2061211807210575,-1.215695757821111,2.097824102908141,103.87851555474212
-0.48453031829085824,0.3222704416628498,-0.6514386181953495,-0.3561218952607889,-0.4606943981838519,-0.3680484428216334,-147.34965633030208
2.6589129473589943,-1.1976477512624593,0.06216983758834252,1.2577818167448516,0.8584782853057121,-0.08286929601936621,76.59050122273798
1.4097153972306284,0.6406069400056937,-1.1112490349358568,-0.7995933591771721,-0.7938050664067536,0.005026355618481794,-15.917315077153397
2.8946059279675715,-0.15774068402594416,0.14467167768423206,-0.9300674954408213,0.49132853207591476,1.1609741873480461,207.6967705883428
1.7485359496247106,1.2245792422632946,-1.2692122381139732,0.5108677399921312,-2.1761627097609058,1.17360926386658,38.219082775925386
0.5665481303847542,-0.8879664172736668,0.5237946096425333,1.4265114283109164,0.19300609103459715,0.7560185633853815,154.7725750973627
-0.007198828396301321,-0.006681583416400256,-1.521366286479571,-0.316598815233949,0.6586358963034208,0.2812366201501452,95.21869040446919
1.5352368336619613,-0.04980637308516939,-0.5956243024627728,-0.8847961885760788,-0.8978178808430787,1.1051836826064783,1.1208794759198781
-0.7295100697013499,-0.09301200497776037,-1.0427120939397507,2.767304976851947,-1.5529233363550776,-0.0949059769078199,-186.0749107411204
-0.8289963774401372,1.3979045477109957,-0.20836613023746542,0.26909739581717484,-0.17151118905266147,-0.8154411759597702,-48.83263780842279
0.13950491027740286,-0.48592150379384264,-1.467293125349863,-0.029846486733402625,1.5552699307230355,-1.0835326223601618,-36.60619388233933
-1.2054481273586286,-0.48712239796920526,-0.39357555571377595,-0.5135397032976364,-1.5792048356354484,0.5349243045728388,-166.90454570226967
-0.6480454083268455,0.04493100082921221,-0.6110241381516653,0.7190261726112795,0.3561941898315293,-2.168318311752477,-221.83274245204714
-0.7912480974223316,-0.5700521414709736,0.5627478305980508,1.0131285221718915,-0.2009682978165368,0.7478661906926651,23.159407107072408
0.6071053955630238,-0.47228865924377056,-0.45148846789081004,-1.8618797385232577,0.4014116256642984,-0.5889222923305182,-71.08671362349219
-0.6642490262701505,0.5452787292826331,0.9393768247396201,0.005249547677962443,-1.378904821594764,-0.8039421967329833,-160.61193385387978
1.5268286562115614,-0.1227305644160105,1.5125112466393886,2.000358865990251,-0.2738499721578587,-0.29851140470671794,-11.953677858858882
-0.15199533593446074,-1.515332191713747,-2.131344301202618,2.3161595759602047,0.20642754375918435,1.0456592644143727,24.070259959122364
-0.017406826268418125,-0.634715481782353,0.6972239889786953,0.28786108733244664,-0.08640251267915112,-0.6867359267649665,-47.56992209649134
0.06573166460402191,-1.2556372879972197,1.0312322368648885,-0.5074945721265571,-0.4051437771336911,-2.871424249034686,-296.1029833848634
-0.10622492079091296,-0.3533988739498574,0.4586222037512478,-1.0272097914685072,0.14180960043961544,0.38772845524437183,-13.01509610976121
-0.5004373717467755,-0.4849520955447779,0.5360002129552613,0.3570665327601963,-0.428844290540609,-1.1540027308699028,-135.50307254804306
-0.7331302344463757,-0.7397307204994058,-0.3875682359202047,-0.35718295726566174,-0.8638996326271314,0.6710401870004121,1.6462779760486512
0.08726083136566587,0.5318966234128856,-0.592290211513805,0.9193805228233175,1.1290536708490628,-1.3808642727709237,-10.393022980522254
-0.03799762825339449,0.7790979383925896,-0.42275286390460537,-0.8050851898580764,-0.9354251688701364,0.41109415666534216,-48.25255690382434
0.9386050714455159,-0.8645203506906803,-0.3240206350978244,-2.7005662521077642,0.5596902716313603,0.6612212188642609,42.73544699847524
-0.5867072865423602,-0.2984537400245658,0.20239106461108294,1.987530513864544,1.1163633967089617,0.47478057296323184,128.62524259057798
0.5077182000759816,-0.5436394202191639,0.17565425184797726,-0.47964672064764735,0.7361169248869218,0.26241503631148655,67.48293514510321
0.6569996845295091,0.40427926915645324,-0.046532425883037846,-0.6534347784386081,-0.9210001424419011,-0.31255884489545227,-75.41584634588502
-0.05638596921669237,-0.47028310147356067,0.31896502868270693,1.459428496815547,1.5792531348866135,0.5436721583359231,201.01397892961756
1.0970063670222747,1.5412773415039764,0.5284551915670763,-0.18001065861783655,1.4728154710577763,1.2218576011506614,303.92301384587586
-1.3035058081079287,-1.3702139962901867,-0.5557842664304501,-1.0316869542460099,-0.5734748991857243,0.8838313172257494,-79.6584687800462
-0.5872339105153538,0.02290955974991187,-0.12634918332123785,1.2234430161412548,-1.2710148629932434,1.8392475394749594,72.25613871975905
-1.8850204723558583,-0.5773758427838119,-0.8466046696520065,1.5760739240379014,1.0741988779077598,-0.6364972462879178,-46.57530970725974
0.4040824450245286,-0.8312827904185391,-2.0017383732448724,-0.34463045856165775,-3.438928025420159,-0.8865716489536241,-543.5930672094636
-0.4767882845855971,-0.41689416295669113,-1.4407765179449203,0.049074878789767,0.607614438241934,-0.0645934447561972,-19.493245122932233
1.435906549392285,1.1844694334701014,0.36775224780446986,1.6505414757025156,0.6603685402277347,-0.8818981767120666,137.11767388319402
-0.8742453710359863,0.5498231660084453,-1.882427320905898,0.5906791641507709,1.544083215626729,1.1730446114603483,187.90836979730153
0.6584440738059896,-0.9813531157709448,-0.03168726683219885,-0.7734838813727403,-0.24288561418304813,-2.3174722248058495,-348.16238156368524
0.18008703411520186,1.2626978685357888,0.7438453009848829,-0.6189678264081357,0.7564940611191873,0.3115887704251481,227.55462949705014
-0.7426100619572281,-0.6130426062597161,0.8396116344245199,0.05146104846199134,-1.2687144301787603,-1.4359900884177932,-97.79807341508695
-1.2051874211267561,1.2872168007489413,-0.9212768515828215,1.0352683332308823,-0.01165873849535089,-1.4055282090048151,-3.31976401569365
-0.3366397917376811,-0.9308017298615768,-0.4197724341989194,0.19350738245367816,0.972638162567696,0.9247378730065793,101.59098092017415
-1.0235649780642424,-0.008727389625748939,0.4367281710623112,1.6404869734436252,0.941377989182913,0.6625283021049575,102.93688798436796
0.24290860843144235,0.9136245005737639,2.1876208045131893,-1.4817087097241612,0.5298294590905366,-1.6412738451294333,65.89436287736963
0.5049126290703806,-1.1352726102087736,-0.3056747597936556,0.3523429256433644,-1.6505313947534734,-0.7072704110097815,-219.89159897213162
-0.038297064491203354,1.5276793670160087,1.3020548829131702,-0.19231634686259008,-0.9453778941877408,1.029551517825739,58.90830781581647
-0.05905565574651535,-0.3859432336924198,0.7722227346925901,-1.1307885231422088,0.637330380466383,1.4775018068733063,277.9140155593886
0.5626968284847371,0.4230256623441608,-2.2327516375244283,-1.9377430875429722,0.961672825857516,-0.11022825197826289,-114.87716408730088
-2.021697705827235,-0.09893489649429922,1.305667952644871,1.57495078671062,0.19232259597778734,-0.9404087482376848,57.65195911645087
0.17476732136336756,0.23878887163878576,1.3380878786711374,0.7024410403812088,0.11580210731965102,-0.5092658914077234,118.39894874354594
0.9343402236440361,-1.0218586824591307,-0.015849495254889857,-1.2368875777206914,-0.5222883957772751,-2.6505038572876414,-394.67628054448164
0.20784664923704843,0.13622591001837508,0.6217531674457724,-0.5741464524464469,1.5044595271485295,0.28877812355205107,129.63629716469694
0.05921126133583595,0.19694044896932547,0.18814117380498407,0.49482151439967914,-0.2172293916615202,-1.8902008633827354,-170.73736126994885
-1.18106834972135,0.7580218623875598,-0.8173269212136899,1.404897212244179,0.20720379336483677,0.31248050120686544,82.18645465574144
-0.8089047491390597,-0.30332433665719305,0.9261817835106606,0.05331948152003273,-0.9629996019511448,0.459863250519359,-40.35256353713243
-0.13208607286201948,0.9429673474216382,-0.26393784970032197,0.6316691403289248,-0.695793656901703,-1.3707048512552809,-161.5922674877518
0.10376250075182504,-1.460206552500952,-0.912982027879082,1.538790124793166,-0.07803970314587189,-0.5175474112331349,-96.98654840848872
-0.6520062163994417,0.818040388238745,-1.4591176243310073,-0.6701087000192063,-1.4773016211480563,0.477944951332116,-121.49697140866326
0.9771349783605968,-0.5310231336868908,1.210208417480619,-1.2313916138803034,0.08798680432121059,-0.10836126190616428,42.97307324893379
-0.7906539289619848,-0.11428408505767558,1.8295173814979362,1.2811795426947679,-0.01726093337138199,-0.23091715937377627,89.53195244852063
-0.054220400437875176,-0.7041040038078673,0.5748819583981382,-0.2534230021088603,0.45629252291983236,0.527710199552769,142.8961603853479
1.1065508261698125,-0.709635275944133,1.872894568240612,-0.8965513374489217,-0.8135130133918866,0.08060929152410307,10.445413682888258
-0.17842897683445105,-1.3859101610113636,-0.6335896128760589,-0.799349568442969,-0.25709347786549896,-1.18069577013155,-211.43037569267125
-0.429017926237952,-0.8590756915175517,0.5618360947513633,0.25840187883935234,-1.1889831827274695,-1.719223601233392,-317.11967654225344
0.5154376488282841,0.27188381116545574,-0.688107946424506,1.3959226340718496,-1.7145843228388167,-1.622041884950829,-210.8891608506122
-0.36976844110614937,0.2901955468693527,0.8883518360171244,1.325309051966125,-2.656207707118828,0.519811819421682,-150.5531983586584
-0.4315947619274094,-0.7444901587054504,0.6533137897628185,-0.7856425976976871,0.6834213634522655,1.378337122991975,176.576122713762
-0.3537645102982405,0.8086285197503882,-1.013563930788824,1.902558281975426,2.8977719537180535,0.5026517682261981,175.47471975124748
-0.6016673646882623,-0.224020803602925,1.6785809790639192,-1.5249382681251906,-1.4935957756118043,-0.409069801405023,-154.20824129657507
-0.10667211332498225,-1.7682127894713437,-0.23376502731898316,-0.7453411750999404,-0.2443953050152201,1.8137724919128357,2.268100567889249
-0.8660936235306875,1.0461546985325234,-1.9210559786049364,-1.7613504565371754,0.9526008835456296,-0.6013332796807292,-110.42955495637435
-0.21048607664170424,-1.1247806289634008,-1.5745482607014634,-1.378051911726693,0.8304249513997733,-1.776733412674249,-221.3932942830058
-0.27914704924121203,-0.4547445466706276,-0.8423238862298457,-0.8826157719040821,0.03622460256434448,-0.9284793121678445,-168.55221427769402
0.4784525866720129,-0.6969703783532619,0.2568049418325852,0.8589075319540208,-1.552422312672913,-0.9047131478896792,-184.13638338905312
0.8715203341620996,-2.113159823243742,-1.4503132952623592,0.2215292646067177,0.2064027438745441,-1.6526943332431954,-389.6087904292991
-0.257022205469879,-1.5877753462940163,-1.1599038176223326,-2.5686205876535597,-0.44395692050960517,-0.5075474711833312,-307.25524586371085
-0.16414219288053764,-1.2366197344200809,-1.9253671815182494,-1.9127559550734143,0.7876509182790891,-1.0522293136911407,-222.0396063666383
0.7788502050938039,0.16325811193688902,0.9205618831383604,-1.0428576978130932,-1.7060434647161984,0.2828399788323846,-37.40616973485437
1.1003349640944116,-0.21485305481515476,-0.721615205300419,1.3488064956962669,-0.5800137388765443,0.3513278705552482,13.251295018483749
0.5831554019645373,0.26623523225368745,0.33280610443386227,0.27181320628414474,-0.1263030240305805,-0.5022298139861866,-87.91340785981053
0.20829010994768205,-1.8876331523203218,-0.40436380165620167,-0.23591477810745434,0.37350883289588754,-0.8700830087501883,-273.1356224367104
-0.7459737965283466,1.098611804352716,0.05253941369675857,-0.47469877230171065,-1.2296031981631257,-0.4652033792275632,-67.71225693839108
-0.5496927582413593,-0.3604754876816216,0.7654613649159984,0.776522880657247,-0.287089003896099,-0.9406580122472004,-43.76421052684208
0.5105878463751231,1.9691014105146367,0.1301272016962267,0.40777332062793564,0.5920516420818168,0.8738764760569706,231.44572622113583
-0.478644601462707,0.575359864144542,-1.0834544948305442,1.5871786129377632,-0.9141617187114541,-1.5826663501736722,-224.4753377420243
1.392320225671706,-1.5492712318329664,-1.94318617588134,0.7272133428463241,-0.3911056509980388,-1.6999185462429798,-239.60838239393368
-0.445000239200254,1.350858833469998,1.8169525443613563,-0.4284067159162719,1.3524137178332294,-0.5822475728337992,206.1720618594897
-1.4302621420065682,0.6357446421905695,1.0572974272245423,-0.9560924388462078,-0.7430422848431686,0.5957262088640184,-32.63601239574821
-1.311882639911276,-0.04372058496045483,0.5413937808976124,0.4300277570788781,-0.4408901328081417,0.5883639647882554,1.9654895237199135
1.3047001114246022,0.4215747350589069,-0.870032111231588,0.12736977706541877,-2.089875036589785,-0.24387265795433047,-178.1919906947823
0.11131837575768384,0.6560331723259759,-1.8165625613542533,-0.5056388009426116,-0.3963962200940532,-0.02392272848677655,-118.85871950503994
1.0213887722897228,0.7324233771030046,0.5980888035733641,-0.8344344114305091,-0.8997811944194218,-0.6235289726406527,-133.1007848515206
-0.4768375108244965,0.2962096056651926,-2.1939935133904243,0.6586281414745137,-2.049032603637027,-0.987926701107665,-428.51934855340187
0.219786588814139,-1.0362323549817376,-0.4999282739270816,-2.1437849824533717,0.19710916188615313,-0.874831219270068,-141.16558653393366
1.095834171286144,2.6777051634818165,-0.14677960489515438,-2.3434162920686226,2.2665600457266124,0.10117654448169536,218.95761189867426
-0.09159836257851225,0.4804664388274613,-0.9462299470093402,-0.8986171210438266,0.504768722121499,-0.6612928673556454,-68.29968393949439
-0.040850671096789595,-1.8575681334721212,0.2033210893422609,0.5150709294212881,-0.942715281811422,-0.4573829265970799,-88.28448031751539
-1.1392615635939778,-1.1272144901545569,1.5428947978052039,-0.16965382546377403,-0.40746691794422274,-0.6193330150711595,-188.76993137836953
1.203172520904319,-1.3213124314898113,0.4850271908652134,0.45727095531998085,-0.5759815393506476,0.9537493795759922,139.29331440062418
-1.5600941659668968,-1.3070023949425154,0.31927442189473415,-0.9258254226085803,-0.02517819983935269,0.22417119846023262,-54.85295749388654
-0.3030132485280228,-0.14317826765695502,-0.7918416567293951,-2.1345268865003795,0.8210789918502708,-0.8257468430872493,-70.65785480672062
-0.3749531422292629,0.38666490402610326,-0.38124780128492397,0.13207051757609703,-3.168795459580816,1.4328960281594036,-53.16114156764101
0.06439595703056898,0.3313856970584433,0.4360412008626017,-1.098014492986615,0.6208702827480419,0.7872132196439665,152.16200764044578
-0.7613054945752387,0.7496051834472487,-1.082233649735327,-1.0234347283283236,-0.9956084556145715,1.4216335964010398,49.45132720597777
-0.3582029949865545,0.11126970353664542,-0.9891214474950855,-0.8392728805009725,-0.474121574770776,-0.6494972992919652,-126.88549009877008
-1.4995442574603783,-0.47713271994821777,-0.6866577269597085,-1.2230376409160943,1.5626789911551786,0.46902498976498286,18.502104247509067
0.4435475951088415,-0.5944611581212491,1.30946665802492,0.9291136048576432,-0.17115454049060247,-1.9173945927088965,-226.119431410988
-2.469950667611371,-1.9968022872589373,-1.7622736812513236,1.1611109253129834,-1.0138301126203135,-0.3135238217255208,-325.3201114902649
1.3820233904709551,2.0416647718133265,-0.4924077701885202,0.236435224750312,2.4685556224112615,0.313540934440662,371.3684929073752
-0.3618740909196929,-0.17595426321889454,0.35635955846397854,-0.5785712892114577,2.681960222435913,1.1492165070305074,311.5841860679049
-1.1652485853710122,-1.8563684167176644,-0.04515882682523706,-0.34648123204453585,1.923156193839253,-1.0489368357698499,-53.91274750069162
2.2860657615748967,0.9001330723866842,-0.9989161709238296,-0.1573993633813573,0.7572306665219203,-1.5683108577734926,61.61065062393209
0.24007804106798422,-0.3255742952396251,-0.20244683821168785,-0.32207177863209113,2.4656949023978423,-1.0312878311264606,33.68710514225336
2.147499104747864,-1.198200245349047,-0.49137534467154503,-0.16163224650880584,-0.1910716224105925,-0.9062282448955745,-61.769746621721765
-0.7371952017536368,0.624383245347451,-0.2193355793104881,-0.5926037222996962,0.6141104590726788,0.125687730149841,69.16777025573202
-0.8696295183084982,0.25103463533272724,-0.9422827385266491,-0.0679449581977508,0.37130533843317104,0.375971729590688,-35.0959825239536
-0.4913270298851559,1.9441138552202963,0.6492327029655147,-0.45772710603002775,-0.4182779708958491,1.4873656082437738,178.56268213620132
1.0035933738615062,-1.3646134680241269,-1.6333887365661506,0.3525258449890118,-1.6219012292848696,1.332253233197946,-59.795002916015214
0.23551964975519527,-0.7437544656049575,-1.0295001101559758,-0.2746404433939856,0.5451611258089358,-1.1443420437167942,-59.71273434447218
-0.6466799134399229,-1.1291937528845186,-0.8215467825422521,-1.0856781344709743,0.41922907393167513,-0.13188996012034634,-67.8185676256515
-0.42020380821462994,0.35798168211053466,1.5473277798238685,0.9593556553495911,1.557085940232255,2.192766129213853,365.0522252324899
-2.422216313546655,-1.1599406580375367,-0.3669427718783161,0.20615725411271746,-1.534663063007803,-0.07937403628318355,-202.61531234021462
0.4989695371644685,-0.20467662874941928,1.3065033384844846,0.379408408876423,0.7397698774594483,0.6861828645131819,206.52967989243893
-0.8269916800816747,1.3629933730562422,0.7025057553088645,-0.719070965976699,-0.682911717648325,0.8736957840318345,143.91267228758005
-1.990920927428074,0.21035817225198425,0.2828115274739041,-0.9020299893084689,1.319881080223072,0.37801222406094254,51.32064172183261
0.5420756174049072,0.7249113550319419,0.4896998748839311,-0.4437582691949892,-0.8752506874176452,0.5310988350210967,51.219619317739614
-1.3341456690437994,-0.27869911707733314,0.004331384630123774,1.281045371870443,-1.7975441456695684,-0.19882227024192328,-161.5376581209894
-0.3368721246406171,-0.622677070259308,-0.8165590759895667,0.20032363589328797,0.7553969085161372,0.17442208914224505,10.269534717935525
0.772512620513183,1.1492479466205985,-0.5868005796783331,0.9768919249937774,1.6131866693417065,0.19518808168277568,258.4823805789666
1.552185176954779,-2.1814422735115535,0.8389961114237157,-0.6978547639575825,-0.4729428762959623,0.4955186283224031,-4.933601778033665
0.1517812314195411,-1.7008825811548913,-0.7261953921741517,-0.18799947249739518,-0.23079340571656823,0.5128954343898819,-126.06792664312886
0.48075355364049294,0.12364046170507256,0.26818507296231503,-0.05278373380686863,0.36017917390495563,-1.0679883424559404,-27.732918728783968
0.05831580629919163,-0.7826223063042418,-1.0329211977957562,2.4467952302969183,3.4960448827751156,-0.4667506160257478,219.83089174648129
0.5006893227894034,-2.3742466679120993,0.5671892625761346,0.4188987144088637,0.4680071301554658,0.2532220946505492,-34.79399364160197
0.7522626761790038,0.06239176777346203,-0.10776136526166676,-1.0810286079427527,1.2368699076331935,-0.9027855833490706,14.672921325863264
-1.138480632696134,1.4394190355973497,-1.3562150366480177,0.8987785493352435,0.3971470536978251,-0.5919173730348319,-14.359161622813337
0.6471628670472649,0.5625353859860515,-0.010045417038191059,0.4496284419477155,1.4795836040772128,0.46278320309765564,155.86567367211327
0.4377195608158705,1.2973415170066656,-0.09757805483821974,-0.15015986796676623,-0.4169428783919357,0.6441490265352471,115.31224366627936
0.007788952085872034,-1.9118543292264794,-0.6759166848739385,1.343683438669097,0.4607408271752753,0.9937122958237348,-5.244429258835474
-0.8983729506325158,1.2499364886371984,0.13355106719053725,1.6681318492812187,-0.12277270374313722,-1.1859908276884306,-82.9322423435681
-0.502657156067096,-1.893794735367507,-0.29345325353830226,0.5752112973754172,-0.03834764539111441,-0.5810872283789853,-102.57305976329994
-0.5877030152971037,-0.5177394638687535,-0.516017242704606,0.4281904263421215,-0.6095884773106705,-1.160673818040421,-174.14722789806854
0.86901593415706,-0.29549227238390163,-0.542155711181844,-0.8380106259650625,-0.08874089064112793,1.0886536837907055,13.275029536266615
-1.1934735778118812,-1.1679155514696158,0.633531061154218,0.6263786996060656,0.42270822072455405,-0.3633724402953152,-56.78832088892017
0.821916965453272,-0.38720738561273776,0.4560901370470999,2.0795836242061054,0.24851301431609232,0.048805164085622466,45.94096425849149
-3.043711017806261,-0.47273881024636627,0.018304938677150624,-0.5035977894793667,0.43158655195144496,-1.1279441435509328,-109.74045719711077
-0.7117649974799851,1.785755892832659,1.4485831029918765,2.1734718125597925,0.16655757157235312,-0.8047215890051412,75.81771189295372
0.4623739430589427,-0.5072390333733265,-0.38536407529540456,2.2038694017138916,-1.485492495424254,-0.4396933202338534,-128.08998260666255
-0.841972691697302,0.6018994769768394,-0.6801113062960887,-0.052433723976078477,0.5552096437397447,0.7753196328657863,42.545842179001944
-0.6579210261766905,0.3240364059094778,-0.7387081913445726,1.827893001308623,1.358892548779257,0.5835998156652568,189.92497395046155
-1.6498075720413719,1.8214528932688512,-1.722145797249182,-0.42868878865140514,-1.3277247786201138,-0.5893475024304649,-126.69892262338405
-0.21313653647823186,-1.2879037923525278,0.9282716271217616,0.4171555126389387,-0.3761405635814421,-0.5083930782832704,-117.19034981936747
1.1383833847153964,0.16144087350904957,0.7132192161033377,-0.5703908705249615,-0.8229586685382291,1.6435960485437842,104.80580826069516
1.3744629572868956,-1.981751752919238,1.6401662226481057,-0.11225107454244351,0.45194412795051503,0.820520687041223,128.42615659607807
-0.5200963763623194,-0.15009302747154007,0.5739522598873689,1.675269755743026,1.1885527835482814,0.618780935200123,178.43567359046548
0.05697778581006583,-0.15911900658024394,1.6243494683924276,-1.057087241543661,-0.38810202299428653,-0.4976468073608283,-38.41801723034047
-0.6950333776329692,-0.3909876269620776,1.3497083843018924,-0.9549713966425577,0.9756775072410027,-0.5413592197283242,14.665025571745863
0.032999415619037624,-1.6382498466329998,0.19719985427143535,0.8389072158642734,-0.06856137290256821,-0.4354964123007095,-114.7967591240463
-1.3811324100722273,-0.08766263614256219,-1.2087514184087687,0.1245600691951866,1.0346442799885214,2.312690975223755,310.2734705861397
-0.22411103178773256,-0.7644020141819805,-0.024196206601605756,-0.4388433277390281,-0.6852565993788112,1.2967236570965224,97.8591458066654
1.2607317931544069,1.5132763297018557,-2.4435650202387897,-1.9371306746917454,0.33699664497548865,-1.026103813975677,-119.68313538372273
0.5096018309183141,1.8822729597027021,-1.0563460651254284,0.002648593807566992,0.2922512902748439,-0.17718626869775084,51.78001378517531
1.4116572656616457,0.3305409133689523,0.18016031378305244,-0.052020442469219524,0.7182671631499156,-0.5065910261132938,97.3538457590123
0.2550857669296766,-0.5645259576214294,-0.19778899297741004,1.130957472190609,-1.9202943592646544,-0.7056188758485087,-332.5772406818918
-0.7114156557838675,-1.0097271576426456,-2.145239099257269,2.081496781415894,-0.5241552323447751,-0.5831491943471889,-130.19081205799793
-1.0586453164736016,-1.0550394695548884,-0.8731664979386763,-0.8834735476430469,0.057465732824813535,-0.02025442185907923,-82.82457454676475
-0.15139284791165147,-0.2519274770650619,-0.5647909970255454,1.0556358458459931,1.5875346092006966,-1.360470257032981,-37.30745527603115
0.7275097942087286,-0.1436784015871152,1.1343876930707226,-0.9935601979576297,-0.35239898216658244,0.026464922236448647,39.42310885352083
-1.3014257014888533,0.44193772468308734,0.2259222016131783,-0.18374045769818098,0.13497595500868237,0.8737418274390855,114.90388997512923
1.248717938683081,1.1312557514874944,0.5593097633817253,-0.004743124827015824,-1.75654121353964,0.5919678191240357,-6.043682139058298
0.9894059581098498,-2.375946417081946,-0.970975862313584,1.250450051557855,-0.3280754981937708,1.0543712613989764,16.03340990246327
-0.04090188945220744,0.6623226677981411,-1.9431051456026687,-0.9017738253589055,-0.30353826328029504,0.23327767099083777,-155.28356977772532
1.9235215578229492,-1.6402316872121974,1.130494710484532,-0.4643654121648543,-0.8218749714486263,0.9064568177371037,51.724923565241326
-0.3883463406938085,-1.6748735258748129,0.08245834061100535,0.13508306822997865,-0.6467431910803723,0.03429472679808225,-31.57337344040276
-0.4063387150655826,-1.6687759957363464,-0.48324015227277606,1.1242151613264952,0.8665514070368298,1.0491792462257734,94.84552075729563
-0.11840392333541587,0.2401855714932233,-0.0289297872789312,0.601228127974524,0.3173031479202074,0.6137696062627375,91.30962787026188
-1.2738162462404314,-1.0524605659065889,-0.6550816254875312,0.05346300482687751,-0.8350207536460161,0.18331010387629373,-101.26372934361032
2.449694679258777,1.4473647551591036,0.300602155888265,0.8682631657366392,0.19848485664137375,0.5383685239366977,139.17906816856038
-0.39727316083188047,-0.7838879176592793,-0.3415573442095288,-0.3202977270375306,-0.11684542675198042,-1.2701654226322605,-172.05989148204358
0.7247084156721222,-1.721997595072298,1.5667558013517466,-0.8392261800545905,1.3056490054022467,0.5141220906730223,70.33919560768253
2.8620363868052197,0.9742104623862419,0.16983044882693932,1.9766543504225516,-0.8434652292989275,-0.13809989115954008,73.49980704243076
-0.6229032221000884,0.8162412610216768,-0.5152155213186145,0.691877193530809,-0.045427564517586276,-0.41054256679079654,-79.98451158252931
0.7166012192449474,0.07280358881990849,-0.6373075566207904,0.24413461460478478,-0.15065127144695176,0.567988344434357,-56.62120690794404
1.1451962383957353,0.8716699587945685,-1.1353514139241576,0.3039581423455982,-0.46995997683344964,-1.0726677665575604,-47.33774774059353
0.4822986256089934,0.9727984792616693,0.07769924574170171,0.4376853427771054,0.5396001124394108,-0.9402185271795318,19.96736149996066
-1.2926281034055795,0.6721573878529418,-1.8156745773681255,0.09546063130205742,1.630182786360786,-0.2673508721139339,-0.9612858674056071
-0.724661261928846,-0.7067974565941656,-0.13087980329695512,-2.084631894324336,-0.22077304387321436,-0.7527739569468536,-215.40141902802145
1.8313789565536323,-0.604006341874379,0.8965360847302074,-0.736272414142087,-0.4056371073724307,0.8648792533581747,148.52642525898426
-1.7816746023596768,-0.7911666507913457,2.411955818403252,2.1776149979642008,2.1597086370213656,2.2842650698217426,341.32735459850096
0.0750779457742757,-1.7897579827401084,-0.2517562521620885,1.8282440887235685,0.15308422492347465,1.7592236104905303,103.17660816520461
-1.4040113318254381,-0.28031654187953964,0.2134455406573353,-1.4309824812707161,0.602224754580944,0.9444732572837797,61.9409455580294
0.6599026659846076,-1.671296521800175,1.235771686454709,0.9603415227051826,0.28354041585707634,-0.6066957060603574,9.114753073087648
0.5890283219287004,0.3239151035479821,2.7517511917421014,0.9581927955175101,1.759069608599098,-1.1376041018561889,204.62330646109118
-0.08167335513446469,-0.6432821032166733,-1.0143434154933268,0.742621829903262,1.0876344292130127,0.3164157243998382,46.618107421512896
-1.0853108038587236,1.1689385572708944,0.04044520673631253,0.15768668210581366,0.697871757590565,-0.13879071401719545,58.119446978607435
0.8792174413870631,0.821647024581135,-0.056986778902273855,-1.4994234648426579,-1.2166442649173863,-0.09621233288477146,-35.151971599430865
-0.7818323549081755,0.007405017125812622,0.30100453803569166,0.4388668151152225,-0.7667268219261189,-1.2505031564042959,-155.28556360659616
-2.4822225895232,0.8044589528264958,0.022025151812236674,-1.685995573607294,-0.5316597781189797,0.6083491313122644,-26.560746484833356
-0.11317329707649583,0.2145612305434924,1.2877842105389288,-1.1937897372666706,0.06753817313718749,1.2856646457455558,143.99316369259228
-0.39880350058178654,0.8322212633683462,0.31440538478487623,1.2015267839880521,-0.8664983850464937,-1.4468508535486826,-106.6604225872097
0.737081887291215,1.2440111760800414,0.37938305668909716,-0.019996232397601392,1.0038964966149453,1.1045820816682188,288.71210540378473
-0.4168560555571166,0.956969784020864,0.4793469635638959,-1.2224961013205076,-0.16890433786800055,0.0802248065607541,41.407688200190194
-0.5377835374753321,-0.5398736802896511,1.0629420061867185,-0.40411355342322874,-0.21820452709304403,-0.16217719076352882,38.89194023423523
0.18988467650752824,-1.3006634166154085,-0.20526866875961994,0.3231305147622136,-2.470093681812603,-0.5326660063372587,-251.29103362219945
-0.6122113209599827,-0.6231391379712237,-0.11296094255499355,0.2223172677591954,-0.9668281079716632,0.2753263693352948,-85.19208274803933
1.2514469085128652,0.37734605906259683,0.041232362035628675,1.7477917923388548,0.09516619371690355,-0.44189642937851065,20.871540551662992
1.4738918303486168,0.9698649096269111,1.5636653641816214,1.3177141108643757,0.2683249441450738,0.6919664567447846,235.06983229632056
-1.09094797673123,0.7308725603808331,-0.5824738969517966,-0.05101053569431839,1.3373706897342499,0.27950998290881585,183.85829880116697
0.9758059429652752,0.2871200314278097,-0.4513988798920032,0.05734063229173017,0.1387003691970915,-0.7764801076234005,3.263550138793427
0.06620401309387815,-1.8313289884874018,1.1146188158926542,1.458110767683929,0.737399695561749,-1.8706193457089757,-165.22988214976772
-1.2077797700324098,-0.5786173380024527,0.42685741494451973,-0.8294869987975775,0.8092076970040716,-1.653653522764992,-137.74904452585594
1.333004931043969,-0.5920190612590895,0.9968825368649821,0.626312817608423,2.3497320541602638,-0.9234225040459808,101.00710503685795
1.7829436619211911,1.6499981500953158,1.9946530905683564,-0.7089004641362583,0.10923593460687447,1.3368724428682244,319.7728038374727
-1.3048741719388233,-1.3800255436768132,1.9106873232933022,1.5313012727935744,1.5258171845279351,-0.20226781928732943,157.78113749859605
-0.05632015131293224,-0.27864000917206505,-0.03581745112355518,1.1616969468707978,-0.13603405648314373,-0.032772095812532244,-96.10569067101656
1.0045482418392813,0.2873503020061423,0.6322618505029354,-1.2977751688287382,1.3982734222263653,1.1264722676189791,260.6019110970735
-1.7111150076532098,1.2925895329564274,-0.8422760525478789,2.561211053805924,-0.47225532689724364,0.7216953024813718,42.69618218211939
-1.6742869863992422,0.9505144223500217,-0.14890567778300154,-2.287887439911654,1.8596690135905154,-1.311456111721557,17.926124638584916
0.23963017592146366,-1.2852552623675757,-1.095148077333561,-0.131553258567905,0.08453024718698982,-2.2705839471369567,-365.06212916096956
-1.671275332642913,0.6266914035213358,-0.6091588742964831,1.820501571900188,-0.6278988266913765,-2.033189241810166,-287.65287109580146
0.469600379463354,-0.5709882834506138,1.7360621789163957,-0.5559365692292305,1.2664292865662181,-2.0599026213166223,-30.444581076776576
-0.11737404088757888,0.16383435353294618,-1.4367109236418631,-1.177037412091209,0.8337601627931795,0.7218821441184842,141.68660916140723
-0.33321602564851377,0.2001419938986381,-0.6761674686434441,0.19606524795095062,2.3505648820251284,-0.7195873179200167,71.07884096748471
1.107849232231586,-0.288671482163133,0.9702137186326325,2.1331292872670433,-0.6657614833767973,-0.3386113573768434,-25.82583095981719
-0.6861036225042396,-0.9451495325995821,1.173710513414312,-0.7956027550471328,0.26466507590785426,1.6854395380549458,121.21051270560838
-1.0190305860006539,-1.0123788458544583,1.2078878498610799,-1.5154402681445178,-0.4976308678441283,0.028743531677967938,-142.86438340283183
0.7843485285620222,-0.12737209875734498,0.7846079846614168,-0.9262178472725637,0.02864324482287339,-0.6792249716916174,-132.31266693933063
-0.7941227600388421,1.0978397464422305,1.0047575099674309,-0.011045726468348326,-1.311095648606879,-0.35229927287789575,-56.06654675633549
0.07131279002816983,-0.8502268872586443,0.1964202197450208,0.22147901544236362,0.3813670301696471,-1.4215179525983102,-95.82538611635704
-0.35844320983604433,0.8563936638676047,-0.38632152094049876,1.0906805022526205,-0.2750009511911396,1.5947702093457026,173.83169135561087
0.4103609331141827,-1.4756801205857943,1.8467008633947464,0.672917607557712,-1.5149906305798957,1.4998388155083249,50.272357293748655
-2.3234636109528495,-0.08667702980778029,1.5787834459573895,0.6085356354931785,-0.4563033499644945,-0.6795818765991053,-65.75440206956345
0.41305618978104175,-0.9077328847763082,-2.01795982958947,0.3461145261681804,1.2146756627318076,-0.5603867187890028,-61.418666837228294
0.5093918496599795,0.5648066700245538,0.9345138751671194,-0.01815969903742391,0.277374821177868,1.7944681027113278,213.64219754264468
0.17240149179418643,1.3452131081676475,0.7859283727294174,-0.2263681763324104,1.2558969631287706,1.6887013651162506,341.8742029555921
2.0200293839873953,-3.370380935882452,-0.97220077425241,0.3173894138023143,0.9406787756402026,-0.6070777526526638,-150.30153098217738
-0.6661296697937651,-0.13639401644796523,-0.0032372662622366715,-0.15014861298011717,0.48291738407019763,-0.9518824970633556,-37.93840952789311
-0.5396305923012793,-1.5384117558577093,-1.7266289253873928,-0.6421235799858339,-0.3389302169656045,-0.9574429878178494,-261.80966160065486
-1.181156866621829,-0.9643137011132485,-1.2317461944154386,-0.21692337064301387,-0.4725861585421241,0.3979872676822527,-129.78665978232007
-0.1431456788806861,-1.3772420787192987,0.1018921731887214,0.35121015861422966,-0.4540311161833636,-0.9335281832780812,-204.4906928329868
-0.4326511918991145,-0.5597955027177245,-0.7679499958726208,0.23655188155047316,0.12792426938079174,0.7740558435095878,37.79257748589836
0.3492060438556461,0.26243634360175483,0.06392949648062993,0.07435984520187994,-0.41507307389076215,-0.027043155559282075,21.621629868785128
-0.04710683650006256,0.5190270494967174,-1.2819663773770864,0.862888105306126,2.1566896485233875,-0.876845658346957,121.40441973325076
-0.27443601514897076,-0.1333710220568916,-0.09480032561824654,-1.580657832249963,0.20543260474335626,1.120232681481237,162.26338481628812
0.2471935551955819,-0.015305233781962593,1.2302957063218263,-0.6292835534365786,-0.5176519163581704,-1.049032069999428,-78.61058352211145
-0.20980494772221137,1.5195830233830425,0.36628771819076944,-0.21634806839899814,0.2726073419191795,-0.7522009324649354,39.80421163769752
1.2926250834829016,-1.0840799679433921,-1.1013455397178245,0.024801552233837124,-0.4950157885251923,0.2630406776168699,-96.95398571059535
-0.8110852071714134,1.6822979353500611,0.1949239264717952,0.1974436246485369,0.4312018044514672,-0.546524175708634,57.458828740350974
0.8284866751117389,1.0878541597693447,-0.3185694446585205,0.5687200107764829,-1.103478494975713,-0.7722328855779408,-68.59189173355068
0.5116857050920762,0.8415201645872662,1.218345977678575,-0.6592548107701344,1.5989109143850333,0.9308086859720214,249.70133047210044
-1.8793313124208157,-1.1660048192792312,0.9116896544561802,0.2842070415002224,1.0150560385970082,-0.04013790330300194,9.576573677036398
0.6043588876448479,-0.6023254111421991,0.7465919273392896,0.6465115723096252,-1.3169298495657753,0.1914005241515157,0.5273407946389952
1.9398770910335592,-0.7316018822493696,-0.007709608717553426,1.0006853158462914,2.708360902992153,-1.125601258754536,175.55603298049886
-0.17122228021353986,1.123615532094443,-0.031521288337512936,-1.4138297741869024,-1.434986012538536,-1.5211390228780883,-213.69265521952397
1.2283955812285239,1.3988959397979703,0.7208910178338188,-0.10320391876118326,-0.8676982709407085,1.0483459477516994,94.59628452102856
-0.9837473759128768,-1.393840199224679,0.896332993462962,0.8801932520166263,-0.809550904623406,0.6780074733164931,-38.2124888431475
-1.5762486694586926,0.29987864593010943,-1.0520136119648604,0.7019292731421651,-1.1722667081944687,0.3664029840316771,-167.68044895957004
-0.7849868799799096,0.6562957425205539,-2.853087770639252,-0.2456894567694391,0.8877263403304616,1.026533063515079,63.03327567663995
-1.1401679545717027,-0.4125607482374977,0.22945067809800676,1.130738739224491,0.47497884097055887,1.3514654041624878,185.57178045373416
1.1148158981005205,0.20133424560026852,0.6172870555559814,1.010090983588908,-0.4526087740377367,-0.5426872013116122,48.81272485043223
-0.07980214766250274,-0.6181042245810555,-0.13122958476598093,0.12276066040202763,-1.861830491012944,0.07992313285044265,-195.72027906971124
-0.011085170707647729,-1.8845098523069495,-0.5983038228009413,2.3553833069043226,1.7448853797150252,-0.17837213691174816,127.30698404507793
-0.4971389205331841,-0.8959517626298421,0.05352870925290768,0.7336834559304625,-1.3509471881512114,0.2212124912909779,-179.59679204437612
1.6654585165573343,-1.1341577468169017,-0.8207309845283541,-0.6490990399179558,-0.5273627397182181,0.27886246559686956,-28.07105526116183
0.37532399399885286,0.8744005107175599,0.2793765605916,-1.1877356666490047,1.356592546442307,0.08176664683173233,186.37274587945575
-0.10677030806897289,-0.011977189118772767,-0.25585971333646823,-2.3727522708742983,0.09438830903014404,1.3877652560298137,56.97574516515601
-1.241708058371565,0.30968441153231724,-0.5445133298056718,-0.551850713024955,0.6150951636484114,1.3109984434643889,76.85103289969999
-0.3729247332909386,0.9512381329940538,1.4203379566601981,0.09739227229604801,1.4873015619990155,2.0321565278545104,464.65338634019815
0.581897940317348,-0.47431149697595143,-0.9383410466071868,-0.6330713722435102,-1.2905455546603752,0.6534090186015308,-89.49713018943561
2.1063973934129576,2.100384480489692,0.45123094897839855,0.9470902903593926,-1.0434110433028174,-0.32286200903416,187.0706915524322
-0.6763199121327729,-1.469454157923841,-1.6026860441533934,1.7272608411559125,-2.3369394147134677,0.4804867030562419,-227.1166347281963
0.35747192082044443,-0.05702332087755014,-0.4167642638417714,0.12590544205381188,0.35058341634964973,0.031081081367879928,-32.95188703488279
3.041088352028206,0.5934594183674916,0.02195416515695657,0.6463158919040491,0.3645738069340228,-0.818914014434056,40.63558706826559
0.40502387857790517,0.16764050904959157,0.0028051180837162268,-1.494283510293834,1.721304451175833,-0.3219506229770642,117.74898358088237
0.47910680626330154,1.6885727572226268,-0.6900188691127067,0.03811938837506577,0.29940888495258466,-1.3031622078086313,-5.992142859169665
1.01498208572965,0.5536666255114621,-0.19040314024355667,0.6955339127662497,0.5014079883786061,0.24505290917060085,68.71701296292937
0.508873323397682,-0.34559849117482994,-0.15445622066657144,0.3970310885607334,-0.10883163873746665,1.1370022963710709,30.226534513811217
0.1720549571837217,-1.0891532924634986,2.2830288958037888,1.0874100672199596,-0.30729104016939124,0.41213442308157183,111.15925840952897
0.5118897705480938,-1.539652961319657,-0.29744614170659456,-0.6436206159661938,0.5643931307998687,-0.23642848435361907,-72.14999833989333
0.20182909228497467,1.8990986484826007,-1.109384294842189,0.7937757267487731,-1.1551646994976759,1.2326404910791915,77.62641092711023
0.3561493594029913,-0.7835492638816968,-1.0840946720846707,-0.9371256452033444,-1.0705854740244678,0.5282247996019014,-43.16645101385488
0.22915306904731703,0.0369677652809938,0.21293561071021977,0.6954201702855125,-0.1262101820237268,-1.3410424341319638,-138.56757461804443
1.1672745510754656,-0.6358096631792189,-1.4649606629222742,-1.48441916648548,1.5957087459300052,-1.010848591663807,-22.731753694809314
0.621067621302522,-1.6481229910005981,0.5191050210877125,-0.4198193844775492,-0.9506479652702705,1.0094657213916893,47.787126710321985
-1.4174629509311973,-1.5310741042135743,-0.8754638772632436,0.8281807731112336,-0.05581264956997712,-1.055524190347455,-255.39628542785954
0.16979044104756003,-0.3473707082196068,-0.5729769653971094,0.34101625551663084,0.88433425602093,-0.03335568956282218,24.19772707031199
-1.908653495529572,-1.6579009960901236,-0.44843825525118747,-0.9157982088492945,-0.7502791657629564,-0.4052335622801007,-312.77764380283855
2.7708080201993637,-0.6520931892877577,1.4075472549008659,0.005559068231059653,1.200704646607637,-0.7361390688390588,131.78481684907797
-0.8527029657108386,0.6240661833977758,-0.7456196727634025,0.035674868113321115,-1.9476948888568386,0.8496887661277306,-127.99472910182027
-0.6655907698541866,1.045470596458078,0.8623852793689939,1.4576903916771715,-1.5219820583276233,0.7653132861297824,39.47639169904889
-2.2020620958570074,-1.5673686790198345,-1.115476638757277,-0.5130290071378448,-0.8459433617778832,0.26158734498664393,-178.51749707312229
-0.783897345676759,-0.3505837498584063,-0.9927231606403745,1.4989463723422847,0.9808643921942701,-1.3945806464961579,-92.31891299911909
0.8949325726221107,1.465983672173857,0.33899313630044686,-0.7539567537168392,0.4564493844980285,-0.28783272959386347,158.8194055386077
0.8078980960911585,-1.5226409333682467,1.1207512666091697,2.1245248069445406,-1.8251459474013716,0.5078312092908454,-59.39774596810551
-1.6954187201582473,1.665152355572233,-0.8411447633440563,-1.7467192941381267,1.035004959617493,-0.23067439655129926,-39.59138987753251
1.9458947380070106,1.4777885300590856,0.3845883899763671,-0.3678591437167456,-2.154040267455546,-0.797453828795692,-97.82572873675788
0.5318090367530142,0.34677797322441906,-0.19378621155925493,0.4270673121708895,-1.0104806732767526,-0.8733286593576275,-130.064487062779
1.644266306834962,-2.2435971246520166,1.1866696078707908,-0.41793191505716376,-0.3537470810545371,-0.04256886422633678,-61.42415198056151
-0.8221112555900968,-0.6094337201319612,0.28494170330170504,-0.3493548691831587,1.374639611198286,-0.7432872353193324,-75.15869058975845
-1.3931953040792975,-0.2931729626437013,0.6799527915755815,-0.9229060170866559,-1.9401766419059914,-0.3799417630669277,-266.79946511773215
-0.03456753982268479,0.1525593279268508,-0.3666236726624938,0.8712999223206983,0.3023735616288893,-0.29111841127237104,53.98891663190441
1.6089780836898824,-0.052187177691333256,-0.7528712245717597,0.0952836096271712,-1.1000756503078155,-1.1797159293680461,-203.58416139114618
-0.5859143790716078,-0.9253094220764038,-0.961435580197336,0.10584151219157223,0.4238198141703098,0.5154176048962591,36.34435506550848
0.7978460084130276,-0.09933713276256585,0.7634940876751103,1.0410159146955786,-0.17938796438703128,-0.45550979804785335,-94.1309072938003
1.8988142130368832,-0.798108783938731,1.7503605847474297,-0.4630203693683879,-0.4279676435815943,1.94053445844263,206.93797379709767
0.0741092210281797,-0.523680839412932,-0.0967066773501289,0.28985622041323,-1.0611034685689102,0.5307094829739994,-38.27492080881002
-0.021598273982181098,0.01686364862659556,-0.15400943845137144,-1.3133709426833933,-0.8577941436109793,-0.4620762399953707,-212.11411641329755
1.519400662668408,0.3135052273158079,0.4956123400548684,-0.9610375724834403,-0.761762454982058,1.6541724276638743,133.40834243204665
-1.5270638281610416,0.3808557619220617,0.013939902482538666,0.11725915124426307,0.457124378048557,-1.9124948268266333,-147.60485334241787
-0.6283963240601407,-0.41685222091142654,1.820882728371803,0.591280395105854,-2.345294337966033,-0.11129811595885958,-108.7584623712152
0.5999765602401834,0.20813182577745848,0.5816788070595806,-0.870361593637809,0.7191832541326345,-0.18994059251846873,12.36507370971514
0.890498372022395,-1.7179687688567615,0.16012139093943456,-0.4105782058678909,-0.3830058136875581,-2.0702799719002827,-272.0926879886692
-0.11172869006131614,-0.241949521143973,0.8138605010389127,-0.4255030227704816,1.0021687469093628,1.59171922316012,245.97845723947987
0.5519680232557715,0.5953820480586715,-0.11309537662377485,-0.11769927289264888,-0.5171873370506266,-0.9544614673305916,-111.61726317465666
-0.8804810455377257,0.35251187062249933,0.5210541710848321,2.169411198796689,-0.6663558430899775,-0.4768794314300714,-56.24899205818792
0.632154726297201,-2.1247981823961175,0.17826488326854023,-0.4462032263385491,0.5686638128466203,-1.222472371956912,-201.91462867132918
-0.6657022680957371,-0.35608236519710573,-1.2177869521484175,-1.2105075493440562,-0.5112744270288745,0.3699205820051219,-47.811928765767924
0.8135545677396953,1.249587375833647,1.1896261088725613,1.2707043219760328,0.13205678051279007,0.6225692450117507,242.5162662615095
-0.16261693471065097,0.28184322000172596,-0.3586934887888825,0.38345005457066,0.8608938864950443,-1.253177816285395,-42.950871409638566
0.25372662573186716,-0.723627070341972,0.5262228398840842,-0.5352698636062924,0.5859635614640673,1.0653805602909947,191.85947965243966
-1.461988185410596,-1.0199117705820173,0.9811985937425628,1.2996884470561043,0.03932013320681848,-0.4688377385915283,10.443534318077852
-0.4818277834577861,-0.2940500114434171,-0.5055131612894352,-0.8677245283094054,0.004950323333777399,-0.35234755575688,-72.37282039036401
-0.7176855105145133,-0.8353673726661622,-1.0638169143333482,0.3239441429160571,-1.3681582112216994,-1.8156867415557236,-253.07622296478144
0.49617478375319585,0.9293836903284782,0.31864379367370393,0.9969350643722406,0.22088656600570772,1.2083393997240175,181.2993878786001
1.041393997844435,1.7411494199076236,-0.028794874471837713,0.8713359123350529,0.19026204607295494,0.6358289745669731,195.0974082653847
1.560020603370604,1.4994975574641736,0.9486195207189506,-0.023745395134315603,-0.5620620736319378,0.24175485348858247,171.22947769005745
0.9700790740455286,-1.4634859002987994,-1.0179415328238148,1.489946589424594,-0.08910945176401253,0.9668622125730204,27.125975259382564
1.8606748113486427,-0.455571893257622,-0.26588297716485104,0.904466084597771,-0.6819828548585801,-1.2921054133024361,-118.23844975410434
-0.1727901674913581,1.6728017572923541,-0.5896108626815253,-0.29318838742547365,-0.2972209970700995,1.0539473675004845,63.34332243920109
-0.1760674823299115,0.6339281357579135,-2.6706720819922682,0.9364504655369513,0.8465738996276577,-0.8225712690246912,-106.30854479639612
-0.9821911431786144,1.729730933213542,-0.12583007968083307,0.7814830680495667,1.8003450700734835,-0.23618870306013734,199.5180992385698
-0.1829021296109363,-0.4394303653969903,1.648810638825861,-0.5925213962804036,0.601824526250541,1.719865052422572,230.91089364135937
-0.3945656922394093,0.5113164289708862,0.8288276222808386,0.5057123263945152,-0.24872280309079126,-0.0705981680337274,-32.90161055364773
0.1550925792895569,-0.2835620554604981,-0.7862569378113163,-1.2188301554197436,0.21269690215317344,-0.6073697838070518,-134.16170088102962
-0.9097565933515582,-0.19027950866970528,0.8251815469550698,0.15830051432169945,-0.2863899861646348,-0.6119009269669056,-81.15547230791384
1.1240181419354391,-1.0647141158023217,1.4235420230773024,-0.12610260543895413,-0.8250741914721919,0.8932419815002428,45.827519512837924
-0.8933478688053961,0.7316723652473941,-1.4160320272171854,2.0987585936970024,0.9989611200517577,-0.7607670749562678,12.341793080388076
0.41416340127408613,-1.4522545516652874,0.4981718112066022,0.5612990571990467,0.5174230441141313,1.1784715152077279,102.92316658967665
-0.3853026374943518,-1.0744738484783933,0.7917630517108353,0.6594641802316152,1.6359722762461484,0.5825247724846252,202.68095132388186
0.35696299972592216,-1.300238841483064,-1.947199910054764,-0.42339953952922516,-0.6830753534123505,-0.3079590535471331,-210.62347933586622
0.7972958824505436,0.3013041750263192,1.1368721545779203,-0.6723642448952951,0.9638323504693728,0.5553922859921835,204.45268150643756
-0.2084079396259518,1.5811055791784236,0.24532953727647636,0.3267379954191441,1.5240542162224486,-1.269835597975045,139.93275820279467
1.0681072651921213,1.208801939270815,-0.8262553932236746,0.5643046320302005,-0.8990059655691932,-0.3789080908662749,13.63058271376697
0.11034097409621381,1.1886812657533332,0.4467344814069003,1.9748960833284015,0.9483012545102159,0.8323616824535023,219.37309577040904
0.5512786776453888,0.7314260709592516,-1.505993150252906,0.4430586027610968,0.026111111260781812,0.12483061145955628,16.268567339939995
0.5609230544134667,0.8338541037962613,0.6268002549906498,0.8911139223335365,0.8444284913288271,-0.733200478112412,143.34118971857401
0.09702412784952247,0.2563682743618517,-0.40535357015271123,-0.9048350166130644,0.03210303509970343,-0.42625006938882354,-129.0439109341094
-1.1376853586661457,-1.043824318907482,-0.9284302419502779,0.14774853025329882,-1.5690867156720978,-0.40007010296882445,-215.81555966130998
-0.5582221524408543,0.36689578050209437,0.016221564016933046,-1.1723105302411636,-0.8233027312451966,-1.8886168015749505,-291.54110911041994
1.1580886221037567,-0.21248613409675085,-2.1603589059937107,0.7959223144642292,1.4763022480025778,-0.13562613293744188,78.211605928746
-0.09678381165044693,0.29016472195148335,0.21406166254019862,0.08299767266702983,0.7132322236974294,-1.3260813711334278,-34.392050695658135
-0.507006710747435,-0.8146247248436413,1.1344482493285115,-1.0993728816995352,0.3722258170407978,-1.6308779705509022,-244.27011246207184
-0.7533970067650263,0.09814669283972642,0.8669970172473941,1.7297099234378308,1.7162264209891824,-0.6917902609249076,174.46191620027264
-1.2419700838500896,0.41351902215303316,1.2062888752428895,0.9164124471270982,-0.12863416201196087,0.2120514100235612,44.82885350034044
0.12478998283208725,-0.2741134020746437,1.604515365242259,0.64599463970162,-1.6519756512951598,0.28804345724220715,82.15319460791157
-0.09875196414707686,0.504399908306308,-0.7311569433753325,0.559412452857965,0.5514700492228553,1.2548436408034183,176.43798102908045
-0.22970570424413222,0.43966114887799984,0.8349460247287241,-1.0835873114424215,-1.0015044559069421,-1.22598630030621,-158.84384022347695
-1.180925670743279,1.275693501127909,0.8533504481892261,1.5153782352963816,-1.145799796898912,1.8837807248725735,205.62337893889324
0.321003144441136,1.7199850456949513,-0.9643464011652779,-1.8171978001931732,-0.5136633848154488,0.347703393255388,39.85998223404674
0.9533665274068753,-0.3681802183544728,-0.27570584729584763,-0.19079040170251652,1.2364206842990775,0.4783743026422171,173.70552272220542
0.35236317505195786,-1.2646406805900121,-1.3857353926729827,-0.8195397719557777,1.799905632648741,-1.474020952538642,-84.2126028531826
1.330891627086119,1.1985978057120303,0.2684545876529639,-1.2312960596502727,0.9386924757385952,-0.1751593844216917,51.677646566237456
2.1805871687185214,-0.1028537254441539,-0.19842901573815383,2.044279412669724,-0.14772371061172082,-1.6631027692190938,-89.19133223691999
-1.1333774645449564,-0.1582704010737806,-0.6915484999732394,0.24713245959239258,0.4106449281432162,1.17369083932678,51.968038191328674
0.6432481798541758,0.5121166017116429,-0.6598826720332958,-0.4417964892268728,-1.7817187119052635,-0.9276526086309111,-256.7150966365457
2.245193366487357,0.8571859001906816,1.1474416593573673,0.019168618759551812,0.09434397532986567,-0.0457768341726755,161.57108892603958
-0.8081182053904125,-0.5674484807465567,0.14104255439907315,1.588900183727424,0.44377408451899986,-1.373305571197381,-139.95753392595603
1.4584879671485942,1.2696003128090712,-0.7812883002877051,-0.24303382786281424,1.3348414910380597,-0.5335317033951024,95.85124135895512
-0.33183280492248657,-1.2303588463220856,0.790254508743927,0.7484412911397456,-0.6030261559364829,1.5268339552467538,129.1148057693086
0.9265210962441865,0.49396044409108636,-0.3994024606278007,1.2044021966034544,-0.322886852896803,1.0556360340680095,73.19186703045702
0.19929923608878433,-0.7491758925466768,1.4927885837428492,2.220082969832438,-0.10123390673192112,0.2569691450454564,100.10071701255444
2.268735220022615,-0.6957723436186937,-0.9919320471504931,0.3030013529149059,0.8880497265175078,-0.6270758949053599,-68.29149327858178
-0.49110721149813524,1.3567364782134599,1.1576019442426493,-0.13692723894418796,-0.2917114673994666,-1.226001462671269,-28.523343560933927
-0.4079693578780947,0.5813504042643979,0.312274418821845,1.0070251409944306,-0.23332527675438186,-0.5757935427652151,-59.69890162858091
0.17976413379316444,-0.3167052552538862,0.7158696788634579,0.0031204408502067908,-0.8519071381969109,-0.5127816402770573,-99.5839409102628
-0.3238614200607827,0.07229142692199547,-0.8655047033975402,-0.3920331046776613,-1.4651330316037647,-1.1979763865212996,-275.5873101085875
-0.9409153686990294,0.43609756388418264,-0.19235120273430242,0.39900495600807595,0.5717846068969443,-1.8117505384343044,-163.83847500289784
-0.4341911929266887,-0.09931509016927417,2.3970567604703814,-1.577339466231356,2.1356575689256974,-0.592302955004074,248.27558200414725
-1.0217356923768635,-0.8607024107654457,0.9563620570194398,1.416977235570067,1.3352600883778434,-0.977559727019188,56.87837130962399
-1.1086739403054435,-0.14134720574175258,0.1610857630367202,0.3204776156945879,-0.7331855994587986,0.2978499271372416,-80.75412511977838
1.2879926877911843,-1.0065071080020689,0.3714136906431599,-0.03160413491926997,0.14259167833775196,0.6947307646391236,158.9709194766683
0.1938331715774852,0.8720906539948234,-0.36733688857397434,0.03051845298015639,1.049202917521285,1.3011405461352843,321.41110048345143
-0.2542480523912919,-1.4045405182428075,-0.7158152884894587,-0.5056771182780437,-0.5542688954391327,-0.1673376495848171,-116.00758214196287
0.5936385455417426,1.8300861263440094,-1.1651373742743163,0.845192199447258,-0.7265191259413111,-0.996703668816281,-105.62382049353367
1.8279713091221832,-0.018877136806535435,1.7102375606521183,0.6026894160254908,-0.08674656276814105,0.08070713276100216,132.3988919894989
-0.7947831688927868,0.7975242586382372,0.013475482125702688,-1.249905816568887,0.9807363841718318,-0.04278069179169495,40.28923785847715
0.29372862494763696,-0.3262802143089427,-2.1413163558061066,-0.9303831655039915,-0.12425952862745408,0.745804857323657,-36.443097422067595
1.0858596000749248,1.345448710305854,-0.2510559353750462,-1.3474264702645917,0.58807514795071,-2.311922342043838,-79.76201161708283
1.4034311449096806,1.9505041920804667,0.28728333176830984,0.5980878426635967,-0.9558056137114409,-0.6448866165850079,73.63926996504695
-0.8504622837048108,1.0520875388327364,-0.01819645477470914,0.24237906593189984,-0.22383369977678558,0.39321792042321413,70.04834430805522
0.4906855472992233,-0.08268748785911574,-0.13152276227562956,-0.9806352209903004,-1.5477653468774795,-0.38873026672177985,-212.64514694465728
-0.7532210671152678,2.218406784884567,-1.260124922683613,-0.14736924836050652,-0.40217858321615657,-0.7938806274383047,-79.40437005965717
-0.8679535516024086,-0.5024030698489392,1.863851648572003,-0.19910795586231475,-0.2792147179054919,0.5256570922160968,33.93146163428984
-0.8722518800012848,0.3003231520854026,-2.199706306073909,-0.24195784706179474,1.818532151491071,-1.344789237260476,-115.3820134350305
1.2182806613228234,-1.879681472860436,-0.5903791113263058,0.45010684951538427,-1.6829069993613124,-0.6116658226885368,-209.16969628368795
1.6224855883616083,-2.499443604785193,-1.7460780182259021,-1.1802873210778717,1.0537328114808826,0.7078603342556894,-24.642916654446438
-1.4541714137339317,0.44316118426696943,0.47508711554330096,-0.031030506192121516,0.8403437199575186,0.43958875414833243,60.61634625804489
1.3712303122257246,-0.5978630784896202,0.5528987419259759,0.49932395890801573,0.43180029518603485,1.0053769027511201,203.7900505958808
-1.4418790561915196,-0.43402347590416324,0.6850097491600906,1.0730688427669945,-1.1591328135434222,0.7595033084080144,-36.85758551451553
-1.999977927495105,-1.1509811433577462,-0.3805598381690099,1.063684599520177,0.7607273952398586,-1.218512905195562,-173.4332616431496
0.035662582694530216,0.3573184174531491,0.5948273749125704,0.0851479541569552,1.5868956460750099,-1.6801105905773113,-67.4012093647429
-0.1944167438668815,-0.1101425828711613,0.36979401829273584,-0.5239559516385823,0.4502515890679868,1.438686024879166,209.6257169415838
0.04219166821378923,-1.6181733014384396,-1.2529944119576273,1.9039302119873907,0.3171791679819148,-0.9052228806953245,-193.36089779065358
-0.0951055074418067,0.9588603326105013,1.7293335497856406,0.7955620946733382,-1.525111287565635,0.08223251454892183,-60.95298915598248
1.9354897848358066,0.9879630398582236,0.8219731032459136,-0.9215748476408046,0.5838057445152982,0.5831516914979188,210.80102037002428
-0.5858977430225951,0.7997530609228827,1.6020400058812152,-0.9902792586079876,-0.90355485182485,-0.5009953895235955,-42.70304545207119
-0.5745845558405811,1.3775388417920533,0.08880124650031263,-0.07810524457643304,-0.5889717829195074,-2.3608193693293154,-154.04544248893373
-1.8441295274292477,-0.7465534550767948,1.1857543059264295,0.4502544662428422,-0.9616541786038988,-0.5777223425259822,-93.81108541421821
-0.47555307590977997,-0.7718175276888791,0.5078192693781933,-0.4963224398083122,-0.40946049089246817,-1.7221160751877445,-211.0831477308238
0.9625332197906625,0.12485868769023328,1.450183497074199,0.16363103867936465,-0.6084549781670544,0.19023102272799858,85.44826616516613
-0.4816053033510694,-0.23304494924162714,-0.09259596443798147,-1.1156798119573657,3.0547791979503915,2.0522015981036477,424.96733543079483
-0.9586083521050603,-0.6217652006432506,-0.0359060178239193,0.41374316708858383,-1.3630280319098915,0.6473409574833829,-119.96272387223897
-0.8736691440002693,-0.8236464303929671,-0.8805300320258541,-0.6395309695053499,-0.054304363153540154,-0.8774741715315697,-213.74258162798034
-0.3639021207969555,-0.611514540689682,0.5539943287367955,0.4096890482004846,-1.0588737131754535,-0.5766199136557316,-90.76965646634658
1.590623854260442,0.27670111708978895,0.19218686531551907,-1.529367895140677,0.1866855355509612,-1.9535285983001527,-199.99465320611472
-1.824085910866356,0.5988652982034728,-2.2230337525051667,0.12334607582983792,-0.32902418663858385,2.1748295092977883,43.627915691905926
-0.1451370116917306,-0.3073521268491262,1.1003768400854175,-0.2259243768499971,-0.4916892717752996,-1.5442831793958391,-165.27655898056318
-0.07432432302550929,1.0476159882022595,-0.6265467341832877,-0.9371430882550429,-0.035239301326922094,1.7378368280298424,215.93106691843127
-1.489492662597204,0.6570603129236391,1.4254903329816466,1.0314235311371724,0.6596581220710463,-1.898787540267916,-92.03166749619388
-1.3783479214899605,0.01624935187309466,-2.0929010581968797,-1.3720030667686858,0.17919317348325686,-0.8942786615774422,-225.768657472655
0.009187542770063494,0.12764013943163982,0.10711396233686303,-0.748853878001068,-0.39470288076817533,0.2816368488576716,-38.10358364009484
0.6698653810422581,0.7365153967576276,2.2329786702008194,0.7750565688026715,0.3888147659946908,0.4317220896994416,299.94841023638276
1.017992984162862,1.5848376663211434,0.03782692080623154,0.061897402895114265,-0.8316974773263286,-0.24653184710694742,-14.869787906756835
-0.8103180615872984,-1.3749434050046765,-0.6994594501556709,1.2978047740668996,-1.6971253176716894,-0.7195651302314955,-267.2909345135363
0.5071253387939785,0.8527740682546139,-1.8130664613599976,0.6120639291187,-0.6032825907167338,-1.7832349031201555,-211.89857778541906
-0.32542530754135435,-1.0974429396007923,-0.5972475925135725,-0.17999313717878893,-0.3646690520494552,-0.2403044567173579,-97.68005127091953
0.6049000273020625,0.8292386568127378,-0.2972342664067369,-0.7843322900695627,0.6299693452809837,-1.952977482443123,-177.09275810060498
0.8592474188204379,1.3010265287224383,0.7248240782062171,-2.5693992232156164,0.23968154889462853,-0.4749571182272671,43.803333513189536
2.1357668655081996,-1.5143326350160609,-0.43858197767158424,-1.43526118448463,-0.5847816196351605,-1.595938646070294,-255.10215956756352
1.1251927084765698,-0.42022639701370235,0.639320851385179,-3.129330674636552,-0.7340034653110806,-0.9027321141930347,-154.43988739678522
-0.9174453860481818,-0.6602379870418079,-0.7889229693371211,0.4779538116109004,-0.10176598419256186,-0.6071310768526674,-151.74863288219578
-0.6657806033892448,0.18221691325411513,1.036914257859763,-0.0550961572940789,0.451724690541509,2.422618583082304,233.33839791496047
-0.3555347369480901,-0.24081390748569517,-1.205815321704374,-1.4020703247165132,0.46283024462109823,-1.8349988823785757,-184.53932470868088
-0.4844416625677399,0.894687298439018,0.080917822468885,1.2710193326505637,0.15794637951962204,0.7349958983068879,166.9910467206335
-0.3337366113467414,-2.1888745603664805,-0.3728044170978841,-0.04549182409328892,0.3423112737627506,-0.8312185458088975,-263.1449261887648
0.17377061500745444,-0.324480907815329,0.34998047284064854,-1.3685922040777738,0.12269620996617393,-0.9579149208394765,-114.0749968116787
0.20538052635464296,0.1153129449365958,0.7110098096765834,-1.8031083548965603,0.9806873847236364,1.208366414405183,234.1636449337286
-1.147179899837958,0.2366878075389724,0.6006638397542574,0.7059663239076425,-0.053096041246639865,2.146129185008841,154.9038542773105
0.16528739753263014,-1.3175674020935786,-0.29782487529608415,0.7018641969663677,-0.5259104052040389,0.48289435662223484,-8.218525703207426
0.4425060060760246,-0.8946754940919105,-1.1712020972866308,-0.33844410975783124,0.6175500250299767,0.5915288538087139,-80.62030776108745
-0.08385942481454098,1.6110707683620251,-0.7980403712521794,1.054857289676042,-1.1784448833369596,1.0803284554528787,35.795573349544014
-0.42993434038585243,0.6470091737167285,-0.757526462331248,0.6190384584944737,0.46785191058275105,1.3593095231417114,131.05338335875928
-0.6572615247236676,0.3766945949104158,0.5620438242855945,0.3853541344695324,1.7575231092464072,-1.0441783003853735,49.97371413430506
-0.547076233591872,-2.7484240884367503,-0.31905374545224613,0.03903088778587286,0.7201291831237728,-2.0211562634857576,-275.1977093016293
-1.7613160299818849,0.8367061003235786,-0.939029378109797,0.1404467922286811,-0.46347883783667276,0.5768340436708495,-37.681045957315376
-0.593617152873366,-1.288908921386596,-0.010667359398490533,-0.9662510491429916,0.38214474906030005,-1.213536090962537,-103.72765340425654
0.6870803562378527,-1.2506709756461303,2.296624915984888,-0.7551513882875356,-1.3510200872759577,-0.6315937017924926,-112.47622889914425
-0.1219737796021375,-1.3362068407326768,-0.5746894618181301,1.5231158489582712,-1.9091495060968644,-1.0817126582579506,-313.65651224405127
-0.8722246982890993,-0.12649389707142525,-1.1420509203769766,0.8025848047442597,0.16111875952220847,-1.4194348284977636,-130.9868074647599
-1.605325256076384,-1.845353425532021,-0.7327195204577054,0.5343292532726251,-1.300673198214105,-0.5615671180479854,-255.92510254503338
0.7518097427243272,-0.16146981375567238,-0.04302507533294565,0.9753376888952708,-1.50731671192881,0.8662152742858203,-31.7573989655329
0.8774440708056411,-0.31494558421585916,1.6732562715091746,-0.7870834024833319,-0.49011644961045114,0.3751065453605179,41.66811644378973
-0.2752089093416775,-0.6439589630351075,0.9695197054151051,0.36313702106683643,0.34209708778046305,-0.4582379321621703,-27.10460047298077
-2.053689176780827,-0.14931695736243428,-0.9639076478390403,-2.616272826844549,-0.2889973694002961,0.11065642959940279,-96.08352022080244
-0.9059635277923934,-0.12995343796385356,-0.7002564937171692,-0.5950444740820156,-0.215331113242949,0.40525716724976923,1.9914056151256645
0.20846782173964315,-0.11297012062224439,-0.449784239741759,-0.03935284810752838,0.7548123592658186,0.12869935135883434,78.35529920505142
-0.3278611835849818,-0.3723343388475904,0.14686921852969873,-0.8521172114921607,-1.3486802200350747,-0.20369941141393708,-219.94675922964566
0.45636686440462404,0.5152320758697667,0.9329997393834074,1.6512613411232535,-0.43170971213946663,0.27006586140615524,174.0856349092363
0.9252122802154548,0.2152149907858421,-1.415551884789602,-0.49276665908068124,-0.3535932023688678,-1.4059690778179579,-205.9592745940314
0.524732245510921,2.179567326700754,1.9811968011087495,0.054757540028257674,1.0046190426091188,-1.2655969767345332,59.2595623712964
-0.29987028803487253,-1.7000030235265866,-2.689939246006522,-0.18108838157612636,-0.6224606861813918,-0.739487264655511,-291.0556728329105
1.642736565649635,0.9723423889081266,0.4725415934919966,1.6119570178132372,-0.6541230637988296,0.25438232508417097,134.75219906994238
0.3468986132510495,-1.2456897659475545,0.37950814694613244,-0.5343855264160684,-0.17524849270975146,1.8793053210403365,128.21740743501314
0.6545786722621367,-0.9066880374468552,-0.6927523236703174,-1.5744150222449167,-0.2680519589053913,-0.582594776037767,-220.90442209953267
-0.23340251217972688,0.7088497828874115,0.11360739155215598,0.26566393719073084,0.09919546092115587,1.0110528372031413,149.98083467407076
-0.28637348873550256,-0.8292480505644823,2.6287427475732517,0.49956303782770956,0.6918655458511622,-0.4562422195529308,77.40727024461096
2.0360609260738625,0.5238468711043615,0.6331415199604096,-0.1444664910083303,-0.5203776434940403,-0.5474840742337176,-12.775189875185635
-0.2548213915374259,0.168314789432747,1.0136061404289556,-1.5456821791059965,1.9351137662676177,2.3349384386265193,345.1517430819104
0.89282836659328,0.05198835056060444,-0.12958781542598316,0.266375181469576,1.0725094035644864,0.09292001183921986,45.269260531800995
-3.408901231668161,1.4419201593570745,-0.35499961096137095,0.6623372563496263,-0.7879440154831558,-0.7476847121477113,-104.99901547530827
-1.6719892866324086,1.6453639441112886,-0.01577022891892859,-1.2850075701348307,0.316163192124175,1.3952288412042633,177.89414503712493
-0.4698597765335587,1.7339973419757688,-0.5384876366917954,-0.5964293870709609,-1.6985409360308474,-0.554878861921161,-196.61803137380332
1.3082133682213253,-0.4550218789518958,-0.16414198700179677,0.8775855291564775,-0.6824062212404053,-0.7849625490910108,-141.94714491342603
-0.7689697589104285,0.8275266061008034,0.7179513225432236,-0.5047405640596885,-0.3185295761194682,0.33120378284168933,51.860452880500134
-0.33189906324519447,2.670749692052149,0.6164198712210014,-1.255572490369146,0.3348921744972115,0.1418992314003048,85.59878815826899
-0.028171431549462275,-0.015393078597209684,0.7550866514839609,0.8196164073073725,1.3590743941195327,-1.2898357945195582,17.251674581088274
0.38074010767522004,0.0675656432948151,-0.6134273950127743,-0.48397593733417144,0.983777571707432,-1.6995598164329828,-97.73301439586416
-1.5359427305143554,0.8586305076596719,1.1059153056646702,0.7142921751642101,0.020922797312594815,-1.3968051269660777,-176.34097247349774
-1.3585386221326894,0.9572557732494495,0.5796182919850846,-0.10506579310807884,-0.8332978493805382,0.3644985714862877,53.93895969248204
0.2105351850157666,-0.8517808378459728,-0.6665544676310948,-0.517668833917413,-0.5117143421312517,1.1888691014795194,-0.14201237178949366
0.4900236102344902,-0.5300096165245834,0.7374184107952768,0.6122645755549617,-0.1437104177767604,-1.1725747122455512,-41.72055395052033
-0.3055892640765953,-0.27175405405098935,-1.3499724527844401,0.29699769063798787,0.3087658746804755,-0.37380812471481795,-73.08832338945523
1.5839407835582524,-2.470458739734478,1.1598167965284776,1.9227305315871486,0.14859811746318916,-0.9230259353327197,-73.42036612278427
1.2286487793092724,-0.021204127599824145,0.4717043391382146,-0.3273487833549698,0.5138874461043483,1.8965554184533844,145.3420594737697
0.48128184032041293,1.2346392311303822,0.28643624664537687,-0.317302000687279,0.47198330905164304,-0.4445273685501243,135.3020149461547
1.3997396226699927,1.099442519064397,2.981220292214874,-0.9393833186196837,1.3614533248342184,-0.5651284413366655,297.17747530011
-0.8089361868940752,1.7117756198664977,0.012949022768870874,-1.3362996082056855,0.8721377302996953,-0.8043882067431712,88.27840189433853
0.782883770916636,-0.05154151281626415,-0.4273023102983519,0.9397677694504609,1.1844906524807934,0.0901662356927108,42.586524302741495
-0.5182363517676678,-0.10423951759286353,1.3581195051794037,-1.2294977243706753,0.26671581039917136,-0.018218126644499812,104.91940367539476
-0.7234097377885101,1.5857420096973958,-0.865493915367807,0.021267863646948285,1.795891984523241,-2.944155897332677,-105.65666849832515
1.9166766720021942,-0.7548732510695697,-0.8941348409498068,1.9061547515180564,1.266281906134006,0.6699145977446741,204.6041271833236
0.8532943200126442,1.2991520839525836,-0.7914715634797097,1.2169374742788377,-0.037552655394357315,0.02282430432214807,6.907279892301233
0.2478782464171435,0.1837563541255592,1.4672508021738742,-2.75790226638033,0.2205373798663711,-0.3628172683482109,61.757476110206746
-0.5157077615988874,0.5157920319878692,0.40608721827494715,0.22239538088828792,0.8187615803962851,0.1437435772973582,161.88523588538766
0.23880658424284518,-0.5180061135759899,-0.07585466853419028,-1.816094511335269,0.3534574538275027,1.3427801369725458,137.32249520946954
1.492491114118569,0.4876859211522337,0.7443003957446791,-0.5015000516166687,-0.7825456977680771,-0.4791825863878471,-39.32466336085591
-0.016732134406191878,0.14732026835023795,-0.11082265649942472,-1.6144959501047491,1.2767586506293924,-1.6525386519219794,-95.51334219373254
0.10634056298410759,0.8517386984254537,0.1621314441270733,0.20697590192692347,0.35700508623027344,-0.42599033809796316,31.24767114845797
-0.11751172927790905,-0.6912947830495348,-1.019968162811416,-0.8152253233943643,-0.05698135725195103,0.7749277266699006,-72.1505311941808
0.5384131289722779,0.6866981631700984,1.2588077288209791,-0.44796562346567825,-1.2512623181483773,-1.9922993306583687,-152.98225511950108
0.0034696786248321855,-0.07610216456150917,-1.314962541120145,-0.034083603308543396,-1.302244546002441,-0.29552104889402037,-190.62947303473987
-0.23586719963368694,-0.9678719142396932,0.14705984719653686,-1.7105452741008151,1.2689184350948337,0.32788377204945224,-1.166893544742777
-0.4223384818950138,-0.021455046467880243,-1.273450071667305,-0.6948529986710614,-1.4570138900188376,0.2690780529338807,-207.64101764509985
-2.0465593773164605,-0.5705748597612911,2.4135792711226087,2.054614704972959,-0.8610022327143636,0.4270385734602245,-82.41062299700445
1.6283509103090301,-0.6008983554759293,0.7272537005888129,-0.22900159064973324,0.13741250588740064,0.7902615365292426,96.04782477056331
0.49592305664209163,-1.783970529403385,-1.5873929870132175,-0.16828674285711898,-0.5574295036697773,1.9950294915620903,5.47377708837799
-1.1866886167921733,0.7161376457895726,0.8375317218809155,-2.8037388524786455,-0.2400769586118039,0.6722342781819983,52.79801705098648
0.25371947962911856,1.781089624512253,0.8288061406252349,-0.6900597262052799,1.020237091356484,-1.24587600817158,46.721166065804276
-1.6660181088012198,0.4698295810485712,0.5309273425325384,0.7628784034621364,0.7966986779952209,-0.6951211711900187,35.29598432651617
0.5715913292756736,0.6451905078446084,0.9677044004904057,-0.3035134761122761,-0.8733122857966986,-0.9083422610256005,-38.857659412950085
1.5636661649273,-0.7495811465945962,-0.17092996921016834,0.6703860372475102,-1.2590314167260868,-0.7784068606622352,-127.0852348147005
-0.3199099972282567,0.16495064677789045,-2.3283230949826983,0.8629064675520078,0.029849303703554667,0.6948239627538547,26.18789421246325
0.4455662374605821,2.5136525843795257,-1.9464933643688014,0.7014077727565905,1.691988149741116,-2.3363615171266328,-83.22809284970668
0.8633474853719382,-1.5132283673457776,-0.5449464248617701,0.5383375474488077,-1.0500053252594357,2.054449614257547,24.159175120506983
-1.3511765683218924,-0.3943617824763228,-0.7415030959144663,-0.8909983923226321,-0.3797852360027415,-0.5875974053830637,-226.3779849626129
2.4267439974752127,-1.0825799692666382,-1.82887744487555,-0.31176864052982706,0.9129050589518594,-0.356060809082545,79.09436502012068
0.12257400865448292,-0.4441927739011919,1.8656739378118912,-0.45668265812291375,-0.445740067329679,-0.28680790383848503,-3.0761600888161116
0.7927642102023841,1.7218580770671854,0.5171915706905552,-0.08317529102343853,-0.3886508516075959,-1.6716233941905771,11.510598027285752
-1.4871207104497879,0.279330739841003,0.2404751928700437,-0.004213292446658502,-0.5696127858675021,-0.9302370705902506,-118.1116044206224
0.4950068373193779,1.6534499796487068,1.9227185223745096,1.3108172630455204,-0.3909864943619226,0.6523651144713756,99.62850315035294
-1.4545053054810497,-0.1401037130088262,-0.8425386337116929,-0.3816860768193413,0.764481655022698,0.5466564133859422,-4.111069278949536
-0.4544050345730759,-1.1424444194340937,-0.8336961317399354,-0.2918252766083791,-0.880255023075768,0.30069665824680814,-175.51533960985014
-0.5232410561841333,0.3016193148405483,0.7690756306960007,0.633165508532925,0.9412366869384312,-0.1179433511874571,26.1212793993533
1.230275614354796,-0.2876832376464738,-0.06580084712201745,0.5809858521704196,0.0016868079823120846,0.4564242524180913,46.243113533211954
0.20288788926381185,0.9280537636516363,0.978450420169898,1.1011690262307268,-0.9430247347193144,0.9633011707563435,182.80480708125523
0.034993697727994315,-0.5228244622181831,0.6227462057902962,1.3822708935577983,-0.858249049344207,0.6778361689921237,16.60553082221927
-0.8740888327524141,-0.36785460838064143,0.3456597467930662,1.3793858699765686,-1.6698589122484848,-0.28371396464655296,-88.41318875363226
-1.757340763673886,-1.3708019516376762,0.5724863022036797,-0.49411245261580244,0.9572893113437668,-1.3352786742638754,-162.50087870563806
0.9622442283287699,-0.9176249189161566,-0.38998344867410706,0.3831055970567178,-0.6193935022588203,0.5712427484054705,-114.01172730533655
-0.756384516745085,0.18452707395967088,0.4832623213867539,0.041236029811064126,1.7944641835188908,-0.08092855045186614,172.75063323378083
-1.7425080727661793,0.8285223993405698,1.6727381337631235,-0.5000441442248996,0.7074410039715011,-0.04402675212546514,21.360783915762298
-0.3598210488731343,0.017754514977109465,-0.09402211826201506,-0.9587168487002341,0.3911592898464209,1.270659273710167,180.2719807045646
1.8429582047624378,1.4332045765397796,-2.056556922155883,0.7061525460725151,0.351496930293828,0.8179737728242139,71.35132662569926
-0.060600229652839205,0.6998971002128238,-0.8173394104009251,-1.313878633221858,0.6163448612987953,0.30381845150769565,88.31771348678288
1.3670898568752181,0.9696815514882979,-0.6022527813253667,-1.9920594283755484,0.7501935538611634,-0.1478659620885233,46.705916017885464
-0.965202566736877,1.03827470993037,1.2245613544570915,0.5482637577412744,1.0604844851380215,0.8736636128181101,251.72967334909302
0.49797908595121215,1.370254871326121,-0.052232132705818904,0.14375885858696844,-1.9521899443271529,0.18080548732774343,-177.14246595702372
-0.542801239758156,-0.4543920320558623,0.6437021872829709,0.11798268226796091,-1.264497650965952,0.163780017704836,-106.08154935242243
-0.00919762612837189,-1.668637947284484,0.5221462040838304,-0.806245220281754,-0.63148821192965,0.15922263808374626,-28.00521368278531
-0.3805602234921059,-0.6151043128514107,0.6090071021021916,-0.21100654604768573,0.6107610889590257,-0.6481381686434168,-43.165231290049284
0.10314481132787655,-0.24049252100097943,2.1693724290058345,-0.45737230596402684,1.4277432428754326,1.021703936185815,237.9243151772542
0.08146864356776058,-0.5173114813020325,-0.03136745547079472,-0.2830608889779948,1.149073128530425,-0.43246278507921837,10.543967984664064
0.41447509524284526,1.6457003526303131,0.13954914730257517,0.6294879320750989,-0.4499439987301517,-1.1735935881553543,-68.07159884908523
-0.11853735335059451,0.89827959548136,0.3778764839084999,-2.720198731705711,-0.011428173653367566,-0.606078791725238,45.34075806779485
0.40633738635324024,1.782346308559064,1.5723067221781568,-0.08839156591205563,0.01660665395675226,-0.9528524036870674,95.5439716302032
-1.0073684818426374,0.5965069188505943,-0.7178917756998643,0.08704513714729036,1.8452873977008761,-2.0509121301784226,-195.34925445970566
0.4794683161465998,0.2610320408887916,-0.5897578951161869,-0.6017436575170058,-0.2603876998559013,0.3256489178027416,-60.75378887270813
0.1947004401950854,-0.31454875301277546,-0.5092744097647061,0.6307542516205862,-2.0527252442373882,2.2693702133275844,26.54021614318747
0.5330539398612991,1.3435428464189536,0.5343669352276241,-1.1349762702821067,1.1862217679337237,0.23189552738745772,168.39892984022995
0.4503470342850337,0.29735895561529235,-1.050657765665068,-0.5797616451923733,-0.36663179111206,2.266219716843221,101.87346736788984
-0.7757937168986556,0.5481192077335995,0.4313741998554922,-0.49536884039612356,-0.6044227489003143,-0.9009061802161661,-170.69198349001175
0.00553917570234299,0.3288048431212687,-0.5098002452058631,-0.8001950104904271,-0.6087759126273271,-0.9001262255866531,-180.21160355614552
0.4235105758943804,-0.3743499667722047,0.7513035894961058,-1.7306718400293961,0.5567028247785176,-0.4060825821473493,23.268328263065698
0.3396510384256605,2.1467135161724196,0.5153288321936661,-0.2616142709124363,-0.91132923844024,0.9389746162996843,175.2372416543662
0.5588099242577381,0.4162364968535147,-1.5869337750626717,0.3948454434868336,-0.7406547944497279,0.5044742080060691,-49.92457565165881
-0.379029706526244,0.5173245804563193,-0.1534282209124413,0.9148795386707136,-0.3471747378832993,1.1187271152389366,92.95167885725334
-1.971274864995833,0.9734261770431887,0.21512987244619433,0.9142169835698344,-1.1261082465398695,-2.4038575006288934,-342.81481064093555
0.009891728471921879,0.646393089043472,0.4832892747113316,-1.4195872271114465,2.1135197668229675,0.544377688666307,262.85618301001546
-1.1782958093945943,-1.7718354265850311,-0.6110573534337622,-0.1965182156098935,-0.9051769383214024,0.7442428840990292,-123.12744878295857
-0.6439865762448326,-0.6103284472093601,0.32380886692462224,-0.0999787747795606,0.003756429631912457,0.9403625326394781,103.22409885994301
0.3808567572211998,-0.8273768908578828,1.6342821843015654,-0.39663019046163356,1.6478565090925656,0.5719906187159962,237.6493035835489
0.2509350807547531,0.5368052383319226,1.102550368820337,1.5555263513700877,0.5803132304275818,-1.1490610829409647,68.94479719411154
-1.5328353495492293,-0.4453518372140938,-0.28382278492662016,0.7730702762167055,0.938602292884553,0.4936433261478441,15.476330121978677
2.4375460402869287,-0.7043198407644068,0.3361492048494424,-1.0797981641883168,1.1001039616125383,1.3101672451215516,82.07861982031358
-0.41730570517722404,0.32095219251146323,-1.149079032569514,-0.19874753986178803,1.090716088644237,0.03165451189007717,60.96813525068923
0.37244801602545935,1.6579513002247428,-0.4356584718257805,-0.10956398103718011,-0.9347746798344158,0.8514860965690577,126.73737683095186
1.626244331972374,1.250116831132208,1.313464468493717,-2.0006065467961873,-1.1600595679276426,0.17428670261442622,30.981502641927676
-0.3447604283457477,0.6542885733954901,-1.2338712104817087,0.13463255078375436,1.1939048340936245,1.5531213525074272,194.14108791004466
0.6836481061447969,1.3338009146931,0.29993524184401466,1.609223748758019,0.4485282852149789,-1.6798921863834149,-45.44719330769922
1.384357750064429,-1.5941159570032482,0.15145088431603726,0.6723781797053932,-0.8710864945012778,0.6571604867756307,28.786759535037618
0.674044964776689,-0.807730269769444,0.021094123297466665,-1.065323636478989,0.7391846863024208,0.6043320715169791,64.21241655499401
0.49134051652503896,2.1879090390026996,0.5522970137482097,-1.0680026366871336,0.6063289245731026,0.38151439773067314,195.28464765168314
0.8548640833687203,0.05618558943343271,-0.7689417655362708,0.24817130552588046,-0.1615455721805116,-1.8879020002692883,-178.72971865088493
0.5720967884906012,1.0100895175096154,-0.12680397050421485,-0.3337438448163986,0.0658289291621925,1.3457075837200931,145.73840295206926
-0.3314002315423214,-1.6534732279253705,1.7310074661415271,-1.3504238056933973,-0.9164694152773653,-0.18568256278421513,-75.59136744022031
1.0053548955404217,-0.2097958504063433,-0.0033668621930382087,0.4800714824846238,0.09047328301995419,0.886680438955255,155.76981165555446
-0.33944595923860316,1.1299534776779228,0.2584455464246154,0.7498320942587986,2.7032433681006887,-2.151653832507706,60.15700545846192
-0.2715711325580598,0.8712130626824618,0.08149915642788966,-0.01228391845267487,-0.4436576733724446,-1.0923816470479735,-17.32217157713127
1.1365981137055774,-0.584407128284296,-0.4655084994836939,-1.1174044120637614,0.3223018314724005,0.17025213580018425,-5.171907716569163
-0.40941423162043705,1.020083721441946,0.1339621941188364,0.2871280764254723,0.214778283226888,1.2250890288396132,116.22827322893647
-0.15153763297709733,-0.2573885719678643,2.3022998843290643,-0.3517423028322138,0.5731456311260424,0.9457652473271785,160.77604748084974
0.7390455145577292,0.4022615664911634,0.7790350231748804,-1.171740202167554,-1.0813631214964428,1.2596455034812704,78.95490161188343
-0.29215550641981003,-1.535200481425029,0.46891054130589493,1.0867974903739295,-0.11945784463140056,-0.11603685489487446,-11.526911604159594
-0.6197017307287795,0.7202689812892968,-0.6684084738805445,0.4931782123001301,0.20956589041302937,0.09547713921864073,40.2993319160301
0.1626464871548571,0.39613935544033085,-1.5595552144575877,0.5496768033967945,-1.1614582821710593,-0.3541501160688783,-111.17732409321775
-0.731764379635045,-0.5038847862857977,-2.339060134191865,2.0373059239370623,-0.21843109355110135,-0.4972743905833444,-232.28073882945475
-0.16413574025492844,0.50993013199624,0.09393217918660629,-0.24816774967952396,2.417081992181022,2.3821904615745635,437.8806283930873
0.3094722331359554,-0.2880672321008811,0.22843069595315396,0.43350574603303266,0.7757864290478991,-0.7796041348724573,30.058085054491855
1.1540079072026321,0.7585691215296118,-0.5775756132563713,-0.39125647605311903,0.9069579025502641,-0.6053872336469971,126.34497543480973
-0.8944242801691556,-0.5878180084632476,1.2610424441333845,1.5377053353312091,-1.400645966424941,0.4414380091593648,-116.05811478341725
1.1726819680993867,-0.7398752531413016,-0.9682122969421912,2.3111939466616187,-0.3125122787517382,-0.512356715791176,-74.12035899558154
-0.20462973484833696,0.8753490722827496,-0.2002246326469066,-0.41591551603868615,-0.515239417370202,-1.4403423574221101,-154.74512275648365
0.5290081132432868,0.2938445968424137,-0.9957603421869682,-0.28510346340475073,-0.22442374295647255,0.14725097106421844,-16.370179145285903
-0.0810248266662721,0.2876954944054513,-0.10134193086208067,-1.2171583101516388,0.9644788740096045,-0.8930640228383783,-67.00219124279982
-0.3326078066204028,-0.99795275724553,1.75676152655482,-0.9559539604346984,0.07073661100791659,-0.8500740287186491,20.59608736462964
1.0359541105087313,0.028881948014270006,1.3306350301461334,0.09928207602545627,0.7691694902261415,-0.12594979131297399,129.95243128390035
0.540493503460199,-0.10650705055376893,-0.9686165084791838,0.09398767639314538,-1.1452193249601177,-0.3417899429711869,-206.38255683797166
0.3926459703363812,-1.1570308925628778,0.08906577545668676,0.6329414316149949,-0.689917572458269,-0.25066421298523384,-190.90312344084913
1.6232099397877093,1.5181243576077053,-0.997857299087769,0.00787417276056827,-1.320004884025019,-0.18523882864223212,-93.01538013046684
0.2832257625732974,0.9927943193220128,0.7437350593587164,1.436102864605196,0.24419012285388889,1.7358427882542098,342.818945087554
0.3790372818059131,-0.12580209675168197,-1.632043245220324,0.016223718563900508,-0.13626330701907777,-0.9782976593300915,-192.11523454950634
-0.19712231036098504,-1.2074749789128898,0.13807440811030752,-0.1356674123364751,0.6545506729943771,-1.2139890594338008,-90.52640459380903
-0.5312559375700975,-0.37395237008857646,0.8806897594656321,-1.2129910235360886,-0.5297071556021258,0.17062511964497964,-2.0047538778335294
-1.4613039404616486,0.662773514963991,0.13139243739602618,-2.067987207745485,1.2244917098001131,0.1199182323803859,81.65908117110196
0.6534996626022418,0.6056155765734664,1.5123235641737063,0.3825357930375751,0.6528316035864193,0.2874980354382962,169.33066913804996
-0.3077810598771192,-1.6854366470553943,0.3839184593322514,0.07786192703375128,-0.5825076987695784,1.3708335929654778,28.39178645029606
-0.10897332338185653,-1.5354635144825288,-1.0732422881440529,0.5756374646369625,2.118182416571871,-1.2989172257770707,-98.64275194449236
-1.180153272488427,0.9675935829676112,1.0257147530377122,1.9058627535676,1.9835927894284113,-0.8587470703565978,125.86381114835102
-0.4091698022820199,-2.0485578136287796,0.3515368065437058,-0.17938487636913147,0.6951806001020258,0.17708769868798088,-111.2340600922661
0.3918829128927126,0.5250462196453854,-1.1753952331009347,-0.465348192186377,-2.06270604535177,-0.7559510609192328,-286.8709502821931
-0.23558413196216146,-0.4072652801120745,1.7145177879894862,0.42465702232676283,-2.0463930402522923,1.585503575116715,87.8031963318154
-0.38830762215078,0.11460815345668518,-0.704766803012017,-1.4491343676696014,0.9956344310444454,1.3032348080961667,126.04106237794947
-0.11663534721626272,1.5283881582435812,0.8713954498756558,0.33071719544815553,-0.915325967463443,-0.5729528107325116,28.12489660723371
-1.5163632999225647,0.773133544613116,0.9716988795169584,-0.5050901524533652,-1.5664509745745705,-0.9124421558478192,-131.38325403264835
0.07636058430861775,-0.18071662436383382,-0.13134484359561946,1.3790391101333859,0.06412696800374222,-0.5089628757339079,-2.9552573779483495
1.9928908516540282,-0.8341832216204118,0.8379108101230255,0.9022222965169094,0.9615860272148562,0.13301003106429005,132.30075634229246
1.2362954172353222,1.708608395668462,0.2609472027715067,-1.158350439884606,0.1372960613449201,-0.03424959864446448,91.17779203099657
-0.6794330957447748,0.7485445238997933,0.7488759244891242,0.414791725062167,-0.38150559962881697,-0.1946468863513628,79.9530236848555
0.5769850147481572,0.5891360463096359,-0.13466855820760984,0.6726790456029754,0.8687937844519767,-0.7498948048434779,-14.078143188138299
0.2559793302886936,-0.2222584871822387,-0.16097052510353393,0.47465620962066635,-0.2826574588667599,-1.027907817444229,-83.883428644128
0.35292658789218667,1.559919470912087,1.1884276645907792,1.0633028959170427,-0.7378612142664437,1.6261463550595059,359.3822761031455
0.7898684679640859,0.5403153940324935,-0.5457841689894081,-1.368513183109925,-0.23544839167088435,-0.24143851547087192,2.4057133805121182
-1.5930633406810384,-0.516198177707872,0.4349128393914799,-1.8813357360485967,1.167908272635984,-0.3150761742731342,-87.15472544675163
1.5939265838964654,0.17502133956028493,0.44870608695255226,-0.2368147047513268,-0.4979628595839615,-0.2592796974412259,29.8994087103655
0.7162788080413154,0.6349753431123031,0.8717939929976654,0.08112327207811133,0.6714037908620838,-0.9918787954821036,139.80223996726548
0.09801467060534436,-0.927106869451859,-0.267226383116497,-0.9849750976479439,0.0486737326396846,-0.487270315456082,-104.41337516291452
0.7664509124159712,-0.1381241139116604,-0.8628334047118996,0.616235892930295,-0.3816576717381684,1.369849426537066,32.56328904556554
0.8446225957694157,-2.1186277742137136,-0.1507885169314432,-1.3288910849048219,0.708556578122752,-0.7804488200064379,-138.9520438882296
-0.9320872930294241,0.7629092890242674,0.9713539194374926,1.0085179918719769,0.14008617768188644,-1.263412865989649,30.326147989317356
-0.8927859002118484,0.3371277221829386,-1.5269450937158393,0.4591211756402574,-2.026166459740561,0.28566896577856443,-247.32045519548612
0.6350035363326489,1.5629858077987793,-0.49023331941991216,1.6475063715871108,-0.8451224042927039,0.5815741358609849,7.248037343231687
0.3212633114505556,-0.18188898990275854,0.04694913405960552,-0.4891729276033,1.5840081656510812,0.0985195983057424,166.58666314030282
1.2170080108814811,0.14841675696106352,0.24921290499895096,0.8300264723896409,0.20373837972146558,0.5223481276556797,68.58305588730266
0.621609478111049,2.3956451052213725,0.8534320607177729,-0.19938769804021692,1.1162777152547763,-0.4836446775713766,188.69316030268857
0.6112367427048504,0.299666881888864,-0.0989245682438866,-0.026409751592207893,-0.2474757820481749,-0.8675048003341835,-95.38942828157235
1.32748806013471,0.3265108673844929,-0.6479637352643919,-0.7891635208192334,0.9626053886013923,-0.5213226134697857,-19.475683382235204
-1.4011264365447411,1.0651192900023603,1.1933380671802085,-0.34009095888290064,0.8065353346244893,0.3963414836675696,223.3478789758228
-0.14331354555967252,-0.5519184719139836,-0.25314711200879497,-0.13675708493255137,-0.5010355291094863,-1.536412909907724,-263.0135293124781
-0.2956126984570821,0.9312472225890888,-0.3373195563181056,0.8364463400003975,1.8900525304279996,-0.7010438796560035,77.49762661567303
-0.02558840302384595,-0.3807888396216887,0.22539850280290524,0.34044349827061837,0.26280858324238937,0.31695754485492583,67.8982366426354
0.7197371784399466,-0.09939729338956568,-1.2032310869418794,-0.2932794446300409,0.5817734089271402,-0.386709861667553,25.769611437268424
0.12354358938557075,0.27817426353067776,1.3937189481092822,0.104720060476307,0.5022783189107093,-1.321019376949502,-32.920155401059844
0.22274328275880176,-0.10531723207834116,-1.6982854579838371,0.636037075928574,0.5944971008653851,1.148972529718348,37.77668773199066
-0.5203588990666426,-0.6635902207655452,0.39440646182296235,-0.6290812321723511,-2.02936446024092,-1.0651428755573078,-275.0455016807607
0.2201850390159575,-0.23183352088627698,1.7967597149814067,0.791406361980322,-0.059972705836186274,0.730029565226601,140.6561705208299
-0.5541339730760595,0.07511983254103573,-0.29266966474893713,-1.426823890944326,0.9754603903020086,-0.8408952530894945,-145.79734695091406
0.12411285263676969,-0.2857843935097367,-2.1636640301546484,2.4349932569821884,1.2737229753488697,-1.1991215099701797,-22.90125279806088
-0.16144263380275276,-0.043209692671591034,0.004321214262271348,-0.17900620634743905,-1.6561334013662659,1.6050454915965557,32.66190279883783
-0.18709803827930388,0.4309216629044265,-0.5625591260863745,-0.18650185827741528,-0.5982971390482484,-1.6377716012023817,-137.27169091950628
-1.0608899365828235,0.431533716849352,-1.691161122578029,0.5010538389579828,1.1649696145267354,0.1250060529123795,52.920797352802296
0.2298781540065327,-0.24878361424428025,0.7339734963990245,-1.094767508523087,0.7550779338800544,2.2257689390515636,204.54552205560117
0.3419485993001327,-0.1593407293773216,0.4430344279709484,1.4807969254379714,-0.1466012108971397,-1.5151858053278129,-97.96063390832408
-0.7522657325782619,-1.1412837561652165,0.6438558985665493,0.13060452508704043,-0.33197959983184155,-0.49031331416868246,-178.33944399707082
0.9792463708505365,1.1550548434307237,0.8821111192826999,0.10428040691236107,1.004077772629802,0.38449558097252867,231.19086941035422
-0.8665845341491362,1.0721084767438605,1.095511682396408,-0.30364280965928575,0.6081084391475379,0.1818864520669197,109.36589175722143
0.6252591408848149,0.7228867477489587,0.18502697493871498,-0.6495844817135269,0.9272349194175106,0.07483375425938554,105.94663606836676
-1.2669425235585114,-0.6239081451097885,-0.954171424618745,-0.46948460288432714,0.357210218235578,-1.3758333984935252,-178.71637403103387
2.0512196305176014,-0.8704165218659173,-0.8514143757638387,-0.1414574848586558,1.0962672562649807,0.7943279321968353,134.1249449661333
-0.6298516817609287,-0.23797963154155002,-0.09717338389527383,-0.021094088888718113,0.6388403362599938,0.8497043821262137,135.98306146100077
-0.5633156716581961,-2.1963259988577786,1.0481241849505987,-0.38830626679906943,0.07469539908341863,0.013377424610780423,-134.32887331889123
-1.1240088656864424,1.46899582662706,-0.841734113684215,-0.5154810130925404,-0.5320836903316482,-0.9804904685217324,-142.0103076774689
1.8428299892512245,-0.5094144235729998,-0.0037959341134471297,-0.15992117774208853,0.9201991674000335,0.3638472136892802,145.14491324198553
-0.4963344705926068,-0.2908448975262889,-0.9123025181363668,-0.17768919329326677,0.020477980388148943,0.15530316967820448,-44.5977579107358
1.6882103369683341,-0.6470362982475175,0.38457738892594434,-1.6658356240231067,0.09449021520373826,-0.007097838039481772,48.8565025322258
-0.47756261498068725,1.3364965781118476,0.4270094532571952,1.2981112489586273,-1.0884178423889521,-0.6664316848568181,-29.512249466504908
-0.9132594046672438,-1.391733593654108,0.7881812373579681,0.23855878385357804,-0.45193780416800006,-1.6832144598834566,-311.03501739730063
0.41820502927842423,0.19610964913883802,0.8347419600870774,1.0715514701975197,-0.21296105113234415,0.596880811462564,160.2841379211101
-1.2411128973067795,-0.0902317833061152,1.6373310369590823,-0.14123156747612706,-1.1930161906561145,-1.7479211902062786,-222.31105320325236
0.43236934788298487,1.8988919793757266,0.44433026412211235,-0.7142339887300998,-0.7981733284702941,0.23296298589911016,194.82107801846809
0.5853045306756129,0.8724162654520129,1.0438207201170222,1.0794308188460802,0.8325775882062858,-1.3725066221724,30.952664005829646
1.1906318111201224,-0.22473090295414075,-1.198994539310603,0.032364322792907844,-0.8014261449721437,-0.1927538507429169,-219.55702251464731
-1.9521364701417792,-0.915433690750792,1.4295449320519593,-0.19539508738573522,0.20450556748399834,0.9132116496531015,-27.388326568045713
0.009188357362543004,0.9801472981323697,1.5738647767842024,1.2420010833112332,0.6119656128229919,-0.5977726614638041,124.93287392202443
1.5381734411425623,-0.4014552102511941,1.7545214525456552,-1.231835964225456,0.5413178941984319,0.29947764976673086,98.28902862696718
-0.7575329126384664,0.4187298502257185,0.26249442861885736,-0.47988164665050825,-1.1071874743678634,1.7082861564877523,151.51211269127467
0.11965045431884061,-1.1150962707198464,3.2869613529641826,-0.1831309426269082,0.5514520841339737,-0.0003403688788490976,116.64748800537556
0.6110866016609319,-0.8478211556479349,1.3110253868958934,-0.17685332774448798,-0.6153246375630627,0.0684203720684976,-3.987563726874958
-0.7018995451411033,0.6678202702453429,-0.9635070523671784,1.7423096118066093,-1.5239213537569936,-0.4725321726495462,-242.34651788956955
0.00015725890839297832,-0.5332984963329874,1.2171857671072246,1.42693729444518,0.9426895417024624,0.16208862487043804,106.6551587011185
-0.4229195479372668,0.92133097369197,0.2709571291037548,1.6881009151505095,-0.9443040733402717,0.7518858936228311,121.10244147722668
-1.1467110129442994,-0.6188865336963485,-0.3704840152092569,-1.3439583110528823,-0.3261673610653357,-1.6036396206821284,-341.3678881304018
-0.9497476394308099,0.17016491838216993,-1.5800664000110343,-1.3578699209469831,-0.09318820355844595,0.17469058532590678,-55.056794108365544
-0.8333966030521344,1.5749345159169508,-0.13413189199727638,-1.0827371647905188,-0.11547571512811783,-0.18937196317355395,31.963103243936644
0.12459557024811874,0.8250589784268672,-1.3107627468522913,-1.6187640094915883,0.39145306293995374,1.5969514934233997,66.56915031199534
-0.2037382139981965,-0.16996391416451903,0.15366643101265373,-1.9577725653519904,-0.6115094921780191,0.8368557884240689,-1.6382057234154388
-0.3473118493936108,0.8258158791372067,0.6025668347780266,1.1061819611155637,-0.7203005755710652,1.6902410327479425,82.76778226208103
-0.08016677638092855,0.6588880510046797,0.06333361991957623,0.7873436162767591,0.4383603485956676,-0.8808475033117537,-22.234913369460607
1.7811972755732979,-1.0052584765891077,0.28320361950520423,0.8954025379213791,0.9386985172406487,-1.4968771782771257,-46.61903322556995
0.41953611173385774,-0.776313107102538,0.5011912143809127,1.2258491352639103,-1.1656260327736907,-0.6440712197999485,-124.6582877568219
0.8262845638323086,0.16900546317093695,-0.5892319639248909,0.8819802596655058,0.8144374226190811,0.2488059903990217,86.11923844170586
-0.1900378556109628,-0.3749764131717303,0.6290484427432865,0.5925974418098384,-0.48706779256393185,-0.9826646069189349,-52.53659842322719
0.12804952874544523,1.5749430039729617,0.09160394845105255,0.08022404168703758,-0.9973903480158756,0.36974801129487234,41.58676890923207
-0.87707642574002,-0.035387623648688256,0.7783655851321039,0.340715058107607,-0.3470422711412682,0.9940294155537096,103.45723964203839
0.228403279862132,-0.6673000401830379,-1.277251468451131,1.0811917444235855,-0.3051089960264477,0.24938145651854343,-21.95711463750778
0.3302813018005038,-0.8896290882046717,0.7507708055820288,1.3499470442689585,0.757063201157534,0.8914975296541465,172.70776412206493
1.135940697601297,-0.6201686776143043,-2.4231755421407297,0.6035177377255015,-1.7373897659091884,-1.7786013481661551,-480.90217296804144
-0.14904201958413688,-1.0173201640767995,-1.7109271418228984,0.4334974556274211,1.2722794507210073,-1.2484547463550868,-158.2320707357154
-0.8857482787273189,1.882943194494396,0.40833884576184276,-0.261314055723514,0.25947386930201083,-0.22703390095603107,107.87676167824907
0.1881650140640826,0.3275785057771865,-0.2179474338087706,-0.5216214160861365,-0.6939005230897246,1.5547355341392715,74.07257977272366
-1.1086364060225262,-0.18165516997955938,0.716393160930258,0.09611436087079034,-0.06250013895050574,-0.5951203563978729,-37.03852960633294
0.33710275814044094,0.46726381704584924,0.11235223850413785,1.3907908504045126,-0.46292460467655483,-0.012014288821920238,11.352474730522713
0.32995785209962064,0.38822781797347294,-0.6874654204812114,-0.017574017308391643,-0.17847867696472547,1.088712366385368,118.34233077963553
0.4762441503211736,1.4420989025718804,0.06213888331364573,0.8361079390965085,-0.3180267456464912,-0.2831022558911835,17.705492294580438
-1.0421118900802144,-0.5854074776046826,-0.815816412326116,-1.1419338492900042,1.799881743742459,0.05035150527253698,39.364593358332655
-1.974344423651539,-1.0699711719262477,1.057186772377936,-1.446519020008692,-0.6418078595595874,0.1020862181792263,-112.74778748939814
-0.514481705504987,0.9907924848463406,-0.042823057971185324,-0.41107815397251024,1.2073160537967367,0.80841894381233,132.87207262124687
-0.5517568548140428,-0.09674853053982559,1.1413642778904165,0.20938788206178396,-1.1643410836661243,-1.1352113490531468,-210.83330956580704
0.6833452122926573,1.0083698047331997,-0.1991995436022024,-0.8407992936334647,-0.10365277816651149,0.22938685328356648,10.711639064964203
0.7754929906849108,-0.3030821833372834,-1.1105460883908085,-0.37598579121758186,1.1807021350630145,0.1376850128953575,3.369969128576919
-0.9478387291730551,-0.1832616489806702,0.8381498837203456,-0.1821501470963431,1.0742725919982343,0.42321049714416864,129.4714607341904
0.7805120752565539,-0.35499421318233837,-1.9718656233684368,-0.6781055330298292,-0.5056184062895915,1.3254099726029427,-110.49551160175338
1.57373781281777,-1.098798177866206,0.20030588315204523,1.017259806196501,0.41666722014478697,-0.12161588888760871,67.0765146253895
1.2720034503791027,0.8631983967567322,0.23950312931923545,-1.4213916671835047,-2.577508837440575,2.0484127969220447,66.27619669719753
1.5521080379303136,1.535507762541014,-1.0340637197295441,-0.2414824408580401,-0.7115405768655666,-1.742485510503053,-231.43369324633375
0.4350860371350663,-0.6724257714570715,-1.5253992795326363,-0.7853274093226739,1.7259767285560186,-0.6537487883559651,19.085442130834267
1.5312589711200346,-0.47545061526279664,1.1686742445126819,-2.0583839735077336,0.25345243101397497,-0.33552553825526304,-97.45226442998036
0.47675144335057534,-1.1908845957167158,1.012863508154704,1.9442444729684667,0.5295045619345078,-1.3550945353919113,-23.549149426748052
0.0944835957840184,-1.0494810206093763,-1.2128674327664455,0.7392961570990466,0.5726338774602453,-1.6041010527504993,-189.35474275308442
0.6846122298174611,1.2935915333179007,2.3092997724198376,0.9515583859205827,-0.4893574553592117,0.5914677476503826,176.9105264125396
1.3358806960396632,0.21414397560862092,0.10235943116440309,-0.020517993591966238,0.1894674456755109,-0.1713237012883471,-58.13327648546882
0.37066761874597326,0.6410065586801346,-0.7778174887954976,-0.01629766786465785,0.6526610829972163,-1.1436758850790054,-48.62893693448787
2.114049013794718,-0.363495068591242,-0.20611124073068016,1.4360429362099927,1.4983339592998297,1.4101141411803426,269.16392689773596
-0.3618530587353217,-0.978551885203778,-0.4006343639959542,0.5985571614279956,-1.0268757325983657,-0.29743401657322166,-251.97206653849685
-0.3297393501677874,-2.4935945395131847,-0.0022117382964408107,-0.6185352700622777,0.9443353407138021,-1.1788448707924555,-303.95737793656605
0.033535347529539974,-0.16401853534251618,1.2527261729355232,-2.085408768691995,1.6686844688804434,0.9632726226398457,196.3764537676279
-0.7335998118367578,-2.5003050740106043,0.5735475127188722,0.6258480238915262,1.0052788807960622,-0.4636822377056938,-108.20787672917858
0.6241831731916194,1.4844818976114074,1.4288225710667726,0.18060707537168247,1.0583646237108475,-0.33453371750836397,136.12288238387768
-1.8235765370576198,-0.38744851093206695,1.0987421588725212,-1.1556973397641213,0.7552331845457532,1.117398065266592,28.337022573221944
0.6726965340420817,-0.2679523852933836,0.6325815979356916,0.7240991667477512,-1.0082782682928826,1.7041094366497354,163.67352250796625
-0.38366514669808394,1.1680894437813398,-1.1321993312437497,2.241420781452715,0.15125921951253632,0.3650246415448792,28.667007597940007
-0.6681726591423638,-0.13520475253551253,1.1883348790787593,-1.4903376887952695,0.06824476765501743,1.1451068193726153,68.06513582784572
0.7192373319023578,-0.15199726631767982,-1.1097615638776068,1.7249381898400977,0.29773113713872573,-0.47526440426321154,72.88789465039325
-0.23113891881031812,-0.01690646641532582,0.20127085740852618,0.4859373385961715,-0.12494952694676895,0.24095016989893936,148.04531653916703
0.2890476162368654,0.6609292593288958,1.8351884285360804,-0.6571632197112751,2.1049615222399405,-1.6896384445824353,22.989437663262763
-0.9053268039803717,1.2064196636967304,0.8516831155273067,-0.2584587580679021,-0.1053872062501739,0.5498456406992984,113.14223069832552
-1.2855945113168181,1.6825336607982182,-0.4245453753341719,1.036983074083807,0.8967351081407047,-1.157967482768633,46.599391950261115
-1.316514204346752,0.3243306108974463,-0.4275073747360908,-0.46522412583462475,0.9362764637625465,-1.2175780743486475,-19.03407576232115
-0.5245103606910808,0.1733752610854035,1.5464717831857668,-1.0826095507184936,-0.3629844423692088,-0.4476876905434291,25.54196026991558
-0.689850998516169,0.9312995729083635,-0.9775115401668557,-0.4915579742086866,1.6043887638851126,-0.10882864162839338,37.470030567887974
-0.655175766327759,-0.416049001993963,0.5377155874585603,-0.15991108239413201,-0.15014760392604412,0.7447596194133107,107.13996334130374
-0.2673882325297924,0.11723236544464241,-0.33887594048657027,-1.6538245678529784,-1.3824996836708812,-1.2386858705262582,-253.57145222244557
1.3398749470907567,0.2601310454040097,-1.5424769815550352,-1.120684649036507,-0.6630952288067374,0.6638545458683042,3.8858572377639575
0.44433313341177294,-0.9591496963723002,-0.09036094476658697,0.7000071466436912,0.7997405283809766,-1.2429010268631109,-46.137487136070305
0.2443670463259246,0.9668305132773234,-0.8850100448608214,-0.25338167117207017,-0.8007055628699197,0.8359636476989808,-13.511515967425844
-1.2349420138353764,-0.3403065086862228,-1.1863933475956154,-0.6639110406333434,0.2528213046237625,0.689316039096532,-115.54061417212552
0.06386916633530045,0.8062387989679274,1.5536014358520556,-1.1035860513021263,1.0071845814560338,-0.41281845010515855,177.22703818126527
0.5741678994634163,0.7481970989437432,-0.3264840827829325,-0.40065665634687914,1.2704824238666874,-0.561806282141675,32.117338398594974
0.19936094341115937,1.017986249862766,2.9067589645989953,-1.6795695160253346,0.9798802033009586,-1.968609440510481,43.871610988539096
-0.5264983439959673,0.45642814270077353,0.03183919414971949,-0.43802244246366484,-0.5002520488787144,-0.3634681771223547,-48.89443909925881
-1.088815314579212,1.0261775047912889,0.12363658740905129,1.0388764130309698,-0.6473229168302939,1.2279979305274815,105.09142174012725
-1.377056069284807,-0.5355506683698569,-0.7532951292477962,-0.9151662474132896,-0.03271332230150498,0.5238755410150532,-113.62839965087917
-0.18329935426372387,1.5149843552292364,-0.8423591347676407,0.44812287645131416,0.15053234373460372,-0.4358681973897936,25.214456384417012
1.6592766346567738,-0.5109623290076932,-0.8095718895059786,0.7256707390342062,-0.1701782333749134,1.0562689069615143,94.80435742299322
1.2881074341243333,0.5984954049791503,-1.646842866064441,0.3558146164725463,0.3153584786068123,1.4050543280308125,215.2030223305728
-1.1202333505276374,0.7573439534706996,-0.948458101575829,-0.10778494032468865,0.3625123674549029,0.41697569024287495,115.44995140185019
-0.8214711712350745,2.3015646114993737,1.0631386631643174,0.7009280013437844,-0.2902792090410412,-1.3382002359534226,8.589441334002693
1.1779925007472674,0.31641968997617564,0.49699573121401475,0.45689189589910684,-0.029930877699563742,0.6964857267660377,114.20003683352405
-1.9345462868266465,1.9318607742620566,0.177197566895435,1.9311864083634167,-0.6200869398665841,1.4247034577685673,121.84109179319839
0.3280165461122661,0.14161421058999102,0.33863459599981177,0.7188166333606245,-0.4026440295514623,-1.0724963387276514,-112.00618343997616
-1.1796428524721199,1.0949481825837575,-0.09912224502197241,-0.8249453279626817,0.7081495028502209,0.8881823035753906,105.77640255738132
1.1267255526519055,1.2773352491855219,0.628952121484153,-0.7778013991412432,2.3713566803984847,-0.34640600947080613,149.02356703203094
0.24263442334996438,0.5787398495041648,-0.08509126399893632,0.11992087680087858,0.5698429215296336,-0.7328082540775726,59.64038229687277
1.0847317451572012,-0.18898428398974015,-0.7383186022663555,0.6624158579557378,-1.5149282667336266,0.09521312058170721,-108.64505225297053
1.0927504614471768,0.7300297832511994,-0.9210911226128972,0.10053210509591125,-0.745400010238235,-0.9695330715815934,-99.27108074105399
-0.7855965119304802,-0.7016631095265317,-1.1495224162100817,0.062245946286907536,0.5542937649019786,0.9685210026451203,27.598889044350006
-1.172054941737498,-0.31168557489424675,0.24160325859573936,1.4154821295670668,1.110504639609307,-0.4655213387768717,170.2170658779812
0.47038160091770237,-0.8064418839124303,-0.19526059665039894,1.8236876936246091,1.3956787097100847,-1.3148975013151163,-27.67489693793845
1.9870051298923694,0.29520927204381403,0.7247533782612212,1.3481124736085717,-0.7171725619149577,-2.156834761539881,-153.5895999233671
-0.9862778698746361,-0.5379614407763034,-1.480934913602665,-0.5010818643827563,2.1511884991739763,0.10624206118484389,63.23478389274627
-0.3954523312741176,-0.3373650692817717,-1.2804494334651642,-1.8214407270544548,-1.7366986243942892,-0.2878059646833116,-199.97575555625906
-1.2803903218659884,-0.23230653854790576,-1.0116021515264582,-0.34618843078811384,-0.5332363721894945,-0.20951266309731942,-130.90485214153685
2.3099697063272577,-2.1717235294461856,-0.022220892758284285,-0.829748968824209,-0.9296205644885437,-2.0435046628975906,-292.5192046622457
-0.4117727089282241,-0.32289690589191333,0.32952085029004075,1.006273876540762,0.5429935603203172,-0.2813482607436979,-39.10716049443924
1.3941384475075305,0.29322861935023686,1.3818153420275567,0.13951745624125758,-1.9884207122830269,1.6477986162700644,129.6456818599778
0.9818199280311977,-1.1864283318709343,-1.1866802358282704,0.35486863840959737,0.3106537492956198,0.5320177181764167,45.306392008640955
0.1064222691504979,1.2415350672205534,-0.12196433529723161,-0.9024939987075935,-0.661330520753981,-0.4844037958848853,-147.35050740519807
1.1294250336112126,0.7238322270128914,-1.5539158480713555,-0.9014689482562557,1.5741688222428383,0.16103137857447922,67.52209196725579
0.6433258869108862,-2.087777700441023,-0.7897521837642031,-1.4267269461848613,-0.5936109111803152,-0.16549653183315138,-324.8546429700316
1.4357096722972418,0.09949145273639491,1.1550370047611396,-0.018296404757380362,1.0602473681127635,-1.6344803988434817,-39.14366112191604
-1.5356275305655556,-0.37823900972221647,0.7584213829810917,-0.029104010696981503,-1.623691327373321,1.7395469111837274,53.32286484050498
0.23284246783156054,0.4446916313502621,-0.6787625964236316,0.6759258130014504,0.21698721092657902,-1.3539556504439432,-65.97568965435727
0.5280568038644794,-1.7761193060655243,0.3578085776164049,0.12600145626220852,1.273354341103727,1.0962040099794979,132.39230547535905
-0.5532604577023167,-1.4566633871092052,1.4039569325508827,-0.3581868899227926,-0.11068652443340994,2.1951645759005167,255.79141138912524
1.6950788701311952,0.3863018522049329,-0.005574175058285541,0.8653645499612811,-1.0766510408563357,-0.9939758527170935,-183.60230386467518
-0.2080380959995197,-1.0751868047025395,-0.6042225821612267,-1.1598451875018894,-0.6889395220632414,-1.3995301464985503,-313.51501871915127
-1.0217812319418142,0.52024927003947,-0.303547140172205,-1.405340336698487,-0.48222534701150377,-0.004654973494266311,-103.75345863536003
0.2569433851002266,-1.302391938012262,-0.09190667591811631,0.5323359861209372,1.627891301210577,-0.5954577431994106,2.795072401519958
-0.09147628604010312,0.7608347737473038,0.9940865305617969,0.2874974950039606,0.4504715925328369,0.4417265482002813,231.3467627573972
0.2529432658238105,1.1153787373105695,0.46294140528119343,0.9527003260537649,-0.45438979698673027,-0.9263313862528314,-13.921420626866823
0.480764448258505,2.0803649489624068,0.6259767032276957,0.7291112433861912,0.18976830486107324,-1.279837560409965,34.047439042872256
0.7226424986919847,-0.2761081000243414,0.09196754645363063,1.1222749229185824,-2.024892081209985,0.8957852318535475,75.25382780018684
-0.01249589288430851,1.2054328847812081,-2.696858451624315,0.5807915864380313,0.10318983709745638,0.936024220075313,58.88747894995867
-2.8764753601993513,-1.8551235622236273,-0.06683564085363,1.5328927463489141,-0.5322660262993454,-0.246153361813886,-190.77709398610736
-1.0349934718770917,0.5615267692065699,0.20842886697527419,-0.4515974500080356,-1.092323149919462,-1.7305005289338606,-246.69653555525167
-1.269322423036402,1.2621228312296018,0.8549006633818325,-0.2608213068286649,-0.5931035216556332,2.120879179174715,255.20403409098188
0.41717831193361005,3.444119047870425,-1.3904082335890078,-0.4418696839709615,-0.3770698075454007,-0.9121264286593712,-1.3166651921392827
-0.9350896521618389,-0.3991130675963999,0.5377107164074848,0.8207105098583748,-1.0628004668699362,-1.3284815424116765,-151.40751721052894
1.5121132338649501,-0.16188317905734775,-0.5737832560238905,1.4689177044322677,-0.0032597089003609434,-1.269305305420959,-67.78390131835481
0.8641356995823017,-1.2248335383825482,-3.053685133252917,-0.3300422186670124,0.03918666164495255,0.7545119347513793,-210.09713475566045
-0.284715846495841,-1.4499742092308157,0.6460608796587074,0.21139488654390182,-0.9706045494744727,0.7268192223744652,-34.40673976988974
0.21202005347183464,0.5377857200798228,0.8542186969622818,1.6575482492473435,0.9398039140433874,2.064820723847916,206.99395654830988
-0.04872702097028281,-1.4446330500254454,0.36416745002069306,-0.6589725687871731,1.3301719623518187,-0.4877463717926379,56.254213573455665
-1.612440246962149,-2.958726502182064,-0.8027832736570433,0.12683371666328816,-1.455958217940221,0.5957752894492798,-302.30707284144603
-0.613834140122847,0.2056614532062461,0.032881971793428645,1.7464951714226489,0.600544784208813,-0.25236102731213467,15.653249810513458
-0.22956635767747846,1.0083648418661593,0.33858145849343724,-0.24859178676788452,-0.29203224388906057,-0.8232527910810165,-122.15869973465274
0.07470319569198247,1.1047424263980186,0.3016151983714202,-0.8839929333940949,-0.7833732772861738,0.595511176310859,160.03638061169463
-0.18288140797224592,-1.010209326123128,-0.368796692271027,1.015028460826584,0.2680418178777789,-0.49752955530862664,-54.20293131369013
-0.41715435568899484,1.2597867221828507,0.8806979307112925,-0.08801198678632048,-0.7606444665864701,-0.48974400962402137,1.2740037354390559
0.5309393912261593,-0.8600677720114003,0.3718305125483119,0.2120810722663496,-1.2271638487725194,-0.5297312157231965,-123.07848521131515
-1.0521414113833005,-0.7864933932162268,-0.7361920364964603,-0.15581469921450664,1.2093533993213073,-0.218504484007255,-54.979797952025756
-0.616906154753903,-1.1679264062737145,0.241278292666148,-0.26426397225875015,0.08835859038426404,0.5416666990918043,49.5763201805481
-0.30194721645492467,-1.2708581679326714,-1.7647075892218445,-2.778277933185941,0.7713356767157218,-0.20172385595510683,-103.19488882030251
-0.3546384401238907,1.5583494452956712,-0.016526106559214594,0.46134426916742205,-2.0133490103629135,0.008173143531566588,-238.8632306398124
0.40522884009662313,-2.2081799380511233,0.9083725254867624,-0.3354660219833726,-1.785883981617368,0.5242434664354926,-187.89534638994542
0.39592878735589493,0.12302889713343244,-1.1077744940198182,-1.4566893283953817,-0.07351616192187993,-0.8122374323128035,-185.83660846146404
-0.11609533909648338,0.9691152282888326,2.1441742030580304,1.2724066769151245,-1.109337184038571,-0.5961224187579318,111.7773836606791
0.3374532157289586,0.4327744487814052,0.8060843812367653,-0.3735991513865776,-1.2653184729358105,-0.16112503004226073,48.08539914894991
2.1469636383913677,-0.37005382160356215,-0.9930217577075025,0.649975914521814,1.462965501473874,-0.5886139464897712,153.11370070948396
0.3105841794223165,-0.3018119374813616,-0.9321127120270261,0.6506936018335253,0.8155949403114057,-0.422826455107322,83.60908221285428
-1.2649118131015824,-0.08508127760185087,1.5615829299059474,-0.31488190031699387,-1.202450674590374,0.22810378946097337,-43.498148384353726
0.04919256715271178,-0.13109181346402557,1.9595592808053193,-1.3537597305385352,0.3870900507296579,-0.5642868459476846,48.366518198172855
-0.23937148682731693,1.7292584408728162,0.32289593492620433,-1.180427968830203,0.43724296947881347,-0.8196090115455361,32.69133616455805
-0.3251972324881154,1.368582417866228,0.111376281511415,0.7493682779405636,-0.2851620715128913,2.473444078545848,309.191645962101
0.7463880493362858,-0.4434720831761154,-0.055977560699753674,-0.8653896743162789,-1.1894757053594716,-1.078173101829311,-207.12587409761474
-0.15772576308781325,1.0879477418059584,1.7605100908180475,1.2272159950657657,0.36522511536042823,-1.2563733726207142,82.89570979478258
-1.4429011897703332,-0.09400027226295944,-0.014560473152352659,-0.26383729997891586,-1.1166692444639401,-0.6199225500034263,-251.21640551166067
-0.574287911280362,-1.0988336961781846,-0.8861255617856386,-0.3058635433012533,0.04691664961917399,1.3073588310310695,70.94552318883234
-0.5369244119394447,-0.6534531751606529,1.0823170385012493,0.08425383139245532,0.9058572924108118,1.1788795341731364,152.29653726351225
0.18397348077064682,1.0498678499949265,-2.217774956458193,0.9451472175303565,1.680495207115732,-0.06570111853786874,79.657143800189
-1.4386294343890897,2.259503333406681,-1.2228354578611922,0.6026520988871403,1.321415931201978,-0.12547481762799245,109.69523194054726
0.24133002702138828,-0.4355045150658602,0.31897748045556684,0.44300206092002614,1.0003221490641772,0.43523570667908573,219.0100015397523
0.3580878551403241,2.1201102486248122,-0.47770234172269227,1.5263137598226275,-0.5347376552318995,0.48829045627253637,159.47005114722825
0.06399572974267251,-1.5341665841994365,0.17831217075362157,-1.1890801963162558,0.8199948121948556,0.8053280098126374,59.285350065487336
0.42689154094829046,0.39223905220754673,-0.4433942483293454,0.5365778393558912,0.8952747130911151,0.032365257281233704,104.36655419722285
1.3942891152718648,1.172936538118305,0.7740342598645864,0.24538568373653696,0.30176912175108994,-0.6287021985796819,-12.566880944242186
1.9468413599040992,0.5421917526990618,-0.07843474273881963,-0.689663941191268,-0.0366346373504838,0.7904218736022152,122.77065860423626
0.11973088480299529,0.2949618409106613,-0.9159843280135611,0.09228482017497909,-0.07483380737554898,-0.5613753820908649,-123.62706126944492
-0.2850556749810838,-0.8047624554740044,-0.3390945174090938,0.9144752637653102,0.2746073557436655,-1.231375136359732,-207.16927503824894
0.6955490841186954,0.11293510894833303,0.4446251361335,-2.361309653889642,-0.3291551409764364,-0.9458253320633819,-87.27114720450854
1.0212628687526566,2.0487442431700558,-0.377141936410313,-2.60563260602927,1.579858518634782,1.0528388180614643,326.3156865672202
-0.8151773467428169,-0.44361756055701146,-1.5063181769938092,1.4693920443054764,-1.3422248714477127,-0.04760129698737844,-153.37933903081878
1.1395880950754238,-0.4903555633743673,1.1935169949023121,-0.8383680209080933,1.3200353615830318,0.8065491961584248,234.77926858490255
0.08247945267890039,0.7213900691980486,-1.3435698979372916,0.10126010918116844,1.1900939580056586,-0.9454097796416878,-6.671497290181069
0.43822259207055514,0.5677456521827242,0.6494208281160689,-1.6501595168492948,-0.40518494034173863,0.9892248922564413,69.85723982087696
-0.14784218279813688,2.373096452786076,-0.15256860528324553,-2.0681238645520628,-0.09182320146698351,-0.6776718310119912,-21.12033099625336
0.09311867865378853,0.1436499937454492,1.004543931311854,0.6040083475719898,0.6078266308111169,0.2511346290718648,185.8427022807216
-0.09751624211437264,-0.20896224550203904,0.31674554037005137,-0.10347596345461456,0.5438241619283086,0.4562186625452941,123.67186423356887
-0.9493361939167694,0.6788364041856758,-1.6042256603718505,0.7394135922165888,-0.6394428290100148,-1.6238168695448354,-180.6382005319948
-0.225673220513408,-1.0861400434629438,0.45032266961463135,0.681836045866663,0.0678591907023982,1.1197150609461164,41.73525134041023
-0.5857019878708731,-1.3172261076843117,0.053090616854782884,1.1672324774999616,-1.9590888285945356,-0.15656023691935214,-221.35606365658384
-1.7658201271715037,-0.0018930275017783995,-1.4369264096546275,0.9213807764172518,0.22676207845893095,0.7386943817600665,-27.672595554137125
-0.6969236197654659,-0.5109859589826734,1.0174226380168143,0.18278903039746044,1.2204466317659302,-2.207212227668714,-113.82444753013428
-0.4587088783864803,-0.004187980726393341,-0.7039966865291973,-0.9939959364686294,-2.052772380993948,-0.12843832200617303,-186.87284730492755
-1.776744981429718,0.8393384299810385,0.6524226369094981,0.7733572461989485,-0.14128100159174223,-0.9054709891860783,-77.65896316228103
-0.19371273546630813,-1.6070803770307265,-2.1650228617095877,0.9172781590592329,0.21860773324985056,1.0148442101624935,-39.61216262407618
0.05381069697756814,0.764237405006552,-0.8669472769575072,-1.034703235350798,-1.3395037557577478,0.07030249798363365,-164.32580644369625
-1.065872456246424,-0.9527522695763749,0.03949894242220539,-2.745661763728392,-0.648411776505042,0.9393514701361297,-24.321904724619657
0.016384259936709895,-0.8297702446165894,1.5579179956131888,-0.1884474601316719,-0.6322710683126869,0.9125091997460012,133.4892638622374
0.16941844049912957,0.1279640527032385,0.18967782817661596,1.0867955126799216,1.4537578536754001,0.05056512246264588,216.08264611978672
1.0965841705035346,-0.22498586373315693,-0.806623081736215,-0.8773170104670388,0.503274388113237,0.5380064285642451,149.02032756835501
0.9154161696664754,0.1631830594082443,0.7988606149668306,0.2544361695975169,-1.0420441801784224,0.6214906138351465,67.99892557786356
-0.4984972973354082,0.06052698480387922,-0.4909098430751656,-1.1537714926407787,0.7038187060692871,1.3716426296142672,134.51086689346232
-0.9891788806625375,1.6496488708299397,-0.5141488415012698,0.04373552166488365,-1.9983633983364322,-0.6984937761654808,-256.7957140831832
1.148878541003814,0.725060011211495,1.099047730096328,-0.32092985473198576,0.8638422074978258,0.13465440408983398,214.821649866547
-0.8774786496475939,-0.22108885120604108,-1.1556744998634099,-1.0259462187073978,-0.014551301322898502,-1.336866437228806,-211.26359524993364
-1.161188811978942,0.1210693984568848,2.5530854299808374,-0.8227777647863609,1.107648849688902,0.06936371547170797,114.2964033178722
0.9072133595006782,1.5888749850500674,-0.9498942334020676,1.1004982828067496,-0.4043355934040508,1.4830357474432951,236.19336867324807
0.9403815735341379,0.12599987391128648,0.2986224156396208,0.8805580483834304,1.8853990759288148,-0.4024810285095007,223.37320983835673
0.5758020125436266,2.1230068987360253,0.618689672637414,0.1715193029443967,-0.38150025507647256,-0.4123001990695384,81.82306279017286
-1.7462111563686429,-0.8726639896504438,0.8918029076959689,1.935183008108832,1.5647972267250017,-0.39514197032449483,27.568824022640797
1.1005955899913447,2.0467518926326917,-0.32591582925045326,-0.7509095025003564,0.551413319319166,-2.241448036733767,-99.36295178645022
1.4606474136176124,0.41618952684983024,0.1408366425574748,0.828893575741008,0.635404486108194,0.09077014872970672,40.18582603176284
0.3364875128219739,-0.009220384267102078,0.2918513151828048,-0.9445523214169352,1.345124331585438,0.2815562305846516,90.05222373303002
-0.07068155036003328,0.48793531635253345,-1.9944742588616182,0.5335334484958948,1.3781664547867278,-0.4267644748552484,-40.085309155194864
1.4752666812573194,0.9447585180903036,-0.7610213124984034,-0.35347159982683773,-0.25686572123558715,1.7789280749813021,245.36224128041613
0.9683032009768302,-0.6344889539078741,-0.5223994794430451,-1.9853270745139273,-0.8787247024961614,0.9609945940751924,-19.875625572761685
0.022258762621818553,-0.7324431096504257,0.9671940102507545,-0.056105437353584864,2.0306978294698923,-0.4974678392312094,111.95976339314635
0.31147484339131715,1.9655104384878466,2.049971074039022,-1.0707371109127146,0.19235810383182392,-1.2536558344225113,14.206439832800612
-0.6404014400086286,0.40825271810668134,1.9772608011458161,0.9892132610716907,-0.1346578172753047,0.19742822439584162,147.3886225962292
-1.395801445590311,1.99689515059559,1.7494084733223696,1.1354372410290785,-0.30675297339225643,0.3248791970605418,129.93895168302421
-0.03573953361970806,-0.723213345392085,-0.36399206400566153,0.6517984936828862,-0.19204706978076638,0.017299278875521178,-68.12863171838157
-1.2833681600071454,0.026467072751359053,0.929340478548833,0.39321708018489754,0.0508956814626941,-0.18721070686956065,9.264998969959994
-0.35234323578400367,1.6244731486703845,-1.821169520176186,1.9788933785343696,-0.2294894727666578,0.10281541763466583,51.32868971834169
0.661636571866205,-0.2970907324103603,-0.38018227002470795,2.1428892121747225,-1.1636544279492198,0.556797306412611,-124.3084587791927
-1.2447597596009798,0.08454233231812047,-1.7010228484782917,-0.4972025828516314,1.4246523395578266,-0.23130018153014117,-70.23309650998307
-1.5581037544684642,-0.618203386834226,0.3558555302168223,0.237612334043864,1.2676797097672796,-0.590438940725146,35.87714688058669
-0.2813106237266685,-1.5343275382698698,-0.5658726001732938,-0.618753696503752,0.16923500469082883,-1.3360872174359248,-206.42032033290414
-1.5316467102749476,0.7967227955443775,0.8420850052890254,0.909626347324881,2.3510395067091503,-1.5994274554666716,103.98916924389457
0.39292226905783967,-0.3734224850834973,-0.1366447683718724,1.0335683156863262,-0.15101717123633962,0.41926487178038374,-62.33816633160522
-0.1418129159251653,-0.3341895003634654,-1.2788755181885376,0.2949818812176573,0.4804823294018032,0.45823773415248054,52.1027848791106
-1.3046931042094627,0.8645140616229439,0.9205179582325261,0.9154397332209335,-1.713672846961368,-1.001595460038217,-264.53987216452424
-0.8825586493241608,-0.10991782825377944,0.3422077484854757,-1.6536491047408217,-1.1801061661600873,-0.44915361945387255,-130.79135754432735
1.4751939636476619,-2.342424476590832,-0.7350776559199079,-0.06006650379718052,-0.12900177045305236,-0.47336107299815006,-94.4659549662029
0.10850894725165845,0.1351325082588309,-0.6430223651807452,1.3109603135864247,-1.7786038343513413,-1.3732464095661954,-201.64772139198806
-0.6404673275196839,0.19040832454533754,0.49717671591408663,0.43273578160862397,-0.5734077754563529,1.167012956152813,100.8674767244046
-0.26038353866083236,0.9263274250953742,0.1201142853099047,-0.22673881183206365,0.6892700991704945,-1.6734601571406618,-86.08202756629768
-0.6770388096477618,-0.11348148104097343,-0.2897789601520482,-0.4335197412172666,0.056335640666554124,-1.3178401447978232,-125.50482157214839
0.5956384130613296,0.13398420445698522,0.3469738028301936,-0.3804153115351445,0.9128271772125581,1.0644815056286423,82.85391769341699
-1.6274217842363543,0.2652769709855779,-1.111007937406035,2.611651277787116,-1.2616414908712505,0.3274487962800648,-71.50248526900089
-0.03384161722965618,0.004364143976086206,0.3977699284508079,-2.2331985961290477,-0.6507214464133844,-1.6518124426059548,-136.7834411753746
0.4674149740943409,0.5385587486631956,-1.1163118455963656,-0.11690823314470511,-0.5764998055482689,0.3168931866686171,-86.15143854126407
-2.7464213894112808,1.166191758649956,-0.5201182506079759,1.1542287794904385,0.9869394200065135,0.9837872103525421,206.52118454032612
0.19858268207725585,1.0793942918061052,-0.3124985866016366,-0.7001032399357124,1.6561435862419416,2.2970481652984174,293.6432518839622
0.36947186207038035,1.8239268784040832,1.1605669555745237,-0.007146303279371222,0.4135315844657044,-1.485858463106413,-17.041324554638386
-0.3262988388749394,-0.38185120767884434,1.9271423472767564,0.3315235457518766,1.05592247315905,-2.736430617420461,-48.64523039034603
0.1784509182216618,1.0375087927838444,-0.06398881384617511,-0.8263064129584541,0.24176937638249005,0.2232999412804572,123.45001892084213
-1.0257305898964504,-0.6042747013857005,0.32905406288871064,1.090721246946089,-0.8459843188532692,-0.7782213649770775,-139.70467318212155
-1.0577640440718286,0.47998250731736714,1.4585007659398566,1.8540268895166476,-1.8327669806072557,0.062474623965835405,-66.13268046994872
0.10539219504144468,1.1159448853898177,-0.1743573104091135,0.4521203173172031,1.2412846735922594,-1.3188588913262593,-56.75362749027366
0.00770152789482445,0.2725193525513729,0.07234157283503756,0.9047045239384787,0.4452771621909059,0.28040782453652097,30.32498471203182
0.2159047201807823,0.9344366629584749,-0.6619169417817592,0.1492904616423367,0.5854597380955086,-0.8328861633756359,31.06003003688422
1.46028802759006,-1.4191491114535386,-0.2874998814451167,-1.3146590335923325,-0.8157284938780608,-0.25921658511620094,-197.2275388402855
0.8157797349791236,-1.640874153890445,-1.3925232702881614,2.7975192776121123,0.22051670660395867,-1.0136927583330455,-119.97471913988973
0.31565623376734914,1.4637282430477334,0.854356317473762,-0.5169149454058246,-1.6441326422878826,-0.7983639916755446,-78.42832119782155
-1.3904004259341025,0.38964736092481556,0.49276580470255466,0.05797552976958501,1.1329727445963107,-0.2607288600204446,62.72757720129344
0.24735458617900943,-0.5666062579323756,-0.5997569940764406,0.19727406065674918,-0.4608502926029576,-0.10556366786733959,-51.47634039919487
-1.1915203667392924,-0.7936928346275619,-2.001234769048667,2.552018412898185,0.16172502042804635,0.0388346375958116,-126.65848265074814
-1.0570826976499228,0.6386744084077712,0.4365209151686543,1.4120900014186912,0.957095400900482,0.09120031904124906,121.17663879944155
-0.1070255935806459,-1.5371596438456445,-0.12494445499720508,1.4812311108597942,-0.4979823656962026,-0.8376639319170766,-114.19212047693713
0.4942417765292701,1.5018750705261652,-1.0380861754191846,0.020236228783205582,-1.8475029846243107,1.210620055690604,-102.27292665538397
1.5388641697293535,0.07528887383627764,0.42273480099132305,-0.6790263825860814,1.1673769338602449,0.3057979603360417,234.21275257348498
1.3280752389600605,1.2566259683682333,-0.19618021576157182,0.14367999779803803,0.15654405536191515,1.1107837990413554,207.9457647404616
1.3514639267555972,-0.17788855331574296,-0.4401005492950264,-1.3119239870685175,0.08128827151589194,-0.3730595291208525,-26.127667638536725
-0.4396323436088956,-0.9345497841547055,-1.197669085521295,1.2355282663814204,0.8357909881067436,-0.9350469363144146,-121.4991213347247
-0.2272080242499751,-0.23769707820399424,0.7372705874344369,0.40997558353740116,0.06967415668714551,-1.6658614745190101,-124.10628181647654
0.27185032414639915,0.7963942233321138,-1.4567665818621327,-1.4027928150137274,-1.1876021027011896,-0.33943666165060843,-174.7194453571838
-1.0661171245736185,0.11073763417772428,-1.3832020972192214,1.0424291075310308,-1.092384315509814,-1.6778051630222541,-287.48708776438787
1.9683040633463462,-1.037964130522152,-0.16612802003906077,-0.14481019596676073,-0.358605299257569,2.016938272127077,231.94245781474382
0.9356900551786145,0.5939800182543032,0.3244760074550334,-0.7238680055888018,0.3107596831420179,1.141978367627478,212.2788867581894
-0.7629631441935476,-1.090936585426434,-0.5861090661226483,0.8203033589041968,0.44079456394547056,-0.22204884225273813,-50.853431125239624
-1.3003240382479582,1.1257339802682562,-0.5333832764444629,0.4681752057798927,0.009911018547582693,0.94240896713667,83.0601321566845
-0.5325181696000544,1.02185966093726,0.9390779592482315,-0.47067096472742986,1.0879690433861542,-1.1318388317500248,21.417500925868854
0.14985510438958322,0.6324429137183621,0.4613548638291904,-0.6476056906023835,-0.43408923208520367,1.9385011601410753,233.689239647505
-0.1837090790252967,-0.04302727575243156,-0.006461130239783786,0.6094373733973902,0.2796257408817716,2.2573694413976955,265.82592644286933
0.40178698671511115,1.195560727830824,-0.8031285851864652,0.5934203365769645,0.08348188734340208,-0.23162508303781607,3.8655941961511573
0.9465588626124678,1.469899647659599,0.1608476054689727,-2.1632041973046867,-0.059807328064293425,-0.6983198187746152,-20.383540844547674
1.2838455486736398,-0.7387275706174944,-0.6443075227388598,-1.272740698712606,2.4920843088530678,0.27127716957746734,170.87232419475708
0.49695626960767597,-0.7881286985471064,1.321482571113435,0.032658806962313026,-0.04631431610742294,0.5930327980706811,83.97799020719742
0.4571756036450252,-0.9952561950521677,-0.35406185121911155,-0.647007750498405,0.9070767451046113,-0.03679452068763598,-8.467299466887772
-1.8926672479658695,-0.47441758935794665,1.4616983468058207,-2.283057790882077,0.14638525499674948,0.7906621281609107,8.41395779034687
1.455875601842826,1.5611648349933638,0.8055276187796281,-0.109009076183465,-0.6045049770976467,-1.6080170387888124,-66.7595806397172
0.08425110668919528,1.886245398758406,-0.016618016033079632,-2.3534388408161258,-1.274387047114785,0.8357625307723185,44.75698081585898
0.781565505337958,-1.048557777434188,-1.1286546295514053,0.0582686286982649,-0.6900189524120545,1.4065067949971461,-115.55418190204765
-0.10711002536150359,0.007499721963670905,0.01742050182450074,-0.5238738471802245,0.2698402373701444,0.10765589534678485,22.483254077250553
0.501789605296069,-0.5584049748948436,0.210067925414215,-1.1235378687366073,0.07397758399070943,-2.3193538750343223,-224.00561522111414
0.16368061356528163,0.24921367807492315,-0.3221473525710843,-1.7138854651309865,-0.09353997723394797,0.2527112375618755,7.904566183652786
-1.3134654025132013,-1.4512990018669605,0.6146915677925936,-0.7233484881784109,2.1973122930929585,0.5969321469259561,225.56597784376353
1.8441702014783192,1.6079957915719256,-0.8636274583933272,0.3588280417326474,2.1803144516972157,0.8251243108342203,347.76036838932566
1.1639432878053004,1.3960349858660128,0.36942653710284507,-0.8175865094890074,1.3638851627203934,-0.9642442278384314,116.82187102763217
1.762258439470386,1.1030250820738194,-0.041232256452557264,-1.3592732252110642,-0.5578296529276846,-1.6444201649842234,-182.04581294252648
-0.7024941602947612,-0.17502723226524045,0.28637228122503794,1.2154196893273894,-0.19992052247206515,-0.13135644828351573,-27.17785411009244
-0.7199159688165554,-0.5562930778288022,-0.4190412211576369,-1.9573394391894492,1.4416467789475853,1.308840810780125,211.75397469084584
-0.02516936938609633,1.8594613502334576,0.17467456377607588,-1.6998771511091626,0.002893259122418676,0.34051111238805953,91.85169787457183
-0.8756708080142817,0.3371672571110559,1.5800575054122734,1.217864016041723,1.1632848643642282,1.8817173770760867,275.90946248875485
1.4807662353361117,-0.2412798368680459,1.1944242918740868,0.7535015861491504,-2.05079465738174,0.8822950757396235,31.23955153621626
0.33935903359334013,0.8807652007163718,1.7920325424947308,-0.45371178008510193,0.3010876413931941,-0.05940279039724864,81.77708130137677
-0.2525099697318668,-1.3464727259135165,0.8424641888747173,0.15741879239366838,0.02453914471690465,-2.655743422618627,-291.97719590050104
0.6781745366624897,-0.3329139366905895,1.003044678134968,0.36236589315275863,-0.4035649924855766,2.2378664211696915,264.74093794372067
-0.3532401077690519,0.9373158448977473,0.23959554169892686,-1.2731322413912218,-0.5034461950485674,0.23457088184011074,7.677566538876896
-1.7808062633179194,-0.3660585808619744,-1.8126942959644832,0.19699020836657072,0.8011424303769075,0.7231260089002738,16.294583418667536
0.6733668083465172,0.895224782271192,0.4642436105363933,-0.3700627585435516,0.705337002177557,0.5588599150731268,184.72070027936402
-1.3327063539903,1.8152345977046174,0.20231343517874914,-0.685414009869561,-0.7886585657355174,0.4512991815832364,14.11582229452901
1.0770311300139388,0.11433203749427505,-1.183592228073154,-0.5891202769993213,2.2037350412556074,-1.5991780676360137,-42.60279158307658
-0.1744736159609327,-0.9134116936456006,1.106428583737788,0.37102555472121457,0.3572787547143403,-0.8348801301812009,-49.208888474478236
-0.818578475545266,-1.807311803855118,-0.5998839235608652,1.0517568619991227,0.7025657297923426,1.0206822678824004,22.7160881557522
0.7662596682995239,1.322882275044191,2.1372470491659508,-0.8212270592967091,0.576273115641485,0.003701273892761104,145.14914669278488
0.11271146215741022,0.19137640846628423,-1.0184693375662885,1.0720048203647399,-0.15568070956191218,0.3817363414206862,12.680327338092436
1.2334145979898277,-0.5881481203094492,-1.9647521654305078,-0.04033595558130276,1.0168511666843683,-0.6731747986814212,-28.768299949895635
0.47503992874251344,-0.16570219043936016,0.5636133530248106,1.4524763888898626,1.0998291668278863,-0.0714542437284711,139.05525962611526
-0.36213036691092315,-0.10934135308841234,1.30861269323545,-0.373824992669214,-0.4607244386299192,0.7558038290568426,118.73990134301214
0.1578886718108733,-0.6816443584607326,2.436319440041883,0.6818199629060164,0.8449426747761032,-0.9243788545781009,122.61889895254718
1.8413917870338634,-0.6205867803734458,-0.9775643146221193,-0.0870746982125638,-1.293358518756571,-2.7311996755674275,-413.8070036771834
1.5219419505106488,0.6388346166932974,-0.40458774687871013,0.12622481865849328,0.05162319483967467,1.8517203911569025,241.94955627473254
0.7895445177644669,0.5715948416140112,1.6935539936384838,-1.0561142980910108,2.000722414427474,1.4188245504410946,319.6946269168964
0.05647003226936021,-0.9931668892559885,-1.0252481048918505,1.1993191549861857,1.2977201727606547,0.5109892798050347,89.15490486611972
0.7624953518933766,-0.35922163755030595,-0.6333851232555101,0.5820619947799144,-0.35990064439169034,-0.44141318160668747,-75.69717721955422
0.22266814338700258,-1.317191652492868,-0.5314397442979008,1.9366109074350724,0.49439638380672607,-0.6116244193814031,-106.69235325773164
0.664226335385802,2.002911505111989,-0.5629929835022225,1.2579253485153785,1.0683746827640355,0.5864308099190755,234.53227093539172
0.7820727403620009,-0.5794918887161973,-1.4595807059439247,-0.7263446029486753,0.47191278956074595,-2.006280645862528,-195.19022628082558
-0.18400132450943327,-0.5889962330366071,-0.1400927024710596,0.6890027777063054,-0.5753247915656114,0.4816750629391464,-46.40812800605032
-0.28086428590667234,0.1473918845181571,-1.0466846843460904,-0.48325890457249593,-1.5645737829092523,1.6133726492369704,2.7802861541449335
-0.17727922900023546,-0.5126772853496476,-1.5173512552876705,0.2079676094748387,-1.1159230690315478,0.4290277005497731,-123.43219316300106
0.15404906089230055,-0.3105475883542419,-1.474714412591192,0.3486908355287153,0.3775389936280551,-1.1230820356903213,-121.61209650764006
-0.03239476136234393,-1.4321369371784938,-1.1055410403922343,-0.6828553050312723,0.1940018627341237,0.47432050577006496,-84.03174599445188
-0.6042886714189399,1.3073689271229259,0.7981535762682747,2.752576994762123,-0.19604532824119153,-0.905172809956028,58.30481489694523
1.13570769401898,-2.2242200275653845,0.5579557775421973,-0.5702571156547037,0.4057684798812019,1.2650948967718827,121.89031145302864
-1.1425619188629754,1.2465915391514635,-0.42766844852940766,-0.7703969922232291,1.5441717539725721,0.739980647866176,158.9538998635597
0.8240504844115557,-1.7820457687428781,-0.1686188460572508,0.5076473703381685,1.7630938604611317,1.4105898752914132,230.2281586703063
1.741516383670244,0.8801375046964048,-0.16552103207523883,0.7705224911635737,0.9323711199207896,0.7670040256233148,277.39174269992367
0.5925273413719553,0.1822875420552499,0.038417126680485934,0.2491651095248669,-1.4658454985419955,-0.9726154919079545,-176.45480919339016
-0.5692745430469309,0.1725867901527409,1.9672708188385402,0.4933627164929697,1.2189705730599827,-0.5125235033460447,208.4497740959264
1.2499687692361956,-0.36496672237943534,-3.2387439394839337,0.7316878175142258,-0.030446004441835796,-0.9897952404386455,-184.87235637811125
-1.0703497687682808,1.3071532794394412,-0.7561425166435433,-0.5591464436022777,-0.7852332011716656,-1.0370307320462357,-177.34317020872516
-1.5113448368998068,0.19193178061831978,-1.5196712660209104,0.04056262959932096,-2.1151482856004145,-0.6084998963498156,-269.1683939841483
0.5112517119835532,-0.569521944001175,1.2505974175618944,0.5063270398245124,1.6656784823341557,0.5690770679628199,169.63160130696212
2.1676929082301473,-0.5566420010585745,-0.39232765744201487,-1.0827047492958126,0.29743137676348286,1.8517405874050799,117.29639603060653
1.0632855848825897,0.8547764643223801,1.7596216118391161,-1.2877188244373894,1.2894003442432749,0.8560282399881002,261.8936118898846
-0.5076665034649547,-0.3200940405349539,0.8931611496329486,0.5107759112922532,1.445042051811127,-0.717875751301837,47.00478516351222
-0.1667341665697922,-0.9005461704340717,1.4512788703387398,1.1580713964837768,1.0805428565501405,-0.42888570243789764,86.3976570452746
1.059361678577893,0.7322096839755668,0.17464581263465306,-0.28245336158637085,-0.9767199602277843,0.0066156422454005685,55.773178662529716
-0.1334546980650582,-0.2579599964981363,-1.0736096403185862,0.032555081205486225,-0.9799023525398605,0.5228341648424737,-106.99857237714443
-0.0701285187065424,0.03699602282868956,1.3671898996360314,1.8467498804174811,0.06402268233779924,-0.3645853559941228,78.28518552033555
-0.6918494864239343,-0.1613679393581052,1.0032141285382625,-0.5769915780278344,0.0045891533095492555,-0.8893839488797548,-109.93403168169326
-0.5506170017187828,-0.6268028013910318,-1.211495381904831,-0.34218073562957635,1.3411644499925908,0.3882539861592658,92.05131316626117
2.4563955642169915,-0.31101541461419996,-0.3031132030237727,1.1238025192669732,2.5403713798373366,0.851689271064178,338.3980755838687
0.3143229409753034,0.9221949775709984,0.8113088577916091,0.1420438637323067,-0.33101799718534686,0.9987177698334618,177.26319428968608
2.3078644463529745,-0.370027247240067,-0.1775501358471588,0.8918556367723597,0.09860825734909988,-0.33360119221400464,3.9943804387037574
-0.5809448927414484,-0.49333909254517294,-1.5613167767007334,-0.22517478778786337,0.5950904711425302,0.05044480239511167,6.637208881139834
-2.136318977302931,0.005296484959004923,-0.5006530476206424,-0.41317418829573593,0.06191457367623105,1.3067936256779908,40.91540208670305
0.4154533600419107,0.0388474588070878,0.32172083127538526,-0.5193775771675437,0.23069915087494755,0.3409494732456475,14.740251267483231
1.3431305818063308,0.45159358782474257,0.4457798228267799,1.4420353324016186,1.8260965168126544,0.49644945856591993,302.8083543785515
0.33608053379278835,-0.33833121041113395,-0.9947889733599193,1.0533137387823868,0.4389382736791423,0.3553566641375516,9.758728406637822
0.5522900722861187,2.6363609318186767,-0.7363677319855639,2.322747690994946,0.7213205310464973,1.042367234141105,280.1353346581367
1.5057572556316465,-1.0422905192277456,0.12709372959548043,-1.5604677909928655,0.6203011877568666,-0.83930145380259,-105.40986521758899
-0.2981729663112703,-0.9543239148960642,0.299539685092952,1.077179189998854,-0.07295642054156766,-1.5937834065299774,-165.7418287776389
-0.10434381160151872,1.1872266031782635,-0.15793872320166316,-1.9536343338378057,1.5292140711404187,-0.1804206030166311,208.49169190189002
-0.787799160472837,-2.2957606740454066,1.0513498105444834,0.3762049721363243,0.7112421704232011,-2.3385334116488665,-252.54369064625803
0.5247976609357501,-0.17104796077113527,-0.5155416875332763,1.1422512720211642,-1.0254185057931857,0.32299523349823217,-9.804421566053584
-0.33158718996053355,0.31114769988814234,1.2810793000430192,-0.21790124313314208,0.6101105012766194,-0.13740011282496406,62.03347028215311
1.5720446110782618,0.40931030846088057,-0.14240440189424047,0.4426967999538428,0.5724691506706436,-0.2099372622412869,153.77259406460445
0.05018489605032966,-1.2398901085529523,-1.0344339041461712,1.5264612407284988,-0.08865082927589739,0.930155165119744,47.37011378661797
-0.331694500436062,0.20795605606121867,-0.8350977682092503,-0.17581535869248063,0.451481730897658,-0.23068308558095746,77.33536553100741
-0.07402720328359216,1.9875668025244102,-0.3030264495950565,-0.7913204978873605,0.18714353219556756,0.61756969623493,105.39164247163174
0.6311330003388195,0.5308967239364791,1.2296467820746828,0.36394033500454986,0.11352396752774174,-0.20309390562345409,111.1042375746834
-1.0805707887522822,-0.6032810243493598,0.0022509549178801737,0.3999035559297077,0.14335920953499617,-1.3239112505912574,-127.20709810198025
-1.8298982805953936,0.5300098232454924,-0.7394465541953028,0.49147945352026046,1.9799297267982852,0.23859757350982888,132.53303863624106
-1.2695502969070096,0.288580576006374,2.6223957523098425,-0.9608364253054709,0.6420095709051168,0.43497689783269783,268.7142875734924
-0.20745412576864114,0.21187133497419153,-0.8494637988315006,0.13832290355244825,1.6973898715267686,0.579749720074325,104.46382903864168
0.8198953018793804,-1.8930649362871605,-0.8568254595050683,-0.6402442935292524,0.5994413421709578,0.23832537933894857,-30.3239230483944
-0.7563856345643036,0.002314852971022131,-1.8318802494372333,0.5754172763358186,-3.9229286300760755,-0.6448526834433681,-464.5525644218217
0.21882442458889123,-0.7008209611516141,1.0828990651091237,0.7003934134445331,-0.08289407029218816,1.7324932049397888,121.89488961728495
0.13079363113909517,1.0160774497062248,-0.9492817050666105,0.32721483959528297,1.0266920923757128,-1.551145197586939,-5.020080330510865
-0.32105837156539024,-0.7853617096352635,1.3265726166178529,-0.9786981403089461,-0.8518368527069897,0.2197504328245181,0.9530726340849753
-0.7521045691086149,-0.7567230658161682,1.1361083490441017,2.2178892594956356,0.2459434434058846,-1.199657128326609,-113.21073419797833
-0.3725454960798202,2.799456861528777,-0.35102611165668113,-0.6593078902038713,0.03713278290837114,1.1819497461203543,150.17502088800023
-0.7018986859096427,-1.2080357645305968,1.8054880180130262,-0.2354771790247115,-0.3868913915677219,-0.802061024533119,-42.51975835549679
-0.6745832345771032,1.1192445016066723,-0.17574081381551893,1.262140283488141,0.5665835285708394,-1.6467806075289764,-71.59877832124175
1.068281966408884,1.0018981397588878,0.8827851837361909,0.16244370850907044,-0.28441666222355166,-1.6836457010744232,-166.0237046240282
-1.1482712086507214,0.9826964857993299,0.12401177172309298,-0.2963364472886379,-0.6640381871738436,0.4938124858708684,-44.83335209909843
1.0930898190091713,0.7481781603238471,-0.4111453228627867,1.1660704881262105,-0.13129045715234802,-0.04491882741778253,-54.17353975115346
-0.25231291184597726,0.49083686381291197,-1.1739791799926642,0.2397960463376962,0.332449468275288,-0.2968369064595358,-51.08035051014441
-0.6610794771524482,0.6910440170889631,1.6200838671526279,-0.6440033053654696,-0.6516777464640452,-0.35100913406866685,-38.5389269571177
-1.489126913545568,0.634933185653236,-0.6144903689659776,-0.21068527968659764,-2.174001561680213,0.3809840709310848,-76.41724770265809
0.4660626003666779,0.10484203622952892,0.6675663161418951,-0.08945255113098563,1.0809945299074402,-0.40720018589699225,2.49440719882368
0.33295944683721795,0.04762524433874705,-0.3398342358637223,0.4987817447723156,-1.5871777863705145,-0.8776447759715071,-208.71814889166927
1.3979766808717138,-0.2712500701469285,-0.373969953213709,-0.3494341375169762,2.09299308477641,-0.45472126559703535,150.11208273576233
-0.14167951413716112,1.9365963394786228,0.5291990931083163,-0.594972826193489,0.773120114072557,-0.1495322712078345,181.8978569870174
-1.1019226486371443,-0.18936788275019997,0.7870251545220021,-0.09112568633296929,-0.1219993043054024,-0.1392368947840279,17.34646397012975
1.543971759577629,1.2914834710391903,-0.562794310934017,-1.2812281254703968,1.6069367168758484,-1.1564420473725894,167.05737104415215
0.0434023063928453,0.21281990751284363,-0.2471343960774804,-0.4923861378673984,0.48104119862589584,0.3663253083958909,83.8942468024618
0.3639083057356767,-2.1855149029639347,-0.22589816629453033,-0.5636926601323682,-0.10193802848068019,0.6583622196111607,-99.5562351633069
1.095038007460544,0.20606441476655124,-0.9270564126795722,0.004251955538695581,-0.5504123723045089,-1.6647422852952674,-101.64020472245328
0.4538258637117246,0.2434642579729415,0.7866235128065059,1.7051079479778433,1.4285274859505628,2.730407902559607,344.51174918151605
0.3355460464218242,1.914022019946995,0.45513893251673876,-0.6115289350218256,0.24091296288825959,-0.5550644789275948,221.09313068111345
1.9738423880779339,1.389449470931873,0.996125587008737,-0.8590953289513619,1.2080849676885612,1.9730162284742423,361.1822406322985
0.48808498498461955,0.8604096631581353,1.1756561551012834,-0.8615396370126893,0.32460413817097034,-0.8552175828277117,89.70019726505203
-0.7700089890932853,0.49297018693534134,-0.4141758911378288,0.22774564978157052,-0.8373669747453764,2.3087436706963267,141.4077177386783
-0.9283561048920753,0.3958767357035849,1.1861923159129895,-0.04227904531431963,0.6620477491720117,-0.14204686191450505,101.63035554550567
-2.0637294803761166,-0.3155388140169723,-2.047095208729366,-0.46661557394470426,0.3878210886805022,0.7504376301129837,15.571785871769215
0.6017166192408195,0.025255763979224542,-1.081048561004451,-3.2582756313145405,0.8403922374285743,-0.10964069624698358,1.9665315318381325
1.021056835916623,0.7581447055833853,-0.27238929301119685,1.0885953145339384,0.7056606386310642,0.4319389100868366,183.1925996142843
-0.040789260841090615,0.5640968426359325,2.1991965733315584,0.47029149726238423,-0.6445145120330206,-0.6106396912538498,41.45456281228741
-0.38714222531973075,0.14130005600865997,-0.16515781888516,0.5955616343797052,-0.5453366661190473,0.2277614136986118,-67.68857539235796
-0.14365104224018685,0.6210481064762895,-0.03185039496497649,0.13797541273917138,0.24676415621541045,0.9913409831867992,155.11815721819133
-0.031845229187140306,0.37827369065610783,0.05298980168820082,0.13318507931201118,-0.7198626652208382,0.08939170901237127,-31.783916610504736
0.015118904664809137,1.9009057102647033,-0.0903696210906692,0.41758744887283716,-1.0604876724939378,1.2836113587165179,107.66781589744019
0.015934650361534346,-0.07349931860111712,-0.19892421144210892,1.9717996586118327,-0.839664886768843,-0.8895564646218416,-183.9226722230143
1.4833276933386046,0.5756727147389545,-0.6851191625646846,-1.1263201593678749,-0.07199767257350316,0.991995058315857,58.441650055172474
-0.2728831042600159,0.5756623895833841,0.2155403225836821,0.4865879436860189,-0.3461739247057308,-0.0996733463692092,82.225252420044
0.6065442468067104,-2.7008229519190787,-0.5894586707244872,0.5828463592497042,1.6467797113426608,0.658781869639414,86.93663176226488
-1.4326861685059196,0.3262961964127813,-0.6583977065025596,0.5117770020613687,0.3837598175020838,1.1214434805243805,164.79421812449954
-2.0395224373261156,-2.348956945212385,1.2004240686315697,0.09038191222005275,-0.6734655679857633,0.7075814072280816,-114.17048271506142
0.18983776420603338,0.7093769326373485,-0.8120338115735543,-0.9025926276028605,1.90272453824603,-0.14197945562511674,12.69765528776388
-1.0035730495902964,2.3068019469711576,-1.178526946167781,-0.41250634018520815,2.12528675069794,-1.2280343614647378,169.2438227646257
-1.048738605130641,-0.12621315510843056,0.46329684952093936,0.36263695934124984,1.927299871948555,-0.7977533044205424,56.14346583267487
-0.026783758612683693,0.35872576707208514,-1.0915764177276543,-1.7694497970289118,0.19837143504479407,0.9019070807689059,94.97908715729672
-0.4081603695418234,-0.2866385583568383,0.8795184448107427,1.7931733638948324,1.004056544280173,1.008334074667398,258.6550798743014
0.62673869292139,-0.6474832812525789,1.4777902084081207,0.5700491985220242,0.4872601688451355,-1.0269974412926621,29.907294940294424
0.5395451226254685,-1.43382548755772,-0.7356468840494972,0.41324697336011534,-0.006260957852414485,-0.42693900703370624,-147.8224613828041
1.800365163661685,-0.16533882174300876,-0.46266790657707724,-0.43480568110740797,-0.58760900313765,-0.05150498646734651,-76.71908669892758
0.8834769331048243,2.26441309636587,0.6008032304407895,-1.7986027781404819,-0.3064569464518232,0.48444468891629544,137.87636216151222
0.005666687776340788,-0.7857490058924248,-1.0720393315855148,-0.4600666829704401,0.6551667496748836,0.10094195685232077,-17.85158378036435
0.1122123335364506,0.20706579402796155,0.38441062335342463,1.734616261569162,-0.19562785864475943,-0.24455977446146548,-64.5260167559055
-0.5426205855819615,0.10742323780092908,-1.3045156805909135,-1.1076713947332621,-0.16557754859483678,-0.18555259897064355,-19.516958998305725
1.5144520298444908,0.5526206589029091,-0.6570949540920993,1.4463670291142734,-1.0759601112843096,0.18025091743040889,75.90259848288356
1.5348087082187156,0.5986265558525055,0.10196842400856283,0.7608386353516886,-1.0283027936612938,0.4828071755912824,-48.49944937215225
0.21780375304278995,0.37598816440010235,-0.02319040275943923,0.6221064466443074,0.2597038103318007,-2.0404357618224074,-211.50554903601392
-0.19418644470372118,-1.1951501549923387,0.9998426827050593,0.24245816064649553,0.13468823762369433,-0.49061642778860143,-3.1518374769358886
0.7274956291685726,-0.5620264897401404,0.6089059953313767,0.23698840266274102,1.7475495950915905,-0.433259062327412,87.85615113298023
0.02573061103179273,0.34232056959107154,-1.28862406231912,-0.5313404995890942,0.6002293859998552,0.09191099996707647,-32.77903612814964
-0.6457644950482744,-0.17025813161603126,1.2875145433807977,-0.047647828963669286,-1.2669811212913222,1.5981135177472305,92.02912309839395
-0.1667596810917084,0.6478345808181927,-0.20553946983209556,-0.06552540063104366,-0.6513054419772438,-1.5704921611852476,-206.36696784798883
-0.02213451035917141,0.6161992337492684,0.861429665397375,0.33085601425403616,0.3456648900675786,-0.17026707746231268,37.799767944530856
-0.4247459836317173,-0.4198205012370428,-0.05598340298545189,1.020362410254867,-0.32401802848075006,-0.6912283280716861,-92.43645294533891
1.393718720552609,-1.4868137159944783,-0.04202754521203831,0.5823344681311354,0.9851180884439573,1.0919481569148535,35.06792718693883
1.063741662686355,0.19817361364320563,-0.5070897793823977,0.7971141397521497,-0.7871282836674407,-1.2463600842968832,-143.659059502508
0.11991345805906854,0.23614777810427764,0.5591909252872554,-0.6947506850904855,-0.7151054852343546,0.09891248369683737,-61.648013377155806
-0.4779072563357548,0.365031240557504,-0.23007305898813438,1.3878277641064565,0.1669775154721429,0.9059095676601677,65.96838551579307
-2.0273895747786046,-0.16961299434793015,-1.6766285696106622,-0.9908939201083438,-1.779484310739305,0.5226649256683952,-249.44941589189335
-0.022887344126214335,1.8483454265881436,-1.2494740005661733,-1.0635878447224312,-1.972543102910158,1.1055227386186863,-32.46746031254644
-2.290225687393595,-0.1476982980320984,-0.20389543703234664,0.27027247148099515,1.3773948715557653,0.059509617196018556,-21.65825350025012
-1.460572817620445,-0.1081505038708164,0.5191334648516266,-1.0062972548540048,-1.1267203795020726,-0.8994982785202434,-263.4563548188171
-0.7589579623172489,-1.0013789957435382,1.2938699298851315,0.17234662845798046,0.22765963995216934,2.816338960190995,190.8584963432657
0.4239813822822939,1.4940406749442643,-0.5543661716295178,-2.1071835285998963,0.8405336370130911,0.13304340019665256,92.71352865881141
-0.20937569173845658,0.8419694419125175,1.9659630729636186,-0.8674877061151907,0.635067205179021,-1.7420124126324366,-8.560056202169948
0.4007655265119715,-1.3823035110738309,-0.4979097469291036,0.7486564090525835,-0.44441629499685953,1.5025579302934486,52.33931573037831
-1.8454246414865942,-1.133236331228215,-1.1436727864235414,0.5568001550600795,0.5862133276059641,0.8174190267266577,36.777313755569
-0.9245437181623438,0.15540800233277763,-0.6524907900708633,-1.6109755874437357,-1.0013672841625376,0.07355817645199508,-182.0802403390677
-0.7463887725103592,0.28642840055044455,-1.1522775174545432,0.7516877364900845,1.0422155085773617,-1.6774154873751137,-118.88820753892313
0.7750529138499529,1.5182315752234927,-0.6380656298693309,0.5819232424662977,2.979106560281513,-1.221500551653028,120.93789559332475
-0.5018082244862747,1.6596477039251258,-0.8140424837619983,-1.1074795126841395,-0.34597307131191085,-1.3526003400445519,-142.2873072529468
0.37790485290359577,0.09942137898283628,-0.7556999534668032,1.298811490218406,-0.029313235075683737,0.16339610639475663,-61.589768164136856
-0.11125329854659706,-0.9551024822741864,-0.062163517485018506,0.10138333181978798,0.363214222198208,-0.497484098722298,-1.9327937453912938
-1.5292546532520848,-0.08904349517145413,0.15615127573559728,0.6903106067112302,-0.4052206135273391,-0.5801501145998367,-173.69750969105496
-0.8992073712689731,-0.19697328044421025,0.057941868898771634,-0.381240713221165,-0.8993180854763959,0.904550549851421,80.63120280848011
-1.4333536171136123,-0.7105334997419434,-0.043048749075074944,-0.07806365000408673,-0.9108547604239005,0.9302328997181365,13.898619031406994
-0.4192533964535628,-0.7115799972675736,1.4317546870709337,0.8618758804763235,-1.1053841461647642,0.9799781328051532,-24.76386431127426
0.40487281420733956,0.49030147028514215,-0.6852182220977504,0.37302384743905365,-0.49073976678282266,-0.4238591349713409,-93.68776336441914
-1.8105448691388646,-0.6286142122705937,0.16168697550300143,-1.1402331786967757,1.8433273259757093,-0.603568707250779,119.8399816813139
0.8294567582006228,0.447314411729107,-1.3522518356471245,0.5224534249407012,0.19357962285229033,-1.3347324603271409,-119.19391005460218
-1.4975723037252544,-0.8902116218474737,-0.6870028407687899,1.3830196032996283,-0.43488815882730353,-0.4710757006894171,-156.44577341966573
1.8267243129299606,0.9572075318272457,-0.407894007274057,0.5936674141857905,0.3424069032882369,1.4243588070698137,254.21045312488027
-0.7408626685941244,0.7609829628422761,-0.5097261451374945,-0.1462232455680195,-0.6191598130837855,-2.5611349212221373,-230.40160583485522
0.9576933133011494,-1.3585691957385817,-0.015797730846342624,-0.202254545419257,0.9419043225283726,-1.1235078956611209,3.9692619495388186
0.7213140514732204,-0.9954224168260117,-0.6265784635956836,0.39214256735589154,0.44754632765466074,0.14265715317503483,-65.88741523271017
-0.5416062773919542,0.4226257036932538,-0.8367061250284007,-0.314079312058687,1.5256102154037374,1.001476783119376,175.84936100515742
-0.5969083042371055,0.2948956253737832,-1.154116385858584,-0.07946138140316068,-1.196359100190357,-0.6298101713550311,-174.74999174029332
0.8611219616918067,0.4897958041353105,0.6921298024763565,0.15001345102412306,-1.5493680022444054,0.8512087507513235,-24.27257391872918
-0.17554465695236965,1.1935185182168118,0.3667711848390947,-0.4356064751704532,-0.33460925634462624,-0.38041137535499286,196.28973341478894
0.5721198273636618,1.5752040343989064,1.9104667134159221,-2.173639629707782,-0.6992201832798287,0.18475945483398343,142.34047024520095
1.5495849290357637,0.10794419906922366,-1.3797924359131644,1.1578687174723143,1.193093326372971,0.5625158652920931,111.9639876996366
0.3240208883797767,-1.3005680227330931,1.6813879515370518,-0.846874436574117,1.9172627633884953,-0.6944977624088233,4.355205458182823
-1.3214944012260688,1.0176026776747464,-1.1431172326078973,-0.31496797508525154,0.18564721828373143,-2.407399672886429,-223.02700288901605
-2.09279804008041,0.9678743376266151,-0.9919344555763607,0.006860391843689741,-0.034486784883181916,-0.592506313870565,-120.79288176860032
0.2610872449327258,1.2767747927680944,0.4553888695266188,0.12621071627662803,-0.3681021805880359,0.3670328646195111,58.541035696872335
-1.2205148382471318,1.6108511894513888,0.2764033372472377,-2.965792515697208,-0.036683854236418574,1.9951165880074055,199.2636167311698
0.11227643542704371,-0.3343737935845645,-0.9785217592558763,0.6528999452478199,0.051684382227766744,0.604697203178947,59.4668617802358
1.307568102714057,1.1046022625925935,0.34359370141227846,-0.008958844072861322,-1.470084727301153,0.09751694253024988,-12.101481939675306
0.05419887266521352,2.40530065147326,0.1114413696437377,0.09584664233571681,-0.8581273200579915,0.18727545210787702,165.26370130419468
0.6670098210390603,2.921683127909447,-0.9943462327187608,-0.7749109270558534,-1.4585737117792044,-0.8821003865218804,-168.5012270812499
-1.9737519178746228,0.6050788551263162,-0.10749328305305252,0.6622275609985159,-1.248354377301551,2.1091043019989884,93.43777099329486
0.4072991233950012,-0.09716089970103237,0.9497294350773531,0.5579394021815319,-1.0009147957589832,0.9181263494178696,72.57232257851993
1.3340776229054279,-0.1639243850499294,0.13927208175181727,0.6403948604896211,-0.11597149673121497,-0.07855815698436924,-29.26654174666575
0.4715643571617829,-0.9735605478238571,0.37819749370491407,-0.7073626715350904,-1.4349007901867386,-0.24199908425822522,-208.62638059274025
0.42326755127158355,1.3495773167189031,0.2522667479369274,0.22636430310812763,-0.6919008794504774,0.9182102240812622,161.7834192136947
1.1549461465261701,0.37889259626457183,-0.8753778962249233,-1.3318144105509588,0.8586383383585103,0.12282461803250312,37.8466214387525
-0.6677167295490154,1.1174149281235566,-0.2598598804492543,0.9451173999212809,-1.5774084240716235,-1.021063624370826,-207.41007333549717
0.7428340059210202,-0.3568270845079774,2.3032849398165793,-1.04884940254396,1.3313599846215078,0.8028981441952553,154.97203549954838
1.0340334273969558,0.005470511494353741,1.9552427031817516,-0.23356786395919998,-0.09150426834621887,-1.4307173538324476,12.031756115665807
-0.9667158844128018,0.9595346557723485,1.202609049278255,-1.2987342734441338,-0.028602115691517393,-1.0860566728261447,-152.07959403075853
-0.10904765542983416,-0.6783533875168218,-1.0064799385249792,0.09936091919702968,0.4751791030639993,-1.0683231414222145,-47.14837879670526
-0.7020316846113425,0.07879661038958732,-1.624719640556167,-1.0137106391964026,-0.15995603163849847,0.41899546610967237,-23.89585112981471
1.9984951489322476,-1.707832572242668,-0.35644197434052516,1.2044027898486565,-1.223822711337104,-0.5598075495983802,-141.8256882770931
-0.015080599284896804,-0.868454201571013,-0.2700078128477756,0.06329064306433248,-0.5574762568609678,-0.2207894817739582,-97.3323453931352
-0.07430654697544259,-0.5584850102468237,-0.05374889229050808,1.5353091945549526,0.3548272244264328,-1.2530654279180018,-144.38423217646056
1.6412061470618122,0.7806231192799192,-0.9729909862093398,0.1472546614403875,1.4975862014681098,0.20574480149476473,214.54739689823836
1.3181787096951347,-2.410128009664099,0.7812179603442001,0.1961624886800028,-0.43248059817155243,-0.4456968619773691,-155.7440357833554
-0.3243055185546213,1.7443960376345622,0.5555100689096666,-1.0078070903782232,-1.2615947349041208,0.5004451566199314,-8.093667976799587
-1.8570898081765792,-0.7779340523766488,0.29318767880364416,1.0578117902917263,0.7996024263324881,-0.20167549831402057,6.2695404133079755
-0.9052492421207444,-1.6430724213022512,-1.0989917967207397,0.9701523426604771,0.1624045428229606,2.2460579423987794,143.2762127942254
-1.2628432520955535,-1.3587456696481015,-0.7759727164486915,0.45951657228236403,0.622110775734036,-2.1773262679502343,-268.30368940007725
-2.063190592466253,0.6855754840697752,-0.36184896519667004,0.6060736441842047,2.0260518141631745,0.0956832223908385,45.262216114504156
-0.02231102034460659,2.5228365503372663,1.7335396151068916,1.7777182869016126,0.23106512717972588,-1.037894454342211,141.10361681124405
-0.1077596474749489,-0.018594030212517203,-0.6771769114766576,1.1963944631577166,0.8497715700735983,0.7380673817139342,57.83979530598029
0.4226982438436052,-1.6001227788465247,0.47945245464154945,-0.489953483802741,1.039764410124294,-0.5363516571883724,12.174763794152845
0.3534143182164006,-0.070593043034479,-0.22596416548573023,-2.209878949658835,0.8303437261478734,-0.8293151963026812,-41.6680180678486
0.5816452981700164,0.9844386941304861,1.636673021988874,0.005507856716113133,-0.9005228066065382,0.2039001209686063,121.06690036306135
1.6784979292293614,2.0746780779191942,0.7991675458457163,0.4767376267939514,0.4100106647765451,-0.7930488083007764,161.46395227099114
-0.6002784092900258,-0.6155934583946939,-0.7937795877431808,0.051964245292057905,0.836556990405765,0.404966086088265,76.51968948510135
-0.5350132567815766,-0.7894857092745143,2.000152154195346,0.8195053486311342,-0.7531441161217809,0.5715838844972302,58.19121934212225
-0.8348483822356776,1.074474933965227,0.25620790898954676,1.5300294739111548,0.21189151984796362,1.7644628020471964,270.2759090168279
-0.5781000449024382,0.10665870578711323,-0.3224056950405168,0.14371976708107898,1.5076484413728095,0.615098368715192,225.8981496263341
-0.23574990750813213,0.4991119951792543,-0.26878438289778195,-1.0668636869412746,1.1482317385553942,0.16406007209818202,96.59697879378
0.301752378689215,-0.653623338477124,-0.058137923648180434,1.0317916462474181,-0.9245883868630816,1.3794068215668072,61.40755560678875
-0.9928843379463779,-1.3851717577701324,0.13234341194938243,-0.7721882343834767,-0.05761093586449208,-1.008241271285316,-215.13917669430612
-0.9436150722222731,0.4693361977370991,-2.156666667889467,1.2585959450990691,-1.0883565251819187,0.17877765692102723,-123.49298231818281
-0.7585889143651676,1.1770406792139432,0.9372449142123377,2.1458257705491026,0.9179800827282981,0.5672166322407979,236.2842801876583
-0.854348298606515,0.6030711382067018,0.38373644058993883,-0.5789047924883218,-0.9475711028060773,1.0645809728725601,-24.37565257110976
-0.6936420670111674,-0.062008073750959194,-1.321847009563388,0.5044328811016559,0.17181803601857237,-0.572405428596422,-142.65278469381653
-0.24178951315436212,1.8110926205619586,0.04485191990542654,-0.2953536896957157,-1.1480503000064504,-0.39578782425597514,-26.785569236804605
-0.2917825879739813,-2.794728252250086,-2.174638411014416,-1.3577644554546828,-0.9320265107573528,-0.4547949782210388,-314.7271848391579
-0.9832254799469226,0.8233582793324478,-0.5494735078236062,-0.8126886852982624,-2.025028417879516,-0.9154932642734861,-413.1689863185826
0.031455159218371796,-1.3973474464438784,-1.1802391385910043,-0.13061415806230658,1.0521921096989637,-0.6644533770059998,-146.47563859903704
0.13764962927118699,0.2524975337409967,-0.6567066501891111,2.1460080866021403,0.5988654428062481,-0.6694011635197629,28.81286988180392
2.2063696327838263,0.4991779280275144,-0.6234560666883341,-0.5470722153600345,-0.695508937246068,-1.5076696634597586,-145.55070275713254
0.09296288355244584,-0.909766498520973,0.6894864473732761,-1.0932921390948396,-0.5660000103638401,1.5107066370168005,77.92680044614954
0.15225892063463184,1.9992938332281291,0.39023275114417394,0.5715635192815287,1.6246467898222554,0.42990124993530815,249.71660623231986
0.31141104914138573,1.3299395995135999,1.534215340705232,-0.4725810607937271,-3.4628153767384835,0.5457796484812374,-68.55273780265128
1.0612491669056983,-1.6312767778821549,0.6728974882642047,-0.9099529599484638,0.25037412211268245,1.522222874387462,94.96415857175278
0.7996102229944396,1.0214643734303537,1.0302962903139414,0.6455872053793194,0.08604236322417183,1.4109296136016467,198.71547721660903
-0.6575070776244443,-1.1497053662706849,-0.44685858474881923,0.7785522652883002,-0.9655492738277951,-0.32527664247697935,-92.97187763052713
-0.744855445929094,-0.6427984303259456,-1.7804536058046325,-0.3292252712579579,-1.0689414089602305,-1.7296006633560324,-394.25680778917655
-0.46760857534573924,-1.9511788101922742,0.5495202114130655,-0.21445817508679432,-0.8117323174689234,1.0212134251464509,15.631425510022233
-0.1209956562940495,-0.22572940361493943,-2.0546922243618355,1.434527656612879,-0.5650676542729233,0.5836328915725814,-108.45796329943752
-0.16716040436688717,-0.389051628482402,-0.7441482089128061,1.4109345232129133,-0.5710616251160312,2.941348718272261,214.41834635291445
0.9424147153757326,-0.4242133508542518,0.9766833577485112,-0.37576496147024274,1.2406516359639685,-0.6192299829986431,82.34848991522618
-0.15643842736226352,-1.5017681519669042,0.5034086169697574,-0.4776224522411308,1.5125658707574348,0.03303774005170576,27.588416352509793
-0.1829821993496152,0.41683569369681284,-0.3304093392356503,-0.5250773239782126,-1.315745411966663,-0.7162128830142513,-114.16452452706959
1.2794571988170855,-1.2684031915563707,0.4747308381950607,-1.0214872197332445,0.26754992553231366,-0.6570692124511587,-78.1335237941424
0.4735043862579063,0.8166179261598178,1.4188614659475445,0.029878947675143208,-0.9421157057647338,-0.173678331090924,85.41988701910392
-1.8571236029026732,-1.5968328756119976,0.3742198954571978,-1.6825143069883812,1.593219288597476,0.5389988095339769,64.5156712731535
1.5758379000469247,-0.040224236908472655,-0.4146418927328281,-1.9471555989035478,1.4766611756068402,1.058892401687298,227.22852911018893
0.3981480765670132,-0.9444942719947335,0.8238283077055415,0.009257216738661768,0.3022995091880442,1.027200054712597,118.77664489782606
0.2227066556871932,-1.486247635596155,-2.54188994556596,-1.8239518212806753,-0.7563931526596063,-0.22950702879965132,-252.20092398810866
-0.14043410582699847,-0.6070112233769489,-0.2850304897124143,-0.4207299184832548,0.32330505755602845,-1.5776592155000964,-252.50022947866043
1.016254184034148,-1.6781957571218318,0.08790757517137822,0.13716635803966684,0.8414162499871116,0.7975127400281938,95.03595985888404
0.2635851442565951,-0.1649145709636796,1.9474059283190452,2.079390054035308,-0.47253060253120055,1.0947013700368082,164.03933504922054
-0.5015150386357909,0.018890047831337395,1.5171308488504887,1.1458649739456783,-1.0315151255222308,-0.49057729028370145,-7.320480315239358
-0.5016161603801633,0.6133792630512198,-0.37143304273872224,1.9156229717526034,0.6062010054454403,0.3953862335332906,130.37223119702105
2.005833542752006,-0.1842212241298698,-0.187456490334125,-2.1254830335846413,-0.4944000629940604,1.019978642108637,-6.370704598740055
-1.9513513649574197,0.24650940115392078,-0.6003084350235977,0.4387293053261556,-0.1748352279537216,-0.6555425837426522,-133.58321783006545
0.27955691022482987,0.004930825060745677,0.9342396947896577,0.25020803661172997,0.8851025156766839,0.4611820601219816,196.25484898062206
1.3520518556719523,-0.3528251682112197,-1.3225405630490192,-0.7253776075094016,-0.9437105423594802,0.63322767650103,-59.507221796201854
-0.37368179367380955,1.2685165295132967,1.3782011041051243,-0.33667940057840984,-2.068591677307985,-0.6361470636457202,-128.0025926379289
-0.8091278098850231,-0.7246816388247915,0.4000009055032619,-2.199146026612415,-0.17798400633980355,-0.9340710030492769,-95.43165614300423
-0.4270072660730563,-1.830582196654196,-0.15993050716224788,0.3677026002173151,-0.4793502475038989,-0.5333827658613739,-252.20754227904473
-0.21051138229103525,-0.015293188840295046,0.2928758741243699,-0.8955194373916455,0.534631544695892,0.24031701048175338,9.417062259231606
0.7081663995616192,2.129787801603442,-0.10857076340480108,0.6579864377898894,0.4224426495036824,-1.1138309394971513,21.985383420146974
1.6472643018982047,-0.14814906864751973,-0.8075527863917576,0.6783843036982147,-0.8024178864178043,-1.0823912219180662,-114.55684088058541
1.2164923997174386,-0.5345374084109598,-0.25490282161026584,1.5211619117739628,0.8985726034511611,0.7678069627065562,162.61823225756723
0.29055016863863264,-0.4818491837421006,0.5161806720262971,0.10859258973849875,1.0856696755186166,0.5846093390351647,163.5845240195447
-1.0380862490859808,1.0869817272964613,0.3409187207301798,-1.9712166837425646,-0.5191491234603015,-2.3541997737540865,-244.59916292906075
-1.0515921268894608,0.2759976416134905,-0.48438850301886177,-1.2531843232302022,1.4207968968917952,-1.411009198269658,-82.10992089329828
-0.7332112590245203,1.3095499152573602,-1.4520386828223295,-0.348670468703806,-0.13421236232789444,0.8401330259002222,0.036464606730895355
-0.5997434677548922,-0.5232054646170144,1.021068274355139,0.250595810226395,1.634619618428644,0.9211050057067763,204.43154566596854
-0.2507898419551103,1.3392949356472295,-1.8846585731914813,-0.6877624247732439,-0.2636705952255446,0.4907449887700842,-92.00250426215341
-0.6694348623982098,-1.2679424905682217,1.8101861018312848,-1.2974742053822155,-0.43517371455956766,-0.36320966973999824,-86.08121814916139
-0.9592081253772946,-0.7211048019509974,0.02016715754327023,-0.39765870173637813,2.7645520228645553,-0.28468653581041,146.2752021411882
1.2321537245721823,-0.37061438657591345,0.012134785423502072,-0.36902288303620917,-0.07287034470956602,-0.1457799012291167,41.52007654412402
-1.062968308606611,-1.2498911347858053,0.26035928998993363,-0.9048680891652557,-0.36630934168193274,-0.9579691019630237,-130.27160849355397
-1.2932643873117835,-0.7968064644421443,0.7186912644758298,-0.25263976351289763,0.17683482017803584,-2.4752715203651268,-305.69135634141116
0.5053025803736294,-0.9719509443332929,-0.2534688962717869,0.8833930948781981,0.877355519923829,2.1268982688769014,320.8942995372705
0.9126341594394402,0.11598966313441657,-0.96047549483808,-0.20212212073207358,-0.47946357224956704,0.057264899786544136,-93.76281040335968
0.4086556017311317,0.03283077973774146,0.33136963144098486,0.07415839717859289,1.0540199370270888,-0.2551981846340079,126.44457186433495
0.09777398342615712,0.40068198874026656,-0.8416758987710543,0.35724435570456314,-0.727554822229598,-0.3461179093092705,-99.57077736953369
-0.509965352077496,2.278977435304772,0.5954999795188788,-0.3428958372420059,0.04403550904673823,-0.3058384192219507,112.77831647392492
2.0265749126300507,0.5661979087845362,0.598052254919528,-1.6489441233773947,0.34504302303168566,-0.2587569690818059,75.95582877111589
1.231733828388346,-1.1206559592832437,0.9029834577706164,-2.5644579828945893,-0.5315385383659019,-0.5119132222859912,-124.7471680187439
-1.4247169933461072,0.05057612836950645,0.2218947983572146,-1.270896415297828,-0.6347611163747567,-0.2181918133535359,-179.89110261500014
-0.4480069227358132,0.16007297488004543,-0.14428241982721393,-0.5341704356420441,-1.0549929721788331,1.9358583025920353,111.27042399719994
0.7488487937487591,1.1645931170794697,-0.51651499678444,-0.44014000402799075,0.8076159089595641,1.4009329146732212,166.7490064887673
0.2222447044181963,1.2049616076237428,0.15863822108501438,-0.4342176410393131,-0.8249715226108779,0.3300128926493953,26.53197517636542
-0.013870050533981161,-1.0192309800617008,-0.4989412808443663,0.8154490864968154,-1.348294522008715,-0.3196173203428737,-223.57388626262411
1.6457511496627093,0.03221380065956806,1.5271356648172298,-0.2158465196207179,0.5393222078211479,0.4389356908169622,167.84163464371883
1.4609419733384577,0.15228098237527293,0.9688019531482923,-0.2843380417022092,0.73563304182803,1.1858537667466555,266.330190723981
-2.1329557510113593,0.14999213936513728,-0.6460463629941999,-1.4495208468179734,1.0950095884203803,0.5424464386576797,23.810635567910733
-1.680728421309217,2.2684757474741195,1.552804961514113,0.14428463229759894,-1.1235790086385624,-3.1641033643173015,-213.01023205117275
-0.5315329769835249,-0.5586379262373583,-0.5571973748291932,-1.0669384644938227,-0.7820145572130588,-0.14548747648687854,-107.90383505714232
0.9427797926521294,-0.4893555244776139,0.21108133331909873,0.1623135598444855,-0.13680490836668632,-2.4505112958548056,-242.68379313350266
-0.10300470094507878,1.737218806524847,0.01277158884438125,0.48182036598969225,-0.43039222841297176,1.3212442015115295,180.9862799721504
0.8243986362598354,-1.1015772200083356,1.7710153190505462,0.6245392183044107,1.15108108051509,-0.5494667018846104,66.90455848035177
-1.0612041385047244,0.12977951059435394,-2.374503867851201,-1.4119430477295853,-1.004271326993205,-0.158552471765318,-146.81039948143479
-0.40769914177251115,0.358273164509789,0.41113500790739155,-1.6186584047368122,-0.2547896297801948,-0.7785380057340807,-176.29175109537263
0.21937582076648898,1.1177262519743998,-0.8595248009947795,-0.10508791349159742,0.04020719134786932,-0.43404995687805675,-47.25610615187363
0.14407459319206073,0.2958715600200694,0.6425393344651019,0.5635287265950076,1.9261905550222045,0.9620768646178269,197.92760753091727
-1.850060080663482,-0.003470643908295754,1.7205324758012064,-1.2851890639639336,-1.533981839613628,0.27979443907318413,-57.20238224223928
1.0211521671111767,0.34509253602002726,-0.6412176201299559,0.6404853122218372,0.26551110224405894,0.5235814249998967,223.6378752722385
-0.09935115886742013,-0.1797597214506966,0.7346615858676995,-0.008863584417265525,-1.9846696746298067,-0.45897161701207595,-192.54419045070392
-0.29361833509028623,-0.9808952007337745,-0.44721002264561366,-1.2028358944042998,0.7001856734227367,0.06266493703383093,-9.743906174633487
-0.001098498068093671,0.6973599380132924,-1.1201325501225536,-0.07257705521144528,-1.3240039222746154,1.2085580021293933,-50.014265166186505
-1.6900036842958555,-2.069897970188812,-0.6850847497693937,-0.07251030904783798,-0.9471353845769672,0.2801602722876021,-253.50115523814236
1.5674399812668327,1.4784679143865507,-0.5480203021757745,0.12199549486246271,-0.4526428177600639,-1.0101891962649223,-48.43231990258087
-0.32190736874485304,0.929597301154992,0.4185175129327007,-1.1673642375821405,1.0500567142121486,-0.11456981601100498,128.868106134981
1.122271248957135,-0.2881617705870493,0.7013420155153834,-0.06586547847992796,-2.4936640445786544,1.1861365012603489,-96.464227898062
-0.042373042151601155,0.8094395715023742,-0.8214549885371077,0.46661980692051724,0.5052294223961481,-1.050779279945982,-23.741820692524378
-0.5449862777164375,1.826096508067782,-0.2675216962192544,-0.40516482534972403,1.0256071043500323,-0.16855622488317248,84.70395585766323
-0.5305636567221245,-0.7454224732277104,-1.3357353482677277,0.39544106452406874,0.2891899753182818,0.45663126270945054,18.60630106169549
-1.623029523677927,0.46304364283459964,0.4710793145277028,0.17534975912526124,-0.5163917234343376,-0.3069199267522476,23.57139827234026
-1.2246006229476611,-0.41145266090252475,1.0995982010628853,-0.09087114951851305,0.010511503103272535,0.10087312223995015,9.207883089404609
-0.48974659369665585,1.061798715473397,-0.16703709685876633,0.0018387128351540925,0.9880560138068142,1.7224403063493967,271.6094326518948
-0.8673201247198122,0.927829896826048,0.5398493784138086,-0.6435902734855353,-1.1574634156878547,-1.5589727230536423,-158.50710695285696
-0.17439485165364868,1.2080725616877381,0.5068784563073827,-0.25041086361362,0.735091180227517,-1.37531435812903,-21.067412265909304
-0.3798249088479243,-1.7281758453182754,-0.8586604269735468,-0.35551510469821196,0.45993072508041605,-0.8989575331467251,-236.9166352900358
-1.0330785538157594,-0.2271243320913642,-0.9949606908948537,0.5376962621692588,-1.1310975047264729,-0.649815706351098,-150.520371941121
0.45927476405445167,0.34400598829449974,0.023621640525735822,0.31905129433755386,1.027332598124008,0.32546695248462476,180.06869293553007
-0.8104992097547974,-1.0833658964003021,0.11805702134277803,-1.31242127332214,0.19885157698228886,-0.07935392364449463,-92.88552174096756
-0.4166496389926268,-0.3354621923116171,0.7564626768164031,-0.5744283171409283,0.42620423933244445,0.8744859137058716,98.92583584940644
0.7497369261472673,-0.7075045210871248,0.6569501877519515,-1.227935138996682,2.6410615841508083,0.35128518619657456,182.69549625035526
0.947093327025755,0.5520281423264404,0.08953692618682471,-0.30891448551991596,-1.3277117628212858,-0.2867258723968612,-172.4340641869269
2.227210287217753,-1.5446072902708028,1.0486204973809816,0.09188159819431722,-0.8206802485492914,0.14447743986775596,22.121824010297132
-0.027689282611687373,1.5727690809359032,0.0291252700497201,0.47451640054877264,-1.2539713838905866,-0.39556491903036833,-41.63471306945373
-0.2024111042365202,0.22446904724408379,1.333738240766162,0.9354932832025452,-0.5239272118054865,0.3638976106602086,44.24499362380628
1.4302285425794266,0.7688810377561708,0.04579282537320675,0.10666714015354115,1.5559077249404831,1.1376771462076805,297.2869645041736
-0.6773357849775414,0.6656716245725375,-0.3272258458335824,-1.842595336087576,-0.9043645093356694,-2.676846724962757,-325.0830127813391
-1.230493511496171,0.6584382560037063,-1.3473575075259772,0.4541025733465013,1.6943482038258448,-1.6445436445680521,-71.45623714961152
-0.09028062142245086,-0.020249318186620943,0.3358323456820536,-0.015620371735964643,0.8324974629571161,0.006832039326281744,12.919332670496388
-0.05188977635022471,0.35888446113833183,1.4548388165871298,-0.473698372662145,-0.06398601921824783,-0.5602355609936083,72.33202163736959
-1.5465417672883384,0.6264103373855927,0.06866158064037003,-1.1591537347781877,0.27641897995085046,-1.262861513000907,-205.01111016273103
0.2704332895099302,-0.8700390815578586,-0.09528257494224725,0.1644380656799086,1.3448948882571665,-1.5837439383390393,-115.0305750040778
0.8715767593357598,1.2018694309644373,0.014739081974248938,-0.5436954407945357,0.7758508305629512,-1.1393322560580432,102.15842072365321
0.9951989931289765,0.4082633736182302,0.31622693817679387,-1.0068762891393077,1.6079960575441006,1.1424790859236664,323.8890440640526
-0.6189502502380062,-0.008856762196101948,0.7854322856842086,0.22142553612241628,1.7082713074249694,0.6152775799513844,237.0360194344363
0.3814174276184487,0.04975418838717616,-1.0003553192867598,-0.7957358334991044,-0.40726867104062514,-0.5535310574987529,-177.55292258069056
-0.3977083579580059,-0.6539696298206059,-1.0260387489527534,1.7004110794789509,0.48854319448662453,0.7787647436882343,45.507197297958385
-0.8618966398552697,-1.4374503271422474,-0.7407229264291498,0.21132618463561834,1.6396470368178477,-1.565496842099687,-205.50555869379406
-0.16056981821639643,-0.8765143468769926,-0.4665931971451213,-0.3317654837438744,0.6026327520758371,0.8470526976382117,-38.17750421345894
0.7504059775233239,0.34793496592709905,0.7965849591792263,0.02602332417564585,-0.4631708871432523,1.6540637065577672,271.25335590585814
0.22954140085111766,0.20640217195180968,1.7009030386060664,0.6343021552753919,-0.5046469543480978,-0.0413382865960907,107.95238047311906
0.5435276727412762,0.6212584638277809,0.11419979592622359,2.233705939239828,-0.21524902834844184,0.03830240378012387,70.1938041510528
1.7020596608955019,0.8782910305895217,0.2988200269297776,-0.3547531327082582,0.3157071918537546,-0.22888629426800208,41.00704478003191
1.0406033192035762,-0.0530599377985401,0.3839508696844067,-0.7206584592248477,1.2515279112994229,0.061225971045136544,152.50919935565784
-0.32977143178216145,-0.49727537344414346,-0.41228530886370823,-0.28829599782750603,-1.9518854047777634,0.7000268286251257,-127.88635459892997
1.4837344670031696,-0.0910447317045507,-1.2903120831930492,-0.15689331786506566,0.34510521590184356,1.187014945203495,92.33016164321373
-0.2539721564643913,-2.248264135561221,-1.3294748387654238,1.47335394294638,0.72499709570465,-0.12361508678144609,17.80054281579106
-0.2692215623776217,-3.1271457881082307,0.38400687254644766,1.074240668016381,0.7818672135361925,0.6290199161289752,-64.81318702583481
-0.40011260418896877,-0.5952503748584056,0.9815327171516298,2.359223040947293,-1.4703437517097615,1.0135304744003948,-22.515006953598075
0.9015933494523178,-1.692411736686215,0.02770937137486126,-1.4348606970452247,-1.134917361220772,0.8912544027760143,-83.16625570392564
1.1475275452522762,-0.3938333501977496,1.7641325515559583,1.4441085760473962,1.495904795757255,-1.4743189302385828,30.906821604888734
-0.9200458295313291,0.5561749459700204,0.16850301979731275,0.9990278505926105,-0.6695145164269374,0.6797407849861197,131.2575530370055
0.5746534029104834,-0.8420279278613351,-1.0602485367101346,0.44916072200307033,-0.5313651493623752,0.7017364705613478,-35.74372007413046
-1.0048656045382407,0.30406730910368757,0.21834289811814228,1.5898563363772091,0.7321316253897866,1.0961526422594874,139.74656075629534
-1.4238339675722027,0.6672179113525785,-1.5008206977146308,-0.830045517606652,0.4714750923917639,0.8372443208481729,-0.3796635999526359
0.19337444725273997,0.27047148079094024,0.9213157758413353,-0.4007636796428898,-1.011153737894595,-0.2786183803743615,-159.09003282044864
0.8841488695637238,-0.4317077953004156,1.7616626778073667,-1.7110487572463504,-0.45989740836805576,-0.020145106085694753,24.436889461557744
-0.0018788720521920328,-0.4708775104977312,-0.9237978120733894,-0.7985252359854492,-0.11738406801860554,-0.051892349346057014,-125.79451033578644
0.41952483969192916,-0.28776945306288926,0.22060396245140002,0.42151029277610913,0.6993118019573518,-0.33967855679969566,140.0668567723465
0.1432101169145772,-1.8688831720346601,1.8477984522178155,1.9259888724406462,1.3729386412731475,0.2478524394927367,123.59420151816467
-1.0647985757631462,0.22637694362942,1.5793878700905264,-0.8579013336199236,0.6596191190288672,-0.33812261537743077,66.08271470711131
0.5619040527361053,-0.4710949713907991,-0.23700589866264773,-0.10052544950974306,-1.0554860571483613,-1.266746896684477,-334.89093635138755
1.9348336238340722,-0.4217424139928238,-0.6993500956579212,0.42797393961930547,0.4423619772539056,1.0904120593334472,73.37770934784905
-0.4267440735609068,1.4236513425021278,0.21673459642669568,-0.6927650922044883,-0.5113550584150383,3.3917250283784925,273.28767982899024
0.068122516981882,1.294788729757391,1.4623926749946368,0.4625100330548246,0.07505864141363489,-0.5513875944875855,112.75220807036368
2.424970806455251,0.4489358727362332,0.04290288128590541,0.3431170035276299,0.778924570507594,1.7020588815061881,263.7081919858558
-0.6437432551499657,-0.34521467877307443,0.1099913654786716,-0.17770646277363186,0.058429823778286705,0.5227074445567548,18.723634839434485
1.1813532544402194,1.290924657158721,0.1399010000352732,-1.6237687734771793,-0.20350769101010485,0.018498374932141348,91.99094146137743
-0.37013252058288876,0.1333168714842996,-0.18818780238382762,0.1263535992383044,-0.8179066871552173,0.39219141264481655,-55.40431129387178
1.2056670650132457,-0.3375383060846578,0.8249006862587505,-1.0925567480021465,-0.8789657168842153,-0.1359484375517289,59.20010456953692
-0.33615256537925964,0.6400897506539556,0.02661937152979878,0.1230201853086847,-0.4032680186902175,2.3421030059376955,236.3150608773514
1.0111829968370591,-1.0690101022461653,-0.41634948258545595,0.6796369626751183,-0.3911807010070483,0.8162051489135931,-29.47837704290179
-0.7294428658651804,1.0026177759413493,1.0239612384673868,-0.2942834365603269,0.534718288959294,-0.3945810692924958,96.31889129942921
0.06412315103911458,-1.0372692948444056,0.8774561520601141,0.6614739763316262,-0.6509059667010477,0.4149246669296831,44.356018216010376
-0.3777912704640593,1.1375767262888936,-0.9247803170659481,0.7302416341381376,-1.433635220415756,0.8642761343834611,21.508991105312813
-0.35720364097795965,-0.5525254812976188,-0.12885650600292187,-1.9225307111889147,1.3076062828617308,-0.2064332256120145,-15.485004663346459
0.6775696736232036,1.148165984721298,0.4705557194766257,-0.215722932835726,0.452969181853925,-0.8945236581829026,96.15172459703469
0.8507664348258616,0.11018640289099131,-1.03896946351442,0.04714269115415825,-0.4604984921290605,1.5083788444772497,17.75489626530883
0.2328905208231429,-1.573942640666204,1.2114490472764483,0.7273208838991153,-0.6974478530933772,0.03596300218305645,-11.86429902110158
-0.1740991411055549,-2.3143151210852384,-0.2521175178970098,-0.1457888530481412,-0.6748810740442538,-0.3048050193909893,-183.51728112127324
1.041373864209173,-0.6640890128042963,-0.9235994452209001,-1.0128059937581875,0.7593133392390593,0.14200042996520063,-40.430369418782206
-0.0928615143297608,1.1242780298095725,1.0785775522142078,-0.5879473246057196,0.818986432094514,1.8568487811541918,290.82295442864773
-0.30105547565336593,1.044416516984413,1.3360181774490956,0.06320088961649592,1.0143547123393217,-0.10004758761169572,232.87352962983616
-1.420639850851889,0.8552123330477447,-1.566482052600284,0.4847636322798988,0.014344101779287365,0.3151882027291363,15.189045697397468
0.001626029024202424,-0.5045736411361594,0.5202994935987921,0.3598507270262431,0.14557050810941635,1.1836653719684378,229.18071430324414
0.6947442490338255,-0.6231924036338904,-0.868405976132742,0.9879037338270402,-0.33110208446461226,-0.7806383762997299,-136.72132996127417
0.3918551547898288,0.30256246877245185,-1.1133867702996108,-0.7517223038484665,-0.6040045911174168,-0.031530952147148815,-124.74015112786876
0.9920097241958011,0.26602358144983035,-1.3159407840961403,0.28725626010266847,-0.19273049541068346,0.8667824165418885,50.62926837023148
1.6598453666075192,-0.4399921174104581,0.06853020390238462,1.5129580299611842,-0.017515613893736792,-0.8458704720365545,-46.69571719029701
1.1147476500154765,-0.5700390318226005,2.6819737153216097,-0.9872013550831632,0.45664643819548795,-0.13822300733564635,182.07725624019972
0.18499717060748905,0.0891845873933348,1.0009974625986324,-0.46103697888705625,-0.804847964198993,1.2724387013755316,102.02536289891107
-1.8258176042560164,0.5949088618155357,0.12325478294061944,1.1618110014393996,-0.4496431400716414,0.34293040033003447,31.444584898316208
-1.4163112126183048,1.6006657223170215,-1.534969260333294,-0.31023726408464725,0.34524333083690567,-0.6781364702452923,-61.499071833054636
0.436173840129291,0.08377607690673622,0.16093039830737876,-0.12060679941934312,0.6265550247691425,1.4017417000240548,237.45258280647678
-1.1546499101087175,-2.2427170501248965,0.030299193448035226,2.324238557986125,1.53722872729111,-1.2782732079362664,-106.8746133967672
0.0034866665222882476,0.8023709419217576,1.1857876153149682,0.5509522995687659,-0.8694699406855291,1.3244548961363702,175.44568419824085
-0.5123640442574485,1.1433491788025116,-0.5653985445403856,0.784841854980024,0.34805067977878357,-0.9875242684319985,-29.727986829390282
-0.9898274069266487,-1.2021854318164478,0.7092892626810543,0.5245894020231594,-1.354602388154862,-0.050503214293042005,-163.1090865578198
0.4814200044939048,-0.5004095624657298,-0.7760465677437208,-2.1467559033172265,0.23130893704765265,0.5234705722501215,30.810393735941457
1.971498998675534,-0.8611653256780943,1.0913809073524199,-0.5472887916082235,-1.1292894830999654,-1.5179905230688855,-196.42111049345593
-1.161992713163379,-0.18105821399323616,0.705764559732808,-0.1625071763474348,-0.021484313984396042,0.5236825256122075,-3.1713298723033176
0.23376790820780016,-1.2928924701982838,-1.4238837484637092,-0.12592207423714727,0.45801366932771853,1.0260995684393213,-90.43328676921809
0.41892781663039236,0.13856101944584015,2.6637439994947067,0.6193086969631139,-2.2006663221541487,1.1282083620807084,97.65861670273355
0.2734387298100636,-2.0910923940915485,-1.1792692444317565,1.608278344781643,-0.006867627363612447,1.5671382447520867,29.09111101475726
-0.0877572432289787,-1.5509861926821447,-1.4410052208741924,-0.7677717420852358,-0.43447777000137056,-0.04871844944246036,-193.9746607411284
1.1210842673528114,0.5107559058526965,0.11454314900880198,0.3591371310762765,0.20406065853264538,0.14839087938777104,59.3847080315398
-1.5539472178873215,1.9037984856154926,1.3323845940871277,0.3582787345329891,-0.750125861962341,0.1101917996740744,144.86177319730322
-0.36719524561426514,-0.7122637966643759,-1.0574038629621065,-0.7301786504846224,2.1164792955041727,0.7477670103434452,88.86229483619826
0.15243797855105307,-0.32675206570521353,1.49309723807623,0.0016858658149208076,-0.6372303742160067,0.9574743495814655,137.39062716525686
2.0378393931985905,0.03125766402258525,-0.16998895876591502,0.3050511608251233,-1.4394145754616696,-0.8354083553109314,-143.65339815314522
0.6957266678809135,-0.3191254058624965,-1.063800232404778,0.5905145816530235,-1.9872789670082134,0.7158369804189755,-108.68574880580819
-0.7831379247401322,-0.35765403568727105,-0.04744441699150418,-0.8345469058017017,1.5906382036354947,-1.4682874037524742,-60.416992941135334
1.085004899178047,-1.0037413155081025,-1.0796565615980418,-1.5074934470758745,1.5299535543326594,1.225534865764344,158.2302368183944
-0.8482295645928244,0.5714487148639712,-1.2827902145135208,1.4080755655044463,-1.4308809706531072,0.5656886022119839,-5.759349652520271
-0.022473391771970396,-0.43542849512000087,-0.4502226931147437,0.08871644486632338,-0.4131863067275859,0.925305113867632,56.0374098673187
0.5290193031834144,1.7873594161131467,-0.751239698679509,-0.7418188856259882,-0.015812093676002142,0.17196368379713037,16.014264005986547
0.7465982774374101,-0.7289881484669781,-0.870195126302419,0.5515842146647545,-0.19164262720527198,0.32660155523872153,-64.45537094676969
-1.2603902572733507,1.4522146792996118,1.88809632366508,-1.1033392938655553,-0.6296033203295917,-1.1255052905030745,-72.96569736498131
-1.0078052982134307,-0.07595379491957084,1.6933984117583343,-0.2124637553278737,0.03309410100219271,-0.3878692056094327,17.976586584342925
-0.8681507068868967,-1.2183830738085717,-0.6733666858459361,1.3948647758387942,-0.9679097721531451,-0.5161274509585547,-210.65287272516085
-1.330556442765294,-1.2542414458828572,0.5898830748521009,-0.17154187091270418,-1.0457219367246022,-0.8180137622808602,-279.6388703141727
0.5271578931901276,2.2872276124797297,0.34070923959339616,0.11361024253919963,1.695221639183653,1.3292209327383138,424.70792014723344
0.31507049222070993,0.6567666302324056,-0.21821972317401886,1.0718140750769583,0.3733661279594624,0.11921067672978218,103.42631655329677
-0.6878922898142632,-0.907950465672344,-0.1345363053498327,0.3324905165539548,-0.13486433070086337,1.1747007695702059,-26.474096560872248
-0.28124995210118203,-1.36820175649747,0.45423449571880486,-0.4584606122658227,1.6666662571514854,1.3115407582961354,263.7489238258421
0.8486246776704768,-1.8619629414836831,0.4887636711578417,-2.4484942196984094,0.5536818240609026,-0.34392324386204476,-125.627482626335
0.10070178452970535,-0.5424137459535667,-0.9013321126970086,0.008363304686470953,-0.1757855768669457,-1.1063734349752128,-95.11979009217953
2.310045667176895,0.1764694377324925,-1.0302761615375569,-0.48813119155968115,-0.13839756698163402,0.8398921874005427,40.859448340294676
1.5347351563193323,-0.8133928335757883,-0.09969195754164159,-0.5420898014717934,0.9223370630441087,-0.4164543769948488,88.00475703986658
-2.0148702364553834,0.5276837012256862,-0.8523537209460021,-1.5397868183065477,-1.1253928204632266,0.1453773358270779,-135.11287085468544
1.3823969560593128,-1.630655528196632,0.7576966699621828,-2.1078889716181446,0.06501552371451173,0.1690796665677596,-23.45712418871417
-0.7467105108093435,0.16677618540900085,0.14533570583212635,-0.904938515666906,-0.10589891238728957,-0.3761669146309642,4.076569393062975
0.0223084634361377,-0.4246943161537387,-0.8608365861988901,0.856214260015393,-1.0312679441401673,-0.4443746634194884,-212.88188217428333
-0.09093246230179688,-0.5468941312257163,-0.7112299953507083,-0.23829857993099984,-1.3205049756831808,0.3497016133712033,-103.95230498404197
0.40376450126021945,1.2729880745486004,-1.0393023874826706,0.5336182140948283,-0.27907241011979617,0.41317133745689794,93.11762548352425
0.659054373317942,-0.20425606099075472,1.1771649096857177,-0.4824139872276496,-0.9493906986284483,-1.5289609141387819,-107.6224227801611
-0.9703598754348292,-1.0484402333409943,0.7336844900179347,-1.0923804579822354,-1.2558526478898488,1.1414592522231246,-47.71682202083187
0.9731602103539578,-0.4249326757844969,-0.7011034217032952,0.986491520283357,1.5323830582687283,-0.4782221054649651,90.6435708797868
-2.1355786255770886,0.8066977458662721,-0.3471232559742392,0.23099210443587556,1.2500830756588948,-0.800120836443616,6.952070290829797
-1.1438392120180092,0.7251203462255171,-0.45973664501111156,-1.3119952389464251,-0.6049620767169764,-0.8482966617695006,-149.43267754222848
-0.25229735597728925,-1.4160676626258084,0.732919866222539,-0.3239160359041336,0.5544598503530457,0.4411277307116124,89.14573618941323
0.5558635955103998,-0.23895620388862304,0.44078029014154746,0.7232805646351326,0.7672322752250763,-0.8169065297908983,49.973802805726244
0.6062960735691377,0.4422184995351379,0.038176041224309565,0.39537387370045074,-1.3150817383238744,-1.8260329355188734,-267.1836510924272
1.7441841643522908,-0.566573138544354,-0.9830648178611674,-1.972910707610455,-0.5462120191735504,-0.1585892373812459,-29.415885101782166
-0.14789875556421184,-0.48975335659485325,-1.0831027331275394,1.6319485843264427,0.8620036575723985,-0.4695690883531652,14.386848352234871
0.7221079912285573,-0.8377539102788207,0.5665996060811993,-1.166197170878432,-0.08251228441981649,0.5193979244388106,24.966587020675664
1.138222424068636,0.14201342676097253,1.3857656700554237,1.057345742929248,1.1103989345753265,-0.8093109222740773,171.92087793084906
1.5513189251761805,-0.6083585428010639,-0.6060477388730813,0.10764572467516846,-2.2874413134604885,0.7800114952195031,-154.57754080616397
-0.07268997289842237,1.4577147861113935,0.3988716700423865,1.1605181643703029,-0.14103964728627855,-1.6011281480130943,-2.8734803402694737
1.244054702274749,0.9528860306693651,-0.3990590889262833,-0.7609592492183451,1.0490954783541078,-0.9770670520243673,16.14095869819221
-0.3333382672076744,0.41609945925949854,0.19298243712606533,-0.35326086508527416,0.33922623102308547,1.6841084026049995,225.1805210842022
-1.727831310156142,-1.8972217493276795,-0.6734765138073112,1.441898143158632,-0.12617223966266702,-0.17377788526142393,-212.350313807218
-0.40280785892088816,0.5799402998645506,0.07392557803155805,-1.2545010940405357,0.6815925627071013,0.6711531948379684,171.1274580449416
0.3701253615350604,-0.8044435536496494,-0.545451726417066,-1.5038062523964233,1.138680481402871,-0.12488073254720068,-11.084190921103149
0.30207778868979146,-0.6221896081794307,-0.9093184967300282,0.35870316793792467,1.4443073397078963,0.7665158261512035,184.59271376382543
1.5654048443164115,-0.5343009742851289,0.2633110864206554,0.6312805941542342,1.1143979977427394,0.5623047041354671,210.7693112062463
0.7534116678007301,-1.2910165352808396,-0.5443929095694353,-0.7374913283671786,0.3983730738767189,0.042684374620046095,-30.629595412114845
0.7879574900379602,1.623989888581695,-0.16170865005782148,1.4988668567962176,1.10093588333393,0.8262215981749212,253.80496659060032
-0.8764732751191656,1.2136239365422008,-2.76212502972582,-1.4273354021819948,-0.0205944535036532,1.3107807547792352,95.75082649386113
0.8496389998534614,0.37216505730982513,-0.1746061771623994,0.19632080160614845,0.43203011644250844,-1.2737330121776549,27.189720035011504
0.2058777072631957,-0.33326700995696823,-0.8917525389589698,-0.4737504591272365,1.9440782140174964,0.7024076949050987,57.19420803728596
-0.12000235779103588,1.5244506015818862,-0.22998469485335604,-0.08737556157315099,0.9679566958763526,0.20222673788458284,145.911126224268
1.2369389864195335,0.08759415540789608,-0.64933204570558,-0.6953751627052303,0.024037047664364545,0.23356062295660737,-79.8037168859544
-1.0940407183402348,-0.9701200352238339,1.1798980322806394,1.3422138290110803,-1.332686567513187,0.4786688418886268,-126.93125348959354
-1.2369153452204018,0.1968028089524285,-2.6926148636899336,-0.2483601858410039,1.3279937013350498,1.7271985863779886,67.46183691420698
0.8354475104117282,1.3959245562701748,2.288539161585443,1.006448541754128,1.0624806160903735,1.1255215856957275,351.74513308788744
-0.4771074407672053,0.026626473370626427,3.0427079406224875,0.5333342089049219,-0.6615473329142529,-0.6621041632235508,172.99211879736762
-0.7839169866581283,-0.36825332396792376,-0.576853295770501,0.5736705773627491,-0.13094377498035673,-1.526419837226762,-210.2382990879713
0.7866128097713195,-0.19385791145408282,1.2444606715275037,1.062776906537805,-0.7009009966041304,0.47827034607550784,86.6521504752225
1.2972244820976244,-0.7582921302577946,0.2525345140019763,-1.7987316246288405,1.0852741246527287,1.671627870041091,165.01065301220245
-0.5367110016768809,-1.3246334623681686,1.8639527035841403,1.2784032960967555,0.7783410304243228,0.30452840031794204,109.64825224336361
0.8110140187172661,1.2404746714494115,0.5010911460317141,-0.3889930005723558,-1.2066590009737417,1.8333149076387425,136.12030242475828
1.5820513590582368,1.709315394354265,-1.3420252971500528,0.6561140455183273,-0.6633885951813961,-0.8427437230939172,-58.06367268269395
-0.8310526670711348,1.4667421951309478,1.2108505335085267,-0.8046710997783353,-1.4346691710453223,-0.05053358907166119,-25.653520002840757
-0.43143047678811297,0.7377138340487136,0.9581448931790969,-0.5512636850371008,-0.2006240990357494,1.2602892011402695,107.59965150331361
-0.05599048802942863,1.2204427187102227,0.8172686130210994,0.744518017520642,0.7951928164132545,0.10752384294816358,98.012539883411
0.0021536304489168257,1.0414672819436237,-1.1753841000638923,-0.6696907337412026,0.24148025973043438,-0.9700838274819147,-66.38719229586468
2.0254110172287674,2.322457549650401,0.14272068629114038,1.8807619524158117,0.42997932542800643,1.0072582943604385,258.16611860923973
0.7649075263139009,-0.48951126786293175,0.6925285547195308,0.09457992984224572,1.0786623116698646,0.11783550344035587,81.95526833384471
0.1712118804132345,1.0205561958474447,0.2637873476134795,-0.2204264737062716,0.6565581233471101,-1.1541680320796053,55.985158917439136
1.0430328441193308,1.0237812597455047,1.6414492960810685,-1.6682251918659141,0.7327238689275071,-1.8037453408508728,-59.17519434042154
-0.716313210698788,0.15197937874433295,2.0110581986383607,-1.560284390268088,1.3604861754483413,1.3951568123932894,210.3797252547322
0.5047305590552983,0.24291546179828014,0.14268875836680622,0.31932960840395536,1.8543854635824957,0.6453125032002338,247.09534847966984
-0.7271619627539062,-0.16448655323467276,0.7382612856681569,-0.24454745044524837,0.9976595622012326,-0.2818840809483043,29.487927038755362
0.42226468291741937,2.602160514068516,2.413475054102734,-0.6054623515879421,1.5482543752373061,-0.8088815433463646,248.95104067744708
-0.694309018990943,1.4772428407755276,-1.0964608288970754,1.2785457245596112,-0.02183008713321477,0.3555157779777218,60.69915894522582
1.8222939706478616,-0.11898124297537224,2.3460875937319385,0.5058252484257268,0.7041776497512986,0.6112950918632778,184.4624572014853
-1.0695140612248997,-0.8187683717221445,-0.106561609847599,0.7563960871327013,-1.2003377303096254,0.14842126106323716,-29.89496367035457
0.5931472848183187,-0.17932441595101525,-0.022955107500470476,-1.6048543885491304,1.0068238736313635,1.1436166036567283,148.85566250324945
0.3387992343230451,-0.715496889123959,1.8016290105146873,-1.5268360164083987,0.8045073309982779,0.4162108668404337,144.41332425958197
0.9978957023720177,0.40365392052258153,0.2678734782398514,0.19472718925994728,1.3085682741848554,0.3842049429651012,180.52056703936734
0.7126156627575866,1.037582545108554,-1.715259761882477,0.6749729904671049,-0.9149993677307812,-2.603371894596209,-208.68784436968622
0.16534333928055572,1.2733284236656213,0.6038008425968925,0.5493482935441606,1.0477375344040756,-0.9081620469783434,71.57063068155838
0.9956962337023787,0.7130830709444475,0.7496428754187953,1.827333225735903,-0.5759518572959861,0.354886503456428,146.62581510001007
0.7746781896897654,-0.46673490594171335,-1.4468433326879957,-2.2811359851066615,0.6666487109266583,-2.698710763141791,-332.27731580622867
-0.39288446766390095,-0.5751670882181638,-0.18339415967417477,-0.18994318670215818,-0.47427102397053217,-0.10869348718277506,-130.71474956264743
-0.9589431961106931,-0.6623205084170952,1.8690617330348513,-0.3087092779094539,-1.7062549762182464,-0.09308747595384383,-37.64113193708043
-1.129281032428103,0.5259648499351034,0.3304410043438356,1.3179386341519894,0.604514124163855,1.1225960369243078,154.61813695548884
-1.3421529389458176,-0.9057855810576638,-0.1186785998402406,0.5563336592826607,0.07093560945277504,-1.1101924170472193,-235.07245558965224
1.43939186779633,-0.8822572985710553,1.0142186381725475,-2.4849020506610495,-1.9016536888127638,-0.9136482919756594,-258.7674478867267
-1.9523838773003996,0.38227725431318543,-0.10109125946494853,1.7814075032385825,0.7775865150848867,0.2928082271569111,95.18402183561692
-1.0559992115610666,0.2963630468521858,-0.8056992139639753,0.31952148912853523,-0.42878118936778337,0.7817092606244136,-38.461406802287
0.3921808689805962,-0.4090510637500853,0.27665133501482525,-0.5384593800019865,0.09623584471146342,3.131200002901177,311.6038182684234
0.2849085758112606,0.888996579707643,-0.9356788950713673,-0.8059991837731215,0.8437495003165106,1.1539264103991544,169.138085361183
0.9918923591123326,1.0148884459117467,-1.0598906466919245,-0.691430381727555,-0.2989525282241638,1.4645767702165398,197.81751565700478
0.5841649630647208,0.10265000352016984,0.5894955093064231,0.94385225791897,-0.8549951326337424,0.6836169025721065,141.17610211508588
-0.5619151449596894,0.8904646203432379,1.0991276639449792,0.4619365503550943,0.43165500860872724,1.5559996876971742,206.83634667363043
0.042021680768713085,-0.47668252910008385,-1.0970543865059235,0.3043975811145734,0.5792237535548352,-0.1442139813323102,-44.65341278874527
0.16210519276396437,0.41290534669881845,0.050823628312265536,-0.11883042935039465,-0.7696574532868622,1.9846079950161664,148.01819196138655
1.334979169240996,-0.4309353043232052,-0.21474252904670227,0.0073855920182944795,-1.1239641944987155,0.17821160689894597,-30.26405315790356
0.23068139329560616,-1.495608475794411,-1.0220880571423916,-1.2562232730362124,1.1476240626978973,-1.8816833719331534,-312.46243686520216
-0.439828362557136,0.05635107472285918,1.8515826508305435,0.17779943118072175,1.7702203551188642,-3.2259231985713814,-54.49755896009333
0.956629178465227,-0.2751783730515434,1.9221525385286948,0.22879609045959265,-2.5298892369053987,-1.077201757298655,-146.1416712756642
0.5174292958740959,-0.6772974740851033,-0.5455189791146793,-0.5660024792192664,0.00269168255136248,0.1684958608703775,13.048925325803715
-0.6559970879212164,1.431951748931177,1.4235397630439963,0.21442551808771176,-0.2136372886834711,1.6230062945058836,275.0870433560489
-1.479440315739575,0.48008075900941866,-0.1315218589404674,0.9090295593466812,-0.07965798385941839,1.2125656164775727,23.116502784728695
-0.30420956424347945,-0.6290860075314154,1.3683390365927548,0.4785439947573681,1.698841404603793,-0.17699271181264262,159.45896877881978
-0.24030099225616477,-0.7569995232413204,-0.8120456429668128,0.6344830640184317,1.7200055842880355,1.3227455495734073,233.2567677054188
1.4114630336723952,2.743472563306188,-1.923536377274006,-0.07310516848911644,1.3170557108164733,0.20771015391134748,122.00831417830138
-2.1198556893167897,-0.15437724691378452,-0.3976453224865169,0.2687239676944615,1.6935201697886353,-1.3766444740484258,-150.50504639532542
-0.5920070584844793,-0.7434482595830443,-1.2278160658335928,0.2116111761528567,1.1061621351252913,1.1562628905565544,98.39179506507485
0.8244891053808238,0.34834948541571514,-0.3859330773591624,0.7260366224732665,0.651645088406925,-0.39636436051816143,40.80602233381791
0.43630507622171993,0.6243374270293915,0.15591094459281526,-0.318367156828273,0.019432609078525887,0.4173145286731772,30.63945527822409
-1.287353861289521,-0.1594995049264044,-0.9355041836681346,-0.5267810702025659,-0.34081205361991723,0.6486153367591518,-60.34037115349223
0.6577351118236702,-0.33154854607864365,-0.035680349703119854,-0.6429464992438675,-1.7328296595419872,0.09353870824049358,-135.8067007145278
-1.3318499940295956,1.152415213669847,0.23147096189017569,0.24323507753164889,-0.37900470693405947,-0.5692684643390041,-88.5107382619893
-0.6878015708735621,-0.8104419370166296,2.2067065652564484,0.05044124369899992,-0.7572695631004688,0.6342171935281988,48.29570848649588
-1.1139455170237471,-1.2547798151502674,-0.8375489509895057,-0.6057719794806781,-0.638077751058247,-1.4265864500544434,-286.6363878473945
0.6549435102447868,-1.4340842556509705,0.01706943849023365,0.16840957045529972,-0.782484459699546,-2.146201567591915,-376.6537213045592
0.001350972808666189,0.4055089955107494,0.4062343614043057,-2.049729310586989,1.8211606786654297,-0.34343478538742267,57.10279201102707
1.11754968161867,-0.49346304426482973,-1.2078498867313687,2.325245594992555,-1.120643756234864,-0.4225898950929684,-210.2269725742159
-0.9479895475705207,2.143398007542691,-0.2945841838897054,-2.191074153453317,0.21540717642024626,0.3061741162443691,88.82660915271519
-1.4154475438246341,0.324892455538156,-0.9033498816772212,0.23512972796469866,-0.821821192433853,1.319135349064234,-34.14261321990806
1.0275361558943723,-1.944287004462647,1.317335105916534,2.128570268119809,-0.2980101452175091,-0.08465795196861557,97.30986912013368
-0.48238040649820485,-0.8197526540811528,0.14519801142513236,0.8281754818395591,-0.25659760474543936,-0.2911675925396643,-127.39374046196417
-0.594046759366892,-0.36497773493645286,0.7834717433913826,0.15113335562860952,1.4181202558295376,1.2856715001769885,138.54365657420186
-0.9010130558411975,-1.349132389908185,-0.1509013185581733,-0.6181501950415239,-0.5121214417978766,-0.41875824508058135,-235.84815472195302
0.8689383823479216,0.8305540030545628,0.8425929443244273,1.753392755896663,-1.443570440580613,-0.0017679867320510335,-17.86302552848481
-0.3758423966144476,0.10553245337247455,0.47415262826027404,-0.9497839609469225,-1.6048855200714496,0.1366990200207874,-127.33948302369674
1.4057409064510205,0.7266163849994646,0.5160136372065268,0.19661336250896513,0.7989678539992914,-1.0366282002299079,129.86026413673414
-0.38645003460293775,-0.33273814301777993,-0.534626241437737,-0.08903262000860815,0.456290412468595,-0.1196356342670276,22.409805703331475
-1.1640919421865241,-0.9004585097246514,1.3867553193358393,-2.2322696531055035,-0.09676774400878167,-1.2158912101505448,-189.46994920162248
0.6435566262044052,0.5728126670473183,0.09141115606730701,-1.8413984512208703,1.841394836171964,0.1831980259322903,170.13060359193022
-0.3695133032465561,-0.34687327769070614,1.0022342826900135,-1.1507636851852256,-1.9547095013928484,0.990603006422454,13.28593155126309
0.34637919716105975,0.4130191849167457,-0.40066547419296406,-0.6365215632051732,0.600404115171935,-0.8601903709998521,-40.302938888337216
-0.12338702182241466,0.28913077100536605,0.604701213754148,1.3900848784277486,0.3801233833604268,-1.0986007720890512,-26.177873030293306
1.1194380651011528,2.676910485597555,-0.6430014742372647,-0.5166444563451348,0.38172949607380974,-0.7274143222808537,86.26913850195673
0.5073295116700813,0.2749984078515355,0.854625222609868,-0.7371924003987612,0.004074562570391022,-0.7401643431981049,-92.09460786122807
-0.2741026728906674,0.8390551846891203,1.2483765470966897,0.2861438910962769,0.09844545222726543,0.777600392086193,147.91936350264024
-0.16026763061467697,0.2692568108297603,0.22311436079615662,-0.6893955123826861,-0.7387559750626402,0.5775272553578858,-68.70622213774001
1.1329408969348829,-0.174618305873513,0.7103195105191954,-0.8405773609012945,-1.7759865892662032,0.7025928373314172,-82.95419287991331
0.0291879509918379,0.15172685152085846,-0.09166511110010997,1.0088825548488543,-0.9741903418485158,0.07106526552638759,-143.52307019935523
-1.0082218878808014,0.5882033905768894,-0.18283852558171867,1.4004105991664664,-2.8053333286740294,0.24877902628470194,-63.79375143810681
1.6235921330863161,0.25368636432921704,1.0648884004844112,-0.916312220601419,0.03589861564988329,-1.2128882881148035,24.183653773130352
-0.9062628391635862,0.3878775182441122,0.5627068701738507,-0.2886806725765763,0.14246045588096298,0.9983284462106403,147.5958827295058
-0.7377401590783064,0.6700723913273113,0.7591393199276899,0.033058759083797025,-0.01974739876154864,0.7825167398677922,88.83913052349284
-1.6676770454179382,-0.41397339872355804,0.5308934472075139,-0.41359103507319034,-1.2011953064046683,0.5011302494530234,-131.81706644911168
-0.1564418997934239,0.6009350562145392,-0.020184191334653982,-1.3254393449473416,1.2833596704661856,0.19889529098651085,108.5969106741649
0.3575173486642547,0.5609708981522199,-2.2817905626986037,0.14926003945171623,-0.016306371443463738,-0.24794140510130586,-57.105359239761015
-0.37159208648969805,-1.2547330917687023,-0.013758180097623576,0.6818006204265941,-0.8442507057720816,-0.1209500065509688,-36.73484282948286
-0.6304095453487882,0.34641737005955175,0.5953822105859009,0.20006145113126514,0.7155401520615853,-0.32893564464954544,-7.676873782806993
1.9503076144693257,1.5059917788034645,0.9402321222635507,-0.9219737153439287,-1.1165715097609372,0.7654708267076916,83.70209520003627
-2.105304821132784,-1.2775051406367874,0.9576602472778335,2.143446419344174,-1.9256066126900835,0.04422209979835487,-154.63826675399577
-1.0902498563777574,-0.2412036342083451,0.8701978188236102,-0.5037150523114152,2.059894933408666,-0.15569568689648894,42.988438056446356
-1.7185170063048505,-0.9267179086151967,0.5975918253120496,0.5784575791476471,-0.06754368972773701,-0.9748675948098408,-136.67032912612012
0.7385526986686067,2.1383726220893355,-0.6952811005132421,-0.06294832372565111,-1.5180648198517728,-0.9798872531129854,-86.81025771063587
1.384933690376825,0.4939799612985958,-0.22807683011094468,1.0947146454444519,-1.0693817020672616,0.38216108964810896,23.20739306446817
-0.10186484911668806,1.1070460742716655,0.08798540909957168,-2.355145376603855,0.970806332087907,0.8451509326866636,162.21982162629044
0.2513999430005817,-0.18421592418808505,0.10435624576473555,-0.819968851563545,1.2546999073521672,1.3094793714403443,182.3858243686315
0.4991155029687555,-0.1363334808754222,-0.29726580536550873,-1.409984546339492,-0.20679072643393073,-0.8088480783017675,-109.53529394893607
0.7598453776657779,0.3163982835910271,1.5302859086470704,-0.2716569697879397,-1.7174231567210503,0.42070607736117116,-9.457956165853663
-1.1504031450404058,0.42480760895882735,-0.8027928860017104,-1.320521713551786,-1.6859705893045405,0.44360026080987297,-138.82164853003786
-1.8307308539891995,0.8241106594007273,1.355110694061295,1.6052497853754044,-1.0771139035459307,-0.9649381698497815,-114.66380703751385
1.5752800796065203,-1.0824012442521926,-1.092316556037737,-0.29479203285968114,-0.20077721104200197,0.1834300041178619,9.452762508225774
2.677538947444034,0.2740340405998567,-1.0248851633097436,1.9201385194816227,-0.9529082295641264,-0.5753861727512698,-9.351283793156895
-0.4202947185508734,-0.6054554510160377,0.7014646329987396,-0.6507916821260584,-0.5510330464354734,0.5647637426155805,13.47385708446258
0.6918843571676746,-1.8280112122447347,-1.0223869082309278,0.3316763399732071,0.5029016262413566,-0.7166327019102562,-96.91299235046432
-0.08887625208512892,0.43528239231330146,-0.30942940896507765,1.8869753312559376,-0.34933650767378416,0.010833461860233892,-11.0653865928016
-0.20673333220514045,-0.29560416439527615,0.0340987174243017,-0.11394899235059616,-0.09746683322432131,-0.17733026529476395,-87.94261972545125
-0.5451745587198275,0.9325703978148886,-0.5559716339588027,-0.21636735266239293,0.86282669967092,-0.4615836622366709,3.540204080235128
-2.013671149897702,0.8290099430463332,1.2070233476091987,-0.08085835649254809,-0.6317901965169226,1.094423892136322,90.52706926913964
0.45209651641238974,-0.7178290854789658,-0.7822866553484942,-0.03818396870640156,-0.04943798124875355,2.341831363834341,110.53281264261662
-0.7909157843033444,-1.3771343227696922,-0.48484252834174124,-0.789513798973226,-0.40766797014502276,-0.4747037607176149,-119.06248193564616
0.40263235147065557,0.20194234521044932,-1.2990121625843285,-1.1743477735010677,-0.23828352388238563,-1.0876190238514634,-161.02102746793602
-0.22083112364754195,1.639691926262449,0.5934961241042572,-1.0581055861933373,-0.9842299196590628,0.9275235569129031,90.52795439518275
0.07309671677089001,0.42616158276873545,1.8987656336861283,-0.9863156526617993,-0.7574920726162923,0.4570198740510351,86.92598459533971
-1.9390989665406149,0.6413353399621142,0.6802820364537079,1.2263074358511972,1.021782719998599,0.9014740059323766,224.1581440746525
1.0933484590227107,0.9509040748660421,0.08301490743089136,0.7395437214145627,-1.2909323615313566,0.8471698891012496,131.05544381409246
-0.5927149810278178,0.3663459649180027,-1.2415015623938275,-1.0383162861989679,1.0350203543715848,-1.405677216450288,-58.5283560280274
0.014032805717234283,-0.9588321115207437,-1.133282428666634,1.2840940618220986,-1.5691271852346536,-1.3572929873355173,-323.0034322897195
0.12451486581178522,0.4413231627633107,-1.546867830090943,-0.31829871731543696,-1.9655713796037486,0.7788576820932018,-41.61754833341091
0.6687493821294311,0.2013795154788606,-1.2627200163008239,0.5755589747667552,-0.5481801781353048,0.6446147400383089,43.126274266017234
-0.0653719273662014,-0.14555658416544637,-1.2298570946089462,1.4431097180378274,1.4500963794901227,0.0948308392969834,85.01298622819093
-1.1816307582862766,0.5804785924950349,0.0702961739293796,1.2856972567262088,-0.18843506233866977,-1.0458989848461808,-81.37425887059814
-0.8729098680828543,1.1621419758991527,-0.09524431723865727,0.043715898183892085,0.9483542557877715,1.0189135975626862,217.1939726793083
-0.629175561863019,0.20824209618667636,0.5245267532645342,0.3679654179673799,0.6110469644062364,0.7068326579764401,144.1727515708543
1.121877928694305,1.3102858406968843,-0.1501558154337325,0.5652998138191376,2.2611465696900273,-0.7699647944272289,99.41739513367564
1.0121391966303488,-1.4481949544087183,0.8317080938349591,-0.7713678456260785,0.6003552062859623,0.6731232201958792,99.51768067575418
0.39804923928048597,-0.8140298647945288,1.017727062543842,-0.64433550022152,-2.9480526997536978,-1.1338973162179604,-311.30681440669906
0.4475464307279747,0.8804052111104258,0.130495817707835,2.0494966930132983,0.9824673978442737,-0.9821430038127081,117.59480110109648
0.4530182649105029,0.4770181210031703,1.289533113044251,-0.302472683091473,0.25733080131906444,-1.63696663393551,-105.17320658727559
-0.0461706589630205,-0.35609167357799437,1.0651420197278787,-1.0406009109489172,-1.9671498744128089,-1.7289693446844472,-308.8852907386019
0.9013775931263456,0.3370173919674489,0.5056964135121352,0.6420155457755123,-0.5903618891316195,-0.6281560634624594,-64.76444846163773
1.794292564553419,-0.8561039174012963,-0.350161627815857,-1.0312359264164834,-0.25919298229435445,-0.6659231317054264,-129.37481673715644
-0.13285189676920978,1.195994090349747,-0.03369624426014296,0.43019170100807247,1.286076736586144,-0.119422149291083,200.0766892167801
-1.1869137923056674,-1.7338825699164366,0.9796428506134901,0.5179878808495971,-0.8488216581056867,-0.8751489505869239,-207.49892626637424
-0.09148245605806055,0.9718114622574635,0.7633790313707761,1.8858669106733532,-1.3725349536655826,-0.3772134273678886,-74.9176637463784
-0.8202472793276265,1.3481643435150352,0.5447269281068625,-1.2385855557207957,0.17783663700888913,1.3832149834901972,215.43305513217265
0.4421816744586074,-0.2767309014036059,-0.2678188499661348,0.2580444459776148,-0.08500737720017872,0.23058208667695831,23.64166827243081
1.8117148532909146,-0.5491036784667267,-0.15720190448940943,-0.49930969119398394,-0.12235744701408771,0.5509742930848359,-32.75315474675086
0.16670261413346263,0.03295886829749432,1.1594660595945046,-1.0682776559078742,-0.47493432651749873,-0.815769062052677,-207.26778488020594
-0.25285308683044827,0.6937027026489304,-0.9484785864958416,-0.13991892421123178,0.43018361836416036,-0.7598636717904244,-55.07906474154293
0.4065006155653287,0.12269065588315149,1.803900448043368,0.04397113609818317,1.6505426358626019,-2.4137683029476085,2.7102869733649158
-0.44668952638543274,1.0762793303331104,-1.690986943968374,-0.5778905057164085,-0.4602076598707629,1.3016709319257795,71.19970319095123
-1.5116294890037196,-0.21914501372221357,-0.6854151363347664,0.09580885121833983,-1.880366758333039,2.0476243635716096,-39.82918179637774
-1.2165278785656817,-0.4397530096035591,-0.24596447218690196,-0.6812654411994944,1.5978104566786406,-1.4311933047158252,-32.614620582548994
-0.297265727980895,0.11622701962901527,0.4767222819259415,-0.4756457264508898,0.006256895219642699,0.8392864363337212,127.36523292002249
0.13456144356055422,0.8537921160874153,0.4363973913469268,-0.5748684392446156,-1.0226503380042105,-0.33574224899659066,-114.55562967409176
1.2468751520699133,-1.0975947935481665,1.1166562479693938,0.11646525886165203,0.4231762688111601,-0.9497767498761783,-78.13457050574033
-1.512017120130573,0.5823149027758528,0.800390503004222,-0.07867142868954749,-0.5619312850686055,-0.41687324344426313,-73.3389354007657
1.084375480267997,-0.7102970813377094,-0.4926981835336113,0.23013891133296852,1.5177216588014641,1.6884019383190783,303.18730031346155
0.07146675867126975,-0.7267324921855861,0.2945159013624816,-1.0772409828475404,1.68758338314593,0.6954394395748836,224.2864818242071
-0.4044926293703704,0.3016785507671335,-0.4663135639440473,-0.2577276684140565,0.8705930905614618,-0.16406715842382807,23.647542840942272
-0.9501766601783342,-0.29726499457327665,-1.4878984293298592,-1.5858015930405625,0.848130785885705,-1.3730419355776564,-210.6860141996117
-0.22916872433625102,-1.355339526786759,2.063708210656071,-0.7661946793719775,-1.6542946622621568,-0.7825708269548646,-205.27844648251235
0.30429751302525726,-1.1031697670658591,0.5384471696332074,-0.41433813284453186,-0.33620800643861315,-0.6666510563547084,-96.78509816073922
0.17603721193814414,1.5924274536277043,-0.19142708579102818,0.8218753111182828,1.7667811162435185,-0.4463511786168688,201.20509869211628
0.5757827036714337,0.5996538761393663,0.5459324673352687,-0.7433893733294344,-1.0095239891586925,1.3993493138828452,118.4477917525004
0.45624867034618277,-0.8745867799465866,-0.074190072783603,-0.6448893147821022,1.0682834946205906,-0.4476890559408052,-48.9676205061802
-0.14409323153673562,-0.8411902578355251,-0.5285065849961375,0.1959221291335537,-1.0733093664737328,-0.6243925059011309,-215.61583217140063
1.651780576283854,0.4952814170997435,1.1410465668941336,0.12049515613790655,1.073208986352744,-2.4083121650867474,-82.07781974825171
-1.5548364840556106,-1.2479859165587197,-0.8115819370102506,-0.008428145509337149,-0.5680018979345072,-0.8868394832223377,-272.690352213085
-0.29643838788711646,1.2659984863749598,0.5212700650216548,0.7746911780284408,0.008943878159929752,0.1592926230738891,191.75555416197025
0.1352036641117532,0.8900452306156993,0.7547283648504797,0.4946639256439083,-0.7267712638181241,-0.6444047866125139,-30.235463557481918
-1.0381716990792227,0.3881853750450037,2.237998222247342,0.11100102863656525,1.0715142063205154,0.5232274124293318,230.60571281367146
0.7395074808542466,0.9139580767652463,-0.8943917740555296,0.30801557758267706,2.466521472029334,2.6101820552164754,446.991904624946
0.8145881687430413,0.9037201595655644,0.5353202571272623,0.4341689171267607,-0.4011815589685892,0.2805619331965378,27.58803378311586
-0.8352869407766069,0.34203490159198296,0.787848384720038,1.0555292145083757,0.043079930412899724,-1.1670585835178524,-19.1626577533223
-0.6631800526769313,-0.788177592543154,0.3105136318456012,0.07800918519955083,-0.5364476600704391,-1.140765921194033,-168.44506576480998
0.8429465900077202,-0.09706292995968636,-0.44217793744483663,-0.6741535479458095,-0.30696050660246943,-0.7481145292020439,-202.5432350509056
1.0756648386647814,-0.6688176232539247,0.018371256860954675,-1.2320762066888462,-1.8298597448943892,1.577695936183008,45.403206718745956
1.0784125122069144,-0.9145479077526725,0.6363106412111138,-0.8815452037725078,1.5597671077693847,-0.44516286554162116,43.109375520521915
-0.6198080292138723,-2.161672143433362,0.3319362991705507,0.3833423986963055,-0.09578402172137299,-0.32991651299752967,-194.4363240380652
0.07034550782123625,0.6417728929635064,-1.3290810717247112,0.36454814159985016,-1.0972868857644862,0.46739089261350963,-116.67293383334243
-1.7131872169104418,0.043508446648914276,-0.6857376475396532,1.999055075071075,-0.6777986567140898,2.483987271266308,111.86932501157231
-0.42139405985257566,-0.18129610095322685,0.17548696436730762,-0.8389748408493163,-0.6257282579865664,0.5158560244861394,51.06625666729803
-0.6869563051451012,-1.1373523557698404,2.2220709961078184,-1.0128331363269258,0.9435783442895639,1.3056516594893606,142.84067689414545
-0.2525365107546055,-1.808543952387854,0.252082758390888,-0.6270930079704478,-0.6869469604369118,0.9480069075592532,-73.1500591281175
0.19260938682039688,1.2037469215313128,-0.08456389057179294,1.519570677806608,0.5389148484075745,1.2377554206464751,195.433060614554
0.20176800680366033,-1.9247321873682446,-0.6027044345113632,-0.1753255484960957,-0.0805119752911011,-0.8225315524497454,-168.90792840366947
-1.3023468776731837,0.5347603953459784,-0.35818158177465964,1.038121150086013,1.2404831361174145,0.4531705372494808,97.98901689750994
0.1717697641688916,-0.40024697331413234,0.012341096693472437,0.2980047269099684,0.25761664449418514,0.4577792585679096,5.346484094587218
0.04161780635116538,1.5980780215367718,-0.655008231036858,-0.9530266772646449,0.8634326382422823,-0.09558466851998919,152.3853192587951
0.7427809083379369,0.25909040958882057,1.198198018181466,0.15828747676208033,-0.5991520027654713,-2.3797958406211426,-166.74884975466594
1.093757831636053,-1.5193241732659257,-0.07961992254347228,2.312279552134766,0.9564232635104943,2.1103081381859012,219.25132823592378
1.2077067311201484,-0.23318173839123302,0.8360214347903872,1.0909953897846856,-1.0363757777620992,-0.0007525102771525314,-27.479385072572608
0.1738600041988286,0.6658758881088885,-1.6532761636973452,1.5833181341968001,-0.8075352160573428,1.121661685186508,63.855182930028725
-0.20720774564446406,-0.1467898316427,0.08310661785722774,0.8853391453960985,0.518015592474343,0.25050141760916417,29.84872325041831
-0.5548784006606172,-0.06303912800036482,0.25170478220870807,-0.9474798748280594,-0.6442892696715313,1.7439512974179765,53.849702135229805
0.39905022164570414,0.8945868008770119,-1.549470691605791,0.36897985705396574,0.4740649083790013,0.13488717174158532,19.95313781471668
1.3461504512050666,-0.24963099156765703,-0.9002854380526384,-1.114943207115322,-0.48480766484274795,-0.11756256571581349,-119.83935809746902
2.3004261334716785,-0.14837015170519668,1.3817875637260553,-0.6285662625578833,0.4509990873187844,-0.5047137045799762,47.764903422914216
-0.6911467712937696,0.8563007175591524,-0.5262924144642541,-0.9817334128916235,-0.2103863519223288,0.2682353903891477,37.01711359951119
-0.5716791001293979,1.2909681087060383,1.2304460054485724,-0.5861277487568216,-0.6354045281242492,-0.38654024660557235,29.391108486134108
-0.8789174786369497,-0.27395640277464667,0.04979928671546039,1.4393730300477303,1.2377399374298428,0.4027839161264425,216.98242348530619
0.7662783385185763,-0.33563997297811254,1.4454909293499092,-1.5911990947284416,-0.9038540689472498,-0.2673095145025156,-62.72121924395872
-1.2312692757868706,-0.26953358885634954,1.67978512800735,-0.6660301953222288,1.1039882625292088,1.2586893605384983,237.98633799565283
0.4705469612812177,0.22527513428937979,0.5321066432184737,1.563634103100536,0.37132453379461566,0.37479281035686235,211.31194269272862
-0.44269949196151637,0.6900991162713236,-0.624494080504606,0.4269852584187375,-0.4959633338055631,-1.2057287541195285,-124.53696812866679
-2.0593308461231037,0.30303375886103867,0.6032331031798113,0.3125551473032949,0.08075043747874623,0.9772305761948701,12.182346166517291
1.6722978136890054,0.41044472030392604,0.07694979383419252,-0.3109423157950402,-1.4669640301521283,0.5134533830317408,9.920240522066127
-2.5147582041031034,-1.2678682099835132,-0.4111976927788401,1.4259161374845333,-0.6417510689534778,-0.7103166271453446,-180.32024446853075
-0.48925079148968204,2.519644351950106,0.6054080830369374,-0.4797330489577103,0.8484669826073533,0.7632477156921773,322.3557052905784
0.31151781398720185,-1.8763430329809858,0.41148672281434373,1.3185970648893184,-1.081227192397193,-0.6175610119143493,-164.65292285133125
-1.191030376804074,0.43951599721366696,-1.5824984672677591,-0.6137620495335372,1.1855385256667383,-0.011657101570060531,-31.323176148945784
0.15794524188571163,-0.10848347386850492,1.8819762513599947,-0.8878304074234235,0.08027037484584544,-1.1735462186818855,-38.30964439186451
1.2116942758119291,0.8216758881437498,0.5834627096372272,0.03346965810097924,0.9569372870303344,0.38927101541378006,216.38661910978047
-0.8195350687919575,-0.6918295369148912,0.6091908169780657,-0.5109602681161413,0.40030815323104163,0.7253843760586978,59.542721817237364
0.13945652862871905,-0.2593153934258577,0.9549814164301573,0.3601433171461264,-1.3664408695910226,0.510133847786269,-169.73432085610943
0.24323907126600045,0.9040886451500958,-0.6233519384280751,0.7858254169253326,-0.6365095804395878,-0.8257167693013169,-104.98688727445833
0.5464314173455918,-1.0205860177696642,-1.230925937217099,0.8259766167399141,1.0042664150235392,-2.1493125328368863,-207.35470556280725
-1.9511794839597045,1.6795294189234904,1.54168474265321,0.7723167597227235,-0.7672774319689944,-0.960028659503864,-7.273651350813566
-0.3470648528911863,-0.24848617759887567,1.4863954264919597,-0.30959141990089556,1.189701863346615,-0.35898842145630655,88.80948350553813
1.1936368219166233,-0.16379976603865495,-0.44924409764185835,-0.9477847784162884,-0.7398188298511231,-0.29683952762848587,-114.20962773024655
-1.3754259815093322,-0.7804610375927243,0.5910546493968549,1.4190927352206664,-0.42793159301334066,0.06458220556269449,-40.15672042979332
-0.3624368716641111,-0.6212279196596078,1.8624013912311934,-0.0217870872566773,0.5929271846067803,0.05542093362852234,84.79065058154987
0.29057735252758016,0.20870880984862872,1.6658554720512704,2.0786460214264233,-0.5384840413260822,-1.0156436100215989,-18.74229645852167
-0.5012731576185142,-0.404164921919776,-0.010344752573312601,0.4705400191305716,1.6504956487568863,0.18767058048274032,163.36141271627545
0.18251444796965566,-0.18302005766782597,-0.3769589812891061,-0.3988533158947239,-1.0702862348016366,-0.2477498102681065,-47.84121840862416
0.09095949115466055,0.7860466205597355,-0.8523415130011053,0.3665454623916621,-0.46369806053927703,-0.31185207263741427,-66.84232834844634
0.8388540185701976,0.7184177956938514,-1.0776279274933114,-2.078113177614934,-0.07301751035377316,0.15419331619292076,-7.737687880139129
-0.013169507067759021,0.2836188336180913,-1.1525522808492357,0.33818189983741237,0.005333348603856709,-0.35032783822653435,-67.42260380797138
0.956744007325997,0.3954423843080648,0.4601751263166414,0.4139191748100497,0.5595304636734942,-0.31919412748821846,19.077254139874768
-0.6350657034039864,-1.2886764922832248,-0.1519213522000535,0.13439774883326017,1.2379191063443122,-0.2634475415745784,50.120490532447015
0.14304382310055727,0.35517920225651883,0.6341328489746226,0.11739725040252574,-1.7674247378213161,-0.6138281614501578,-218.1049215235508
2.7607586526518584,1.1716337574429734,0.0247061269738683,-0.0005372213320007501,0.9736083377435666,-0.40506456044809913,87.91785717733859
-1.630071424370097,0.9658201142645435,0.9156037051924388,1.437118147730478,0.819977207701323,-0.9617948297445728,-32.204798690583615
-0.5861256181866461,0.17421610803909554,0.8419375607601747,0.5426848010596411,-0.2984983345223718,-1.4303264600195003,-89.04705579477852
-2.014393520633613,1.4727826248454388,-1.0819607693905744,-0.13378931916578626,-0.6349588673747663,0.9009824945722694,-13.737160509816807
1.2496167817444281,0.07849323915875209,-0.9780060340769864,-0.39958061764712094,-0.14476451421445558,-0.5900679611089825,-91.09359779335914
0.1985485788744162,-0.07741385797838193,-1.7913714410721966,0.24920650989264587,1.0069365521385745,0.6287728985724942,34.47583701201639
0.4924383642151573,1.002910193885367,0.9467626199204702,0.07032405113430536,0.5721875668123113,-1.6164532176730622,-22.606773302728037
-1.3797053383045594,0.8174928206875016,0.7521881059475412,-0.20078977984657237,-1.3185653137767328,0.19722159863524635,-66.97043573162728
0.10761308750275256,0.3293062341933215,0.6210228340784618,1.3216551282321227,-0.1132219803165368,-0.2773569176102324,-44.5337296100844
-0.690468373256113,1.9014654221064937,0.5841488649472294,-1.4075426406233997,0.004245482257823048,-0.9594890815847363,-124.76385519329459
-0.4892665153885733,1.027797263893704,1.3627641500364938,2.027069035128786,0.18412421693008177,0.6141439836104862,248.48791256363356
0.18831588189321888,-0.18842438979834897,-0.5232510439435971,-0.20155145440485536,-0.46866071692563877,-0.019743849003430153,-138.12019761007153
1.2721629340899316,-0.7844886784121203,0.6294611472768952,0.1886610330417954,0.6795465618478556,-0.16374938219020235,202.8430436366392
-0.6778492093134316,-0.02385614646605098,1.0351050853681507,-1.463630388464833,-0.9266398173166113,0.7580538509437962,10.402341644694838
-1.4909989664164194,-0.682427930636076,0.04462274413057925,-0.6463062766952425,-0.7865314239975121,-0.2994467949629437,-271.3742704468893
0.3696048854709572,-3.3556505215490655,0.28769206200017217,0.06007746705818846,1.0658374143972962,-1.8557823412801506,-277.78831149421046
-0.6206965682018252,-0.6569915530153985,0.19215071160752203,0.3829521791639327,-0.8906470989585367,0.7498175067134165,24.329281722319962
0.046614117678464836,-0.3946581264588544,1.4010244056317835,-0.11967502663387555,-0.06060792293814527,-1.0609265961765746,-57.35726550998121
-2.3176629254577708,-0.5428441565189452,-1.2572305501715104,-0.5402857228132324,0.27649521253821635,-0.5069641095569968,-195.96485794387814
0.6865071680940911,-1.7067156259227452,-0.2101403509178421,-0.43298701935879275,0.18862163888344893,-0.9402381355011891,-99.92303490296354
0.27818311761353365,1.5134856477484515,-0.25059631679674704,-0.9559978125132437,0.893860087660819,0.24847792348952838,88.99536941627326
0.7073775244383017,-1.1483158777443028,1.0325551049202715,0.5789070481845987,0.017170573776381384,-0.43513954036304725,-47.92558207753847
-1.720540008966232,0.41410000594611174,-0.08056270276048784,-0.3698885931196265,0.12385650277558702,-1.0416148879548177,-109.8511281782948
-0.8416487007759189,-1.1256532541245956,2.320242676490159,-1.0603880168967665,-0.2626843193853071,1.0844353866208707,122.11324258132709
-1.4630413416887817,-1.1197902061256253,0.467564221515376,0.0929007328675277,0.6304297591905427,-0.22792802530716458,-40.44742748229563
0.0934808339698545,-0.2716537028390664,0.7594685582893103,1.4629343831867185,0.7614047832937422,2.1265718662089483,425.6593341348046
-0.2184639931067797,-0.6265747289961848,-0.012519575197847419,1.0585482777433481,1.8716788276983058,0.6005159693498429,266.575901446239
-3.277771107669051,-1.653868119805898,1.5349658473072618,0.6319931716633862,-0.18057119725292495,1.028579099632071,-27.582796583963614
1.1327911584125883,0.33193620819979336,0.4097292534868051,1.8573072149941183,0.3631299070259102,0.23389738953509553,127.35156786830382
-0.033869077701419385,1.4388804533314947,0.42542981718329625,0.5198884917934545,0.22282922923118811,0.007276801405188672,98.63658986833786
-0.24142631707330786,0.5076777246865716,0.34586760102075,1.452740878489258,-0.12513798232078308,-1.3354713611162374,-81.17725364621327
0.8179962823519695,-1.0896006738149044,1.5549722389731169,-0.36849896048876185,-0.23829195983925058,-0.4656389084780201,-84.79900713982336
1.6847639601532125,0.12105796157163033,-0.9909905987400356,0.844943652199974,-1.3084043906305933,-0.7172772032387822,-140.6885689663941
1.6353807130468754,1.1970935578854345,-0.767445200659536,1.089925826968385,-0.16564489151183476,1.0085887384052041,124.66142749305831
1.8360771377672798,-0.04668226248412415,-1.56950595691985,0.7054580073686627,0.6213311289458068,0.267950844719644,14.529604440276898
-1.3282802531235347,0.6167153698791635,-1.036769892704806,-0.06623712198177775,1.2894023416289775,-1.5401445622767291,-71.60016971876956
-0.40828592809715375,1.1564629520863563,1.2246360317008098,0.6549319297262619,-1.1112214552764215,0.7164966560501171,43.38334398271653
1.381663516114818,-0.6309773293623212,0.06203980058199946,-0.4298319351877992,-0.2128154034291923,0.692106344128047,59.25054973587415
-1.0149167644706611,-0.46730479870078667,1.5729935156848576,-0.9326499557487905,1.7145123704648115,-0.3410141019788955,52.033701350486744
0.14478044500728923,-0.18350791197033064,-1.0773866932580909,0.15502349208754684,-3.705123807694538,-0.9013490032531305,-351.1785686003419
-0.03407250744563623,-0.04831423823805002,-1.2616227200683634,0.4305318358018868,-0.623069027815659,1.5882512297463762,79.94454453003782
0.8173946671876131,-0.18416989453091895,0.8740456247694859,-0.15211305669017378,0.14650316119521395,0.15385296519303193,35.90961489981407
-1.3607684730959293,0.11335624964942138,-0.6892457355448703,0.07338220692846707,0.6481004188723309,1.2122381184772335,205.9997437163275
0.5164344407847995,0.9376377656437976,0.24971481084171354,0.18780417565836968,-0.791954868091268,-0.3396816355200318,-59.898406615102324
-0.03823656674943114,-1.5346968729598258,0.7683715659699172,0.976218174871614,2.2493085979998395,-1.1250064679865635,83.4987106480337
-0.5023433980028315,-1.8716884725695246,1.4402313744023212,-0.061142052734302496,0.9865782823963798,-1.0833632939847764,31.412536927015935
0.1887495346504678,0.003688658642004883,-1.2161415243656666,-1.9467047582913024,-0.17559746333186846,0.9228571082375957,-7.299873311200441
1.1297181376502716,0.7423610869782783,-0.7591216566593104,-2.1334980214930077,2.0937557282698083,-1.560850977544487,34.53167283080051
-0.3035167550211751,-1.9065456730417294,-1.5758527146289452,-0.6282847959649311,-0.5407580896398323,-0.02917490220736321,-177.03921095746966
0.014148186908074047,1.018793169276744,-1.4930212698015555,-0.11214561174492112,-0.11136497651148493,-0.9649074861337148,22.190566766528676
-0.032708266124719436,0.8251233606233156,0.3049577601184199,0.22267210739078994,0.8047023228145448,-1.0008000598531264,81.6360365967708
-0.2699511372739538,0.4917670910750091,1.6686057078262764,-2.5164943289271413,1.3128392765972945,-0.6185605621795774,28.914944096658182
-1.1632205247074652,0.32421443352235396,1.4701623046083796,0.7272437005841257,-0.9228932646488069,-1.2273085150588359,-116.6223275637605
-1.111992479531949,-0.3967384257537307,-0.15670256688733775,-0.34068357448349135,0.8250630747403258,-0.6615844957565769,-43.71647587875822
1.4286387004446628,-0.27964646115855524,0.45337867041209834,-0.9240954661194362,0.15671675067773558,-1.3699694030333978,-67.15963072225975
0.0458436707707392,0.41750307635739015,0.8405173470208359,-0.6961848654336069,-1.0050740918436392,0.4410482806635076,70.77917211169462
0.8920767230609885,0.1657576618726303,-0.4006805075490807,-2.3301163756520666,-0.055603768160584016,0.7352893060064918,-42.3824669316365
-0.009111146091259533,1.0800447678672571,-0.9557392908994583,-0.9951971196558809,-0.5597738036616536,1.3876229894895058,10.109195059211032
1.2687287082021617,0.9392466638718825,1.0071516629175201,0.7211688021638768,-0.8975112330695585,-0.08328272323343361,74.41632730640802
-0.046059006695286606,-0.42340595754820043,-0.47232774443716474,0.7848328123996733,-0.3925551703687152,0.8401697404136029,48.651461565956325
-1.5803240005425858,1.2263521129630506,0.4959619708013312,-1.6054125990672772,0.22623005856668793,-2.2043903050159193,-199.054049118629
1.4071240270954322,0.7770624976222393,0.35373322607384233,0.8347313972934501,0.4637420513864823,0.051498912783368996,162.5444214081531
-1.2168427490631237,-0.923517145474046,0.7646570793327347,0.09613618020618059,1.7057689432602878,1.6682323246858748,270.7046649196443
-0.5015542119943228,0.018481959840708804,-1.733261010892831,-0.3365691117589354,-0.9586873628650272,-0.5057665176088122,-199.35674911264957
0.3875175089329165,1.9495477664199492,-0.9400670657550959,-0.815729526320768,0.18177281516831223,-0.16078443047714644,-21.236071438919694
-0.08880094997541005,0.0960869477820299,-0.2706785240472635,2.195155958860199,-0.9715127914625468,0.3975080725119511,43.7431612612301
1.4428107443827252,-1.6485748106382319,0.8644401247814233,0.5442873516982745,0.18138256293657365,-1.2220789493995219,-176.21051985445416
-0.2232501573955358,-0.5288046541517578,-1.4841412031044696,1.1494483274976022,-0.48973417070515635,1.144507541578459,-150.08857249084315
-1.0290264865691696,-0.4466743573097134,0.6301132533679901,-0.7482946008637438,-0.836149236582113,0.32306467453700055,-112.13098403376077
1.1033908438203397,1.6282906390129113,-0.38044360547584083,1.1382677791402582,-1.2038423032447234,-1.4747996366952545,-99.46728455052629
1.1886650078163905,-0.3950757392742163,-1.0859277357198627,-0.9182597309067647,1.3588665484340348,-0.1986363795249225,-13.922272570734762
-0.9524327430525028,-0.31047702260983295,0.3579897626698768,0.9681566661168778,-0.8291957790444827,-0.653237767944945,-198.39339639031078
1.5896225435178155,-0.2560354151218157,-2.29954206406621,2.4374239787612875,1.4136796024500795,0.14477502757346708,86.41378031730045
-0.3021595431187326,-0.6223722055654198,1.1698503973545753,0.40839392198645985,-1.8256647033302882,0.3951123519340887,-89.61830578575193
-0.9127062957657579,-0.04011170146150305,0.8257611756464043,-1.1630697970324015,0.025887079467613993,-1.8724744701402725,-168.2145275229803
-1.4896659233295095,0.21328221164076397,0.9704695008658705,0.9797703784374434,-0.6773836072812603,0.15311939975495517,4.0940438292174
-0.0009784071079176218,-0.45257847789561734,0.3078996210242724,-0.04105344170187826,-0.5689312037393587,0.7164782540307925,-31.090677854145895
1.2836798550408397,1.2564672579199287,-0.5428695059910894,-0.41357399961401115,0.2802809174423965,0.7800070514308353,130.31040216714086
0.6371457378359536,-1.0703701567659585,1.9776224930276798,0.19699023801669105,0.07133011402008733,1.0504763682200668,129.5428038449245
0.7874994707926578,0.14338486531518924,-1.3443937870709168,-0.722074775114853,0.10878924789598506,-0.2394763092810032,-99.92751034823948
0.8730229188430059,0.41520457889278467,0.35425341699631346,-0.8568286834133172,2.3681421000992326,-0.2786709633694574,153.68376026793396
-1.052561128486351,-0.6558398701586857,0.4431326302097487,1.3890342419529178,1.488936278963989,-0.6642483779032728,-41.36191025345149
0.576939246765098,0.4485079668623302,-0.01696954701322261,-0.26593665541491984,0.5347130628834805,-2.3744089573078027,-153.80250957803761
1.5760666342258773,1.0913621583796684,-0.8253930354156985,2.3909019704952064,0.09965677530930958,-1.0102411105754516,100.72332000887934
-1.506228937862136,-0.05027522805402081,-1.6974838212734011,-0.9971800244170146,-0.527872463648573,0.2418213333759613,-139.88905416208624
-2.801715591903398,0.6778838637708772,0.7607607204644247,-0.08433115219283577,0.42515661962295814,1.8252948289461082,114.19527300755465
-0.35168486499940577,0.2109709122767019,-0.03708527765834916,1.4741732851488023,0.2878043206720901,-0.5263814919763801,-151.42614129535366
1.302254112718123,1.5535364642831313,1.543839031836681,-1.2695201347206229,-1.2337568600885842,1.2053931427958646,202.43000022319987
0.906919326420536,0.3114317565154104,1.130703574657796,1.450952473790614,-0.5522438483366721,1.4110821546035834,220.75147404752158
-0.9047980587768069,-0.17112524247513602,1.0012634263405324,1.2065631624181357,0.327394818742374,0.5457217664943428,68.31851490799195
0.20954462877138982,0.5253113903733624,0.26669480767164894,-0.845445136192292,1.560341531009467,0.4676111508446951,235.9825270785435
0.043487628747181255,1.5060253684900669,1.9266011518077273,0.44084669413688765,-0.5311557446642977,0.7691926129441453,285.3162149850839
-0.03855595101310747,-0.8926447223686392,0.27165907080652707,-0.48912003431458534,0.7683620515339149,1.0971184986118512,154.22859867475805
-0.05481803017281312,3.5793267382094744,0.7847666499893106,1.6417223125901732,1.1496902368681996,-1.946474207672091,149.47904487557824
-0.23379757918201943,-1.2743084832714495,-1.5023484449221838,-0.023138550543409644,0.2194967984037909,0.24923477456002036,-68.65670471257395
1.3749985999218577,0.5010052128318584,-0.12045064068634503,0.05038782134648657,2.1065031492494386,-0.1104131189990766,165.14130439018325
1.3227434747314457,-1.0587127794684354,-0.5937337431209331,0.5976183923461429,0.0008335031208032175,0.03056059194436664,15.287121788126512
1.2989824900118228,-0.07939943111691994,-1.5429399025755572,0.4278654911480153,-1.1173370213827263,0.6504507335627141,-124.96603760691522
-0.28672449628311075,1.4078492840592876,0.5806332618624943,0.5752669050338378,-0.534953620443642,-0.5032608697797322,23.77365987982162
-0.4404527768174749,0.13624519928196865,-0.7297113756983264,0.4570815781925399,0.18606803249382867,-0.27835319734154834,66.96187242586325
0.8921208831310775,1.5219528894041636,-1.3681143420995794,0.980046821934833,0.4046763455323707,0.37958069160766494,122.66634258453567
-0.5541558602027418,-0.17832029021551626,-2.3323868308039915,-0.5616762546794106,-0.062330533059757456,0.5497064659928477,-19.90225522634303
2.033145035416464,-0.852455837351069,1.6802938610199485,-1.511903850504686,1.9737584057611235,1.01643012430067,347.62357241575967
-0.3278196410568494,2.5612667512363667,0.509010854229238,0.7429341556819715,-0.37067160122874915,0.16599251056882325,158.4547747142785
-0.8344412611973664,-0.1429064107508175,-0.9045194114270521,-1.2582332283172737,-2.2839809522498475,0.9249481103997972,-197.7846247615601
1.4085922563249373,0.3144149451503702,-1.1923481810672996,-1.0781778317635224,0.6451283745979283,-0.26299050322586526,67.8025412742198
-0.8447217486199523,-1.7785520184846573,-0.6514733930451887,-2.446698792268871,-0.8462702027323036,-1.7628678089573069,-433.0727121759404
0.6486118733982944,-0.1095308297663911,-0.5123223639090944,-0.5584138647859145,0.5959149360151191,-1.2830097341123143,-51.34803624704673
-2.5036000996815844,-0.08870228435998266,-0.9971741260366788,-0.2465384664504498,0.34627198983971663,-1.4946149125325952,-285.6204576247621
0.8048809976106694,2.0557829032073647,0.8488259439992154,0.2927839275579172,0.03640709555479355,-1.474674583247028,68.94980105347207
0.1990446997722609,0.14251021396821245,-1.5331207545703829,0.30990668017501927,0.5428532367157697,-1.7493676116830528,-221.3086084104377
0.24384721923581743,-0.43450058892287335,0.07159702957706761,-2.717729035673147,-0.32969552699340415,-0.01831290124549695,-52.04161777735255
-0.1910861841151146,1.0941436007008791,-0.9346841160962155,-0.32969447119727274,0.9535243142890429,-1.0084585223316131,-68.05602572751944
0.03331901214102085,0.8832052004314599,-1.0949697363888031,-0.17600721010133907,0.12079356134033224,0.03915632334822155,-72.47035994129907
1.8984989490897526,1.805591020986067,-0.765621525178461,0.03867672613297132,-0.7119942105553453,-1.1070380670486506,-8.697987246608442
-0.7635537910667559,-0.9093123164362713,0.9111849256931331,0.721592521531018,1.4130959974989874,-0.3698692773413891,59.849984247582334
0.565722418588565,0.25177912843395756,2.372752535010369,0.7452028975863807,1.3805924367879474,0.6947840976661676,395.60883393881915
-0.3702781579410084,0.3796215518154033,1.371145596655239,-0.2545820857203737,0.5608943564995648,0.9082305517530319,254.63894128892957
-2.055108827287254,-0.5438013508934526,0.5473232249742737,0.46014250741102863,-0.14476556727619125,0.25930202585292395,-45.24227192911513
-0.7643484540278456,2.0035598887588213,-0.7680271252212097,-1.4374148853374662,-0.7931964680698219,0.0972609388922894,-46.00501759259498
-1.115894364869207,-0.46445451024440043,-0.671940482104526,1.25212283117346,-2.129029983494347,0.271824637799548,-242.44443973744035
0.6889492502637588,2.3859425897735167,0.8647241370878364,-0.04157290855228423,0.8585292507993412,1.3519034056690251,236.25041911793517
-2.494438870827631,-0.7548232235153459,-1.8390738029989369,0.10796680935647052,0.25494089620656857,-0.5926395231945548,-140.47751789164522
-1.468451467019941,0.9024656301476077,0.5081067933216483,1.6591920490467544,-0.6723641085682013,-0.08617377068516724,-102.90239217354636
-1.7175194096891855,-1.7352115614029673,-0.06885151126889433,1.3988383620168992,-1.2748678590406137,1.746480772392899,-0.6624786986453373
1.2905145138243395,-0.18784805445361988,1.6367513953044832,-1.1292117377486495,-2.1726078868974343,0.39294323594856734,-21.24352877599211
-1.1092022370756605,1.3741198249844189,0.8587857382743594,-0.9303324081768819,1.458147558593088,1.1194138697411997,233.87898082123843
0.7990576219129316,1.6397314891071335,-0.42065309754194263,-0.19471930490257405,-2.0333480851290715,0.9987589371139155,166.65098670539334
0.5620846878944342,-0.8883315634866452,0.10594891104995317,1.1107332833336558,-0.05940077254427189,-1.8808904684195769,-248.65466664350623
0.000383832515537569,-0.2802594976233964,1.1929646703341161,0.5797082557403495,0.3232821936480732,1.628850312058432,179.91509464199882
-0.4004745172047138,-0.5572400112975373,-0.2842065585885233,-0.6536539444280519,1.8401546618469002,-1.0392979220211063,41.601595248248785
1.2797651064616564,0.44506229817967435,2.1666352717500765,-2.3408399048913195,0.7803502390454637,1.595556105701112,298.1826554153984
0.31242062470696463,-1.8402335635531988,1.8189960013981281,0.1711490193923371,-1.6607732155499186,0.01870921896508579,-225.30291900719084
0.34200345068278526,1.0798748013578867,0.4873167488003711,0.5307171795125063,0.958886355847492,1.3249537919615815,171.67178331727501
0.658646782391372,-0.9783674940712619,0.6104278486318482,-1.0109546333279995,-0.3619042136788677,-0.22765470734054838,-83.50395735863124
2.1506587758609563,-1.2141447327526151,0.7000701417346819,2.7431089026866284,-0.5690729150029074,0.1782662431078563,6.307162525586591
-1.1546932660710179,-0.12229018103910334,-0.17061494507555847,0.4635108090720596,-2.92932027722298,-2.010360384871758,-398.73276071452636
-0.7271023507420037,-0.9739277876882695,0.46703396789159746,-1.5196194056928707,-0.07530175573221073,-0.9003675630345038,-165.97567217495723
0.3520638042876945,-0.3332085534661533,-1.2494445723094147,0.956182671398532,-0.8947397112753689,0.1610623834069815,-130.90124691851491
0.3355366341638059,-0.18476145856109133,0.6980022597711513,0.224956170438871,-1.0139499100300375,-1.5646856482694569,-111.86014222804562
-0.4395220227916181,-1.0342453725916503,0.2996029584087901,1.0503771260876114,0.12684600904059418,-1.3215564019474615,-87.63397254657293
-0.4891282337157669,0.6779325328054069,0.9351483377476211,0.5061294973840531,-0.2302882388482955,-1.1405789864232079,-84.7727989924332
0.2080504900984858,-0.2644979513245513,-0.9923507971430263,-0.6684541232592555,-1.267325019407266,-0.7006590039611281,-116.60039199730889
-0.21753050224294637,-1.8635034022390398,-0.2864500340038283,0.007302690682141473,-0.392743282561513,1.5336403120136195,41.75191950357069
-0.04385258139188491,-1.575730629351626,0.8768334673158845,-0.1165888765364354,0.3689411237230918,0.5474455933775533,37.58236684575197
1.1271037906451367,-0.2254978295510965,0.3333048348708174,-0.16864728902569212,-0.3232758758170862,-0.9497892434835616,-82.08977871861111
-0.21121227673523646,-2.2216031277979114,-1.5719277622807701,-1.3356411133496287,0.18835991151555903,-0.942310472500509,-315.25909405008554
1.2077186701720573,1.9138065730693488,-0.10502587715021384,0.14682717229912687,-0.1693905631512031,-0.46509806597579584,16.61042212333453
-0.14664911180409415,-0.6511629259514395,-0.8442821719803539,0.5379821584952719,-0.2980444260792972,-0.059662476684937876,-157.9412352988213
1.5739000245105768,-2.711373362148615,1.6117821867468272,0.5749404605134794,1.7473578648886927,-1.7535713182533823,-14.843152017146103
1.1970172845776845,-0.6069993078409909,-0.5521552407703906,0.7877395817085766,0.8839059997300438,1.044642481620113,158.3719133499836
-1.4518965907669077,-0.8971251105013027,-0.6914392311151828,-1.5021714395849062,0.6098030853360791,-1.3837809726724433,-189.98613505161995
0.7699127034799278,0.6480559021069738,-0.8849978731330611,-0.9028267400665755,0.4595806532242702,0.6752585466566267,96.25073951384029
0.4323861594654535,0.5445976411561556,-0.3606713462824945,0.6839677154105609,2.4879815072425213,0.2618020583045781,309.70540015741926
-1.551843569167062,0.4256262263558246,-1.2727811968889806,-0.3691605951998253,0.5356582851826746,-1.3496661377554364,-108.92585118867854
1.040775840688759,-0.21902542687419035,-1.8429480640134885,0.8599004705213953,-1.1662286055506068,0.40227280825586914,-83.00510277226125
-0.470573896454206,-0.6796725336413836,-0.9244304281743898,-1.3170261445748692,0.9527337708708057,0.28155981623569204,35.860271319623955
-2.3660387050806415,-0.09957127239367523,-1.1662338313797653,-0.28381682654922874,-0.8997784860380332,-0.9344275854726287,-265.7613318517166
-1.0450073115086227,-0.4660289048930162,-0.537438022312551,-0.7333009116556988,-0.725935719939582,1.155650520655869,-70.8388015420888
1.5172190499095493,1.6295125968107516,1.842498203642371,1.05907177768176,-0.21199006401931397,-0.7324269758983406,53.076582688126166
0.1664015750729467,-0.49097923086392886,0.281581198132704,-0.9026088002998942,0.0035126564551674357,0.23165906070013897,-37.24739093647566
-0.5985900923525536,-0.37493681464511647,-0.5205539496962062,-0.9338855446802362,-1.2998915979210799,-0.7618938665976445,-265.34082496105293
-0.4597967290599851,-0.9367619945222957,-0.3034422941782587,-1.3584563526034246,0.8319693454467019,0.375042910140091,18.257534524674472
-1.7802983656411537,-1.2499440213542155,0.373847550095479,1.1955768012653347,0.9343100115869367,1.0137427471936835,68.52669372413024
-0.5998296573227484,0.554562073616052,-0.5201368137980261,-1.7865260634255535,-0.9528265490597937,-0.9494949933438717,-178.67310249374947
0.5804575898169014,1.747573110918959,-0.6701899546208373,0.4181395254002946,-0.9899538687387641,1.6719561428383272,180.45612184263263
0.9360326023245977,-0.5349724056143927,0.07372940142495399,0.7013807103819256,-0.04354191339790537,0.9861527828797123,122.10549093832704
0.08340025412403704,1.289151019748077,-0.31080304920786284,-0.15458883461554837,-2.196389127409145,-1.831123886359649,-270.425829216707
-0.27278625807356544,-0.6313756002734124,1.183690314984066,-1.7421412379641714,-1.0274849424298813,0.5255046740567836,-80.40927255036533
0.9307441495072308,-0.5842309872617323,-0.14771120948426236,-0.7058114146474213,0.30251713919386275,0.014201819876701431,-6.4389536419707465
-0.17537392895198148,-0.18087160626444346,0.18480798224122488,-0.292937744289676,-0.6253628591937513,-0.1660362016173785,-82.4366261319738
0.41595970233137636,1.6301874511302745,0.8464509484476046,0.4441357895957093,-0.4337078930585488,-0.9392931553365452,-17.752330656621922
0.059824426438340364,-1.1641057462608158,0.726446277889757,0.46940914572569276,-0.22459980570083965,-1.928275381768441,-245.4663702605244
-1.8120055218154616,-0.48187531238973186,0.637584539819319,0.6276250472640436,-1.0938888501917334,1.489649932692875,32.06545838106082
0.10701628819676116,1.7733408842052674,0.7428827518465299,-1.5122109057127917,-0.17695507032633018,0.241609565944866,137.44888162043372
-1.118483013381797,-2.220319859196347,-0.3449464075320717,-0.8827567375810297,0.5948298845494429,-0.3137962142485157,-190.286103183962
-0.12513180738972862,-0.5431795786392903,0.6337144394348118,0.9454041446486294,1.8821738447484886,-0.607249500382179,100.33756794819834
0.9812590945511445,0.9539922567992539,1.2597608332030434,0.1712167367244451,-0.44836283028300405,0.6033741408271569,168.10295537370695
0.773220352115203,-1.0844917184602332,-0.15405931228755762,0.09358069081278828,0.5807084550981685,-0.029319021340644576,-48.00257402794656
1.0523022191566744,0.9778281177430659,-0.01842106961565799,-0.14600689787431323,0.6586342788742133,0.23516331319844833,174.70852238947057
-0.34444577565693,0.3045831404238234,-0.914814611257147,0.4767706159199038,0.236255249571697,0.294907369384052,10.597645877786904
-0.7001141737013775,-0.2045882369402663,0.6500681246216012,0.5562396921820794,1.496494790528661,1.186775468805566,277.22376030379496
0.22140338106256965,-0.7028317287799077,-1.119728167747672,0.2889799976059991,0.08135775971387355,-0.4585521370119234,-168.34492213360556
-0.6677149448213009,0.809556836094769,-0.8291682758970161,0.696464343807265,-1.6836338216186324,-0.8090225892449238,-267.5454188210713
-0.296980158012665,1.8182438551601399,-0.052945762149042314,0.4507654754232744,-0.19325030264976528,0.31749389892695257,43.42621044107538
1.5761092273263213,0.6452609413046885,0.7401502214260492,-0.544562165335277,-0.1456842383551982,1.039608107652169,196.75706814028564
1.4832716015079215,-1.9848331407595452,2.019710551770015,0.13173827993673898,-1.100122038207766,0.12551043013390856,-64.77848583211369
-0.9257662598347334,-0.5007237686872215,0.012780119310698411,1.1608873975874419,0.1461277409287186,0.6122221673672973,29.06577429035667
0.7358422174667671,0.4438470225361376,0.9318455200772896,-0.17126563049628252,0.21657402624941777,-0.4163071301278669,67.87107187431802
-0.3140596715379163,0.15313285930393708,-1.9778719686703672,-0.9568011987991494,-0.10135200508796989,0.7007752361617973,-98.16815754065192
2.575295460510318,-1.046734152837366,0.8854860021035752,-0.9792649512225517,0.3884869455530245,-0.7275632528698197,19.045396653462
-1.28104691955655,0.034327833109373734,-1.3817867866177354,0.5646138241711164,-1.3827642193906082,-1.6395823154488625,-331.5337996574912
1.3977925222715588,-0.46795061719210235,0.24731997772655898,-0.5017553489353954,0.7123933944778823,-0.5267881537398922,14.682925437089065
0.8014079645170589,0.7284012134425951,-0.7068941595674513,-0.3335120199925858,-0.7712831617444807,0.6414634480308868,11.06931398814315
-1.0896806473444203,0.6817302394013384,-0.6726380324055609,1.015886754975966,0.3311822768795173,1.3123960569368034,120.80517645610082
1.573913959442575,-1.1321179295881691,0.4038909137558377,1.2838138767819498,-0.8411560894305254,2.1307088916118393,122.40169999739038
1.5266905755983398,0.2528550508933509,-0.4876143618476818,-0.2935018710099774,1.880113725473062,-0.5736325376052623,125.84828628820694
0.8946516035193219,0.26511280667521553,0.4800476641538788,0.7889388391973845,-0.9921852110668354,0.36633838207995606,74.26253610520277
-0.060188158190982013,-0.15294099352314208,-0.5224709055154475,0.6348299458940149,0.5929259829431701,-1.0628467795328607,-26.066998351255016
0.4992186882161292,0.13412014559203236,-0.2740492074200361,-0.6024891642486935,-1.9372256400633148,-1.3818209513892945,-293.17216033235746
-1.1507042221425436,2.019712952135674,-2.1525284836102525,-0.7303204131890844,-0.46075853957398893,-0.7906530351976789,-138.03457060817925
2.015915957636675,1.4913457906686507,-0.26657743224780833,0.9248760781649906,-1.4501381768953616,0.6458157411317275,61.09627115906796
0.3809803701525453,0.9419509186223864,0.013877854890909234,0.9187098525078689,-0.7632788780700682,1.3191678511341791,81.01087863512873
-0.8831394451126963,2.0216800913757713,-0.04857373823670666,2.1037991704678727,-1.03293576969789,0.9191085683929545,142.17046192397748
-0.599489899100017,-2.417039691648132,0.7723473164615428,-1.3362206480397225,-0.049214606262335564,-0.18795500786222005,-227.2666541497528
-0.4670547461948541,-1.0865526261309562,-0.009554814988551442,-2.3973722630024965,0.5048254946319641,0.43015237869126705,-30.688954181325734
0.023658136894896917,1.073282949674343,-1.1948967780391329,-0.3376239171265855,0.12411332758556452,-0.4992236636754527,-42.05931197808481
0.07690378096423713,0.733495429559317,-3.3166730691155912,-1.0092849268032307,-0.16068381680504645,-0.9988129291905855,-209.30942416814932
-0.3631833800874818,0.8356186660056468,1.121525124684373,0.5618037578783642,-0.3212906520135352,-0.5949962899255625,-50.413525086282185
-1.0354584615393354,1.1355911293731413,-0.5974564489279446,-0.4648368369785243,-0.7279482696600785,-0.5889945489885168,-138.80351251436633
-0.21530778143235288,-0.21507195882861355,-1.1576447512177368,-0.004536529456267928,1.0521187939644907,-0.0697849504607415,-83.94893277041749
1.0297945889652262,-1.1706306169664187,-1.087755723579616,0.8906993195748566,-0.10288894857669434,-0.8594610476990239,-187.88373628832625
0.6885621578316923,-0.4078526793492724,-0.9599527452650334,-0.6536078101953234,-2.2924803795451987,-1.400264211493189,-356.33787042349434
-1.3570941543748998,-0.281198490164234,-0.1669974483443583,2.1403925360715803,-0.8785583980595472,0.833234560257163,43.14246260154368
-0.4389126089987495,-0.7872745046885553,-0.36933306867113797,0.22412401583424252,-1.6258430877600132,0.8940222348123916,-113.02110140546978
-0.6290639215979632,-1.1072389267825162,0.418609304056615,1.2921495424286273,-1.4673474394814272,0.9101068461765836,-32.1100909410293
0.792937512876342,-1.3888242320927513,1.0273231914607155,-2.1045232260029647,0.2910993690685662,-0.6107876887752091,-29.526279110675766
-0.7579475779908994,1.0200910974606048,-0.004046733242239311,-0.3933374434019481,-1.6024799113279078,-1.941653309354097,-299.1053184807376
1.2078087338020111,-0.21774921592523738,-0.5629733019010331,-0.48305778595414534,0.20509649781323855,-0.5432105036491418,-17.480740094276122
0.2229156012991085,0.46546447882496045,1.0994855818410274,-0.3211876364834594,-0.6795505301645582,0.664275322304147,27.596215671245645
-0.003190950291631173,-1.2100700928703907,1.1098236115122397,1.0994080622142024,1.4779200180474625,-0.1532324245316503,16.873967355294184
0.06460730049646887,0.3330740356812435,1.1889386485480853,-0.7854941356764017,-0.785939366962681,2.145856519835545,268.40953508693156
0.17099015043652036,-0.3203090320431776,-1.2827778271855563,-0.19048100878443067,1.2986788180003475,-0.5996536526050069,-10.01076681808497
2.037270606111962,2.322894379126945,0.45751160040235644,0.03656940607600734,-0.4911403091363341,0.7830375940939662,239.0754473552924
-0.7445496111638592,-0.4310678952099533,-0.9892466755028703,0.6889327272831467,-0.9545864073080734,-0.22536115848191354,-89.5481095216056
1.752583958415594,0.702518036291715,-0.7295045106018127,0.4930485450881639,0.5065371156771613,-0.07658447837560273,87.58305761298912
2.0080307382263185,0.28062653499548357,0.6218085884482399,-0.2424573988530875,0.012485385328174024,2.2857686040343124,290.082924610513
-1.561128265979926,-0.8338093357969963,0.6969521065505646,-0.6330011368410305,-0.4357070018638205,1.0499444835297778,-141.17492516723934
-0.7887034090291812,-0.20684539307158128,0.8275749429950456,1.0667238084441524,-1.442840975415101,0.11096714657727891,-56.652843757754226
0.7490459569214897,1.176104394901583,-0.6183369784180364,-0.6346521074113826,0.07462425484100244,0.2701169722815359,80.54557422665967
-0.049971757193077136,-1.247116297158736,1.3939414186932195,1.1329321539857091,-0.8428594132946826,1.4191180512964225,107.7803215416846
-1.1210617621767993,0.5715645844913875,-0.8672284661665443,-0.6567076322215222,0.9309725295145884,-1.4325293490312014,-106.42451567745806
-2.6922212403388173,0.413027342099759,1.4517254639869275,-0.07638546117433295,0.22819077892236736,1.405109987777126,170.38944018089117
0.6500121255258938,-0.29343359327597757,1.1369839087781102,0.33235736698873225,1.1443857917197613,-0.756660680329477,23.030478348000287
0.5259175309306782,0.5107768980281973,-0.33634686656206847,-0.756072698339445,2.3636973605007574,0.32825664812707017,189.2237606037238
-0.6646934064515271,-0.071416151307056,1.4719308941703237,1.01788271994696,1.3493671060770611,-0.5688400520271847,153.01043909751172
-0.9610981899879326,2.3717809597243615,-1.52264005385171,-0.25755189685144836,0.8801755807219036,0.06666779734782786,86.60560192128207
-0.22788065738682495,1.2766252948642194,0.04075874921484267,0.7723109960995536,-0.6906810151351965,0.6789428472007177,12.265645415082545
1.1610385844426558,2.0094474700755884,2.2547466198793593,2.3585425813087335,0.17006185845964514,-0.5775872399259052,143.8921327292937
1.0952876198748482,-0.13852581619529766,-0.23300090203409207,-0.9553564051970346,-1.3741315975779895,-1.7221145274412513,-278.3671601229476
0.8711996240644101,0.007142372721369765,2.4689674737675564,1.4188692834680638,0.041437499966949634,1.294380544381517,188.57815377642186
1.17131424966229,-0.5702810482785489,0.3468315989273281,-0.8736864920636732,-0.2835611540867278,-0.8045353327783801,-189.4472578215936
0.7917840895397663,1.3749749002320348,-0.3229811662967806,1.0531769791032752,-0.8264901205913018,-0.29016979342135935,-44.03735793566298
1.2197747073691565,-0.06760551676132313,-0.41990646383116226,0.44500758005747226,0.41205389056713404,-1.5985369217151915,-205.43537861394162
-0.19666200931558972,1.1956481182767023,-0.08068436587613571,-1.4299191704344734,-0.31648772856125407,0.3571734110639226,20.620977623131772
0.16030418541433814,0.9924162773540259,0.09246094871494165,-0.37929983097095094,-0.2491910684833365,-0.6783852585222817,-92.74348628188297
-0.17807409795602056,-0.09413029292768357,-0.7777837520131695,0.7497820975295793,-2.050387208357468,-0.8798740780513137,-310.6878484592714
-0.8556532239768638,1.7947606773010145,0.05904896652772674,-1.56903341132422,-0.9913086135738974,-0.9010174396002014,-79.04522687156002
-0.28891955260606705,0.48807156251957096,-0.39214953831307847,-0.2834288816992257,-0.2967766728096117,-0.06595557200092779,-28.345421641534358
-0.012290382451876384,0.19233162923627886,0.9137500985303408,-0.8247692971462934,-1.1913024809115917,-0.048970883167336894,24.665794730911443
0.7520694239784864,-0.8959457870359562,0.7420812780991742,-1.0914344848662727,0.051894638096529166,-0.4306231679993589,-38.17755642272451
1.7675692326977568,0.6126997527259113,-1.0940179865025816,-0.18997280898938992,0.34492811668605294,-0.06422966421480313,113.6715633626604
-0.2664486811274486,-0.16819408713851514,-1.3241962488439518,-1.4087795020229474,-1.6442207921194103,0.21288962344219478,-243.05544545645418
-0.1823513583516567,-0.7893052123107376,-0.4022078414850771,0.7160622916931733,-0.033992020030651035,-0.21698928837161044,-45.861515393816575
-0.21897870111026935,-1.039752235042556,-0.8711333347564993,1.6203196515973721,0.37840327356281134,-0.30772175323126577,-67.51796539512443
0.8083448691427968,0.7561975592767488,-0.8347901025622922,1.0236913165233432,0.20607070891418894,1.1723137092508322,145.4866125267528
-1.3161979732927167,-0.880538255330746,-0.8039971017606863,0.2943957112645839,-1.0336279552604926,-0.622020517356836,-193.7618093448337
-1.5458082934791617,0.2511053827114956,-1.0285927086476114,-1.3447479243744538,0.8170598380149963,-0.7750580132642438,-54.47895654386374
0.32173673664088365,0.041509771939086546,0.7623474074645215,-0.8366032720915343,0.5663442685909292,-1.5490771258638663,-61.19567248924123
-0.3442031675069046,0.7873958354773637,1.5976578100952132,-0.9063368551961215,1.3428479980586736,1.1507171355508838,284.1997637847693
-0.04074687679734494,-0.8077877141306924,-0.8188213158147374,0.17531152144328846,1.2270214802270702,0.3302680666258726,70.12328729682201
1.7345235195973072,-1.2737961366489596,-0.21925836033762647,-1.2315396928484772,0.7968964641853096,1.7811984900719315,47.79564261528955
-0.5077484747254242,2.3192398725646552,0.2569323474857908,-1.8515936562637545,-0.15338118412347237,0.23705476546340679,60.505305800844305
-2.835663366779422,0.9174610675745389,-1.04434799462611,-0.2581535137642097,-0.747649821469639,-0.2148950691708559,-79.78647625318635
0.33698406688088445,-0.025943030462694267,-0.5907120338705187,0.03909619831813708,0.6968694284521968,1.201251067702616,104.64340176312363
2.2358721112787556,-1.225459258870453,0.42887910596332524,-0.5005731292953873,-1.0581698589998276,-0.2069699275647232,-74.05750830933381
0.5012608987067904,1.76184775971813,-1.3293656765037951,-0.1736623933210343,-1.9112525768825708,-0.6809785742239346,-177.27024797198288
0.09826202174093814,-0.21590149586412785,-1.346860640380595,0.6749428795832554,-1.7588895374910969,-0.37352150045279436,-161.7551952429418
-0.3221641662587895,0.09113388937728116,-1.025077041136373,-0.8516202892735903,-0.24730831245731005,0.2971600194018182,-86.6064220629234
-0.9117743252907472,1.620477429415458,0.15411846782274563,-2.241771357208583,2.005578236659991,0.24987821175243696,144.61811689086596
-1.0357736351702618,1.7442550691001357,-0.14936866343788743,0.1715137879264385,1.867944861050388,0.8460817661089367,314.9020323865229
-1.2075525568571286,0.4077558190519284,0.5343053766981853,-0.8056666913152173,3.07837665698805,-1.279249270742642,103.08737166431226
-1.4400064380274527,0.8956597318507643,2.3087053662512482,-0.21855850341277716,-1.361174487565663,-0.22537244782573898,-27.812241823235674
-0.36365294146427707,-0.885659013089601,1.2578725148491883,-0.810921369595942,-1.7695264687582366,-0.3485315263100375,-111.09370602438324
-0.13778607985845892,0.11903893117726731,0.5680861561376542,-0.23477639239003198,0.7029882696702257,1.2748856611099235,129.48923639776007
-1.6297163613030903,-0.7601816472266536,0.056736865075046994,-0.4569954356308076,1.0984119400459527,-1.1190631721836335,17.770356255601314
-0.884161896570595,-0.5890251414249921,-1.7115122266631908,1.279624513296562,-0.47590200796231125,0.8762331664366958,-91.87296998011703
0.742445930829595,-1.417236840699314,-0.4773883624981519,0.5026660045205951,0.020100270032367043,-0.5211677056811,12.803849504484432
0.19631611779969005,0.39983070191023906,1.4458355860830505,1.0177962215468115,0.5829043745908178,1.004199279554046,212.72417210795737
-1.1741093588902134,2.063917805977373,0.196085430062158,0.6852648904152715,-0.44870123287448155,0.32778874817834736,115.90111122756736
0.14686799243175735,0.961154525393461,-1.3038233708576548,-0.5887472235745451,0.566416728944941,0.2957481046335837,53.13850145416733
1.0744427997832946,2.3094767562097482,0.04084086839214898,1.2200911333175894,1.374278608976845,0.7689097590108909,240.1442430252335
-0.2253179208971123,-0.6712514335445874,-0.1693829198479513,-1.0434988133851977,-2.1692143617634496,-0.4139629334591308,-355.9362288966685
-1.2253640841228708,-1.2955598325395725,0.226757835581098,0.11905997761588723,1.1363016427398251,0.9504541301761871,120.89659392853915
-0.43830032064921254,-0.04921987930894515,0.6747180658896899,1.6249044396212555,-0.1091911413208231,0.6731160834408924,74.55466431713259
-0.5846075125327977,0.1575002408691262,1.481417068262551,-0.6774401541033167,-2.057471420997984,-0.45902493583652515,-164.4678782538058
-1.2735422165936805,0.5187830913204294,1.0231574299748303,-1.1169993310888349,-1.0657859090466446,-1.9333197417590486,-269.1640314100742
0.07476875158777645,-0.2628087401593419,1.442253162553671,1.200052174338936,-0.7300226211293822,-0.4925348335605029,-35.53768853164232
0.5009109938417201,0.6016360039972174,-0.13969508843855963,-0.7618132139473863,1.4162271474046415,-0.5429907827741737,22.99183649804185
-0.24087859874622972,0.19105336209818283,-0.4902518011169861,0.10621403013648965,0.13060048432328614,0.8451596331701485,34.2413174133022
0.0680350928119823,1.4901727603044734,-1.3168169568640795,-0.21658164522774936,-0.3300175803716314,-0.19371430841413168,-32.98209470987104
-0.4388038215920297,0.8707193916709053,0.6900568326959177,1.5267459048562644,-0.5471484894144469,-0.7213673431163397,-45.3369187439385
1.2082885548058726,-0.8448615867065475,-0.27375490978944167,-0.8780196612138929,2.4923689492195265,0.3145002905440765,203.18148129399654
1.0187039025466085,0.9495132108143748,-0.1683398722533245,-0.7612464684840387,1.6237418471581297,-0.9995708199473993,92.20020752615312
0.06525901491896374,1.6150056081012691,0.20270554240141328,-0.8115592997741345,-0.2870816190721721,-0.7336857775778701,2.579274528986403
0.4298651449448418,-0.6548814657195868,0.2643904174832375,-0.11016027105891323,1.02344146358317,0.28575230615212643,131.47100400550315
0.5872329278477234,0.9226424126180621,1.2751504691076787,-0.5715190480388729,0.4802073689055203,-1.2738935269826577,11.474899093187389
-0.06753297298287647,1.3816203121200028,-1.1782340070700195,1.4433030967900577,-0.9050539392180234,-0.9943586583563645,-108.8671329517879
-0.20349669228046996,0.46486049136684615,1.610372879483528,-0.7468036740061622,0.5302326031544441,0.09712803835593356,58.31553172281584
0.6862471639341258,0.6042219822807322,-1.572505586201223,1.3259578410858395,-0.5270617545217338,-0.008816027524332096,85.34095200600194
0.5745457360017044,-1.6788517640373406,0.08371147822796757,0.7119826326845391,-1.004503916372426,-0.6553103840942633,-111.99865588497728
-1.4156219755314319,-0.46556065731844215,0.03285445409185104,0.1131224247558662,1.1963022352238424,-0.8919104451753033,-57.27797259558269
0.08201096892935263,-0.5774242170980706,-0.0591145445789332,-1.2828115134696496,-1.3623633617183935,0.03878622381367321,-90.38225117622434
0.36635356996024626,2.165513243306125,-0.3817708983953806,-1.2805889514710618,-0.6226182193923147,1.866708695330694,268.67292770126994
1.5711140546213183,0.6996991650602911,-0.043806549661443525,-0.16812023255619757,-0.3230802094705287,-0.23091311800977316,73.54278933896057
-1.2720463588811797,0.7800396240265586,-2.0860240585464225,1.2059142201115334,1.8849728051374959,-0.20257364338609588,19.121490130332504
-1.9423614859619238,1.5933198958871155,-0.5250197186394917,0.4545504565571354,0.19867785772175572,-0.4570661974377271,-27.469398218650653
-0.961779458978388,0.6242103669571674,0.010096368288680461,1.4012180812396904,1.3914986558607776,-1.509134245073678,-72.04862753632658
0.07084832903474673,0.8417290720380347,0.7303425707244198,0.6890723385486948,0.889621099684372,-0.28807594933174135,151.21071142476194
-1.2913299327474996,0.20195901608972755,-0.841709740810924,-2.2050717732269103,-0.41617275118442265,-0.6625394091650308,-166.16219429326625
-1.3627189868957506,0.3319376015315036,-1.0968984967482132,1.9911934527078765,-0.7899957277379972,1.169759916049742,80.90092696458095
0.34349729268879836,0.42258929665934575,0.1435674029119673,-2.3671111533939855,-1.8740131005623488,-0.3372808301369899,-144.07628842981904
-0.7617800602633006,-0.9538584242187995,-0.4613612079357241,-0.8866711579944778,0.5842420445954187,-0.6500121103583621,-175.93522841266204
1.5609064585421257,-0.11542235855330302,-1.6163762966141686,0.04061498788734398,-1.0149065317897956,0.7989119082615391,33.21603398464362
-0.3719495297241552,-0.0024889918169100937,-1.0091755900842856,-0.7846055498393243,0.020751518048604436,-0.10016900550129634,-24.55710054273643
0.35959479206771583,-0.4261962433910973,1.2464813916333708,1.4250361466465578,0.8054746764606867,0.1820003807816552,147.17134281487597
-1.3075299233406572,0.19559820961048857,-1.0732179442608043,0.21610873032179506,-1.6909611986182251,1.0496583644071844,-97.97618760323546
0.4051337922758219,-0.6810826404941049,0.504735488076445,-0.49431032926577273,0.28148025554985756,0.8223137561322806,35.91108702214951
0.7389854248312611,0.11315094433253055,-0.6719538824126843,-0.002398503402545671,-1.6271980396829357,-0.32957003745787455,-129.74233702826382
-0.4964501828208456,0.566952807179379,1.3490878948616236,1.0082966871521988,-1.083949977456673,-0.9648950561892693,-25.74663133082737
-0.2838326413133864,-1.335030646075763,0.021291314549003102,1.3671509056689968,2.5006232538648345,-0.3002733799828821,197.67371228451282
0.35740311590263596,0.8038396173172826,0.23024359681125503,0.18157739270508153,-2.930379861038059,-1.0169170387012836,-216.80861999142343
-1.1411628774588924,-0.12859559002116153,-3.3266987343162397,-1.282006169957244,0.3849648196719022,0.947422402847177,10.94662138998936
0.6116931665908573,1.8831693599377977,-1.168137504473252,0.017406020804547527,-0.6437783897311244,0.5164738818791786,-8.38844252412185
-0.1655869521362943,-0.5710369202174017,1.8584629230414098,0.7227717376073872,0.22147351949241667,2.5963965827040147,222.3856021723937
0.5856769402574133,0.06807673730371429,-0.25586506953333915,-1.330146969922079,0.6009578044907776,-0.054050043930486034,101.32962051754694
1.8429100823620772,0.517407408560045,2.3462362279040074,0.7274910620635825,1.292520476567384,2.0180533794668976,438.4827303925184
-2.2320454076775076,-0.8668345483888015,-2.1850028296493362,-0.6397747418331965,-0.5117911144410732,-1.024956447020489,-277.0327996113493
0.7198593857451627,0.31162683722479495,0.13481033298199482,-1.1781532480349213,2.010640501687175,-1.5404203596247898,35.56374438678735
1.1269736885653805,0.9223266388699951,0.9509293514880236,1.3469849215757992,0.3260941999216385,-0.2088060342919698,132.91098624855707
1.1355116975261137,0.9936059288873466,0.5523391601404909,-1.1388267111471981,-0.5821082040689989,1.2812775498785562,124.06797077787348
0.042156067438415386,-0.3548513694932323,0.26458385733128376,-0.9016608612016134,0.498324426994682,-0.43063043080942925,-69.62558143004446
0.23386147389115217,0.6332862784825772,1.36219406582022,-0.6515446441348397,2.3470013241561074,1.5968377100294793,366.28098547636307
0.677674536460513,-1.1774601283649258,2.418330638028126,0.3921620702865322,0.8440150299595273,0.5378608905010693,146.2026080818654
0.8013980240415683,1.1745137482728136,-1.2104146739744233,1.5376966934727618,1.4541210525699853,0.4021751491701909,179.58182647792702
1.1255600940823667,-0.840546586147201,1.842203619513127,-1.0879999910112919,1.7640867149402724,-1.3478104555381965,19.737671627845526
-0.23941148854135372,-0.09549327911079578,0.5742269333383672,0.5575089075120498,0.6069756231579911,-1.8324989778295553,-135.6262251460742
0.03151165354603332,-1.5924477895236961,0.3058667323326121,-0.6614378451120235,-0.04159247934866714,0.4515112394230717,-48.39978012805729
1.116992650086829,-0.2122169476620843,-0.5846387640118544,-1.7736483932992588,0.6484136557165253,1.0483523753360868,83.24454551677185
-0.4390867071422996,-0.3634818203300344,-0.3575116044528013,-0.5967571705748649,0.8716243487482322,-0.4628492869257981,-42.63997585773292
1.3227419642834408,-1.2834699124959688,0.5571863123328263,0.5144982896967579,0.056043259520649015,1.9187178089245516,153.28249285836438
-0.9015177915026126,0.17482876405440317,-0.9080034349399724,1.1678521661336996,-0.010280318539769845,-0.19296542043685808,-12.359503544179042
-1.341037031696466,-0.40099626918002723,1.1456419881101103,-0.43537941346083125,-0.976406860546049,0.5590463108711313,-28.622094406581894
0.08714186581192626,0.46121121092856165,1.6039632173226017,0.44474300879162815,1.3446600392608359,0.686641019275093,279.28519815892986
-0.48458576617165117,-0.7649974550438768,0.37045925649994976,-0.708770933775604,1.8401989044269687,-0.3713617524531738,83.05425387001682
0.5834037888546932,-0.054300809056579906,-0.477696277948413,0.8414529101012133,-0.39254870585927576,-1.1915247401754758,-95.14425593630887
1.5904899557024557,-0.7105369169910222,1.2111718528950606,0.6534462699325332,-0.4955419639241213,0.17336671662672032,20.25681820212927
0.8248477772780441,-0.9922421806835047,0.013604306550795786,-0.6751791488903667,0.018397302265133537,-0.1822234474946821,-88.31207468704378
2.048727354774472,0.9040539868514871,-1.1472768211885727,-0.1345149154735117,1.4049626565150977,0.2990151782771174,230.9565039546889
-1.817114218448272,-1.2173289289361315,1.6303347689904855,0.23462804776570328,1.8129967443301171,1.1222421108438643,148.3793485832215
-0.4353080413234951,-2.303968933568272,-0.14872476716188754,2.70791720849026,1.0281958458968337,-0.6455561418731535,-21.00852782201929
-1.462670533661906,-1.3231757560478805,-0.28022258899135427,-0.5147194934253083,1.1500868601466703,-1.7507300674694095,-173.0008947086402
0.017975084443108396,-1.0962534197744591,-1.1319690472615418,-0.7906111573536514,-0.01984476122291462,1.5100464665655404,95.07475390173153
-0.05619431116687917,-1.1868497996488232,2.080441895130548,0.49794137700560437,0.4163871752144733,0.6917498356227686,189.52236675819117
1.382307550872676,0.4259081140854173,-0.12990174217532877,0.3822092123273905,-1.4363952018534103,0.22612809106067464,-2.7508814043870267
-0.18080856443438104,0.4634600318858745,1.0288430494128773,0.08891917697133941,-0.7806621726409194,-0.29840873202512336,-28.129927624478128
-0.16155072483048752,-1.6346372138500769,-0.05162059799092328,0.038897021665993424,-0.4229103637173663,0.2952709797459673,-58.406965005308585
-0.7942015295847081,-1.6940463211439223,-0.12671986257459714,0.04271906966871399,-0.28917900813249237,0.06285727461960942,-82.89166455728781
0.5633206427765944,-0.9314409365605958,-0.0969639625257216,1.0392126286021264,0.6293258451521025,0.3302335686147775,32.72999776812968
0.9526055604266552,-0.5817915623296759,0.0487609713482038,0.9833212535854938,0.23942667322853786,-0.7864675132886404,-25.18488709045574
0.8950174014796074,-0.3748620766464407,-0.20575621732754096,1.0561149355644723,-0.19491726848765165,-0.505234795038275,-50.68771748069205
-0.5833133436997664,-2.0236192582530035,-1.027418380139014,1.001166254873737,-0.21135104234600577,-0.4370645275242038,-250.34152794315628
1.3164599326337412,-1.0429690676834664,0.23978053071609315,1.9633649726365996,0.3368200455775033,0.8137321416417066,87.59638149062266
0.24165161579661687,-0.3017893286174267,-0.28639171059817736,-0.5554689971937308,0.22028585401829537,0.5382404233141722,-28.3115314954575
-0.243004230249442,0.42049809429437884,-1.0575944590859376,-0.3370005509435238,0.5123776121995992,-1.4940648100894933,-27.395369024033855
0.6252925047778067,0.49410611513054087,-0.3133902878514939,0.7457040655180148,-0.7885042010505011,0.3550178107621281,-10.419455563950592
-0.8385499734827996,-0.7714141191858918,1.1850883866147834,0.5540426569787625,1.110705412452185,0.286665441769553,78.74273816906964
1.625450252818612,-1.4564422264264145,-0.1850182386214827,2.091740414171044,0.3305485793065531,0.07153332974153573,63.06846668942972
0.1178007336109934,0.2241779424160875,-0.4065995105871705,-0.21888025386140517,-0.4456351478614364,0.5624544641508474,-57.20726599662133
0.5853232309350467,0.3913008227527728,-0.7569763860501665,-0.5326717702242425,0.9037624890214129,0.8793899378314011,182.54423876194255
-0.7227778974829459,0.2627787089620466,0.2828778048002027,0.9363837769188735,0.4824093964398595,1.2730994511634302,165.7581470697409
-0.6124378609687948,-0.047899369418527085,-0.3157811516355937,0.36872062648785026,0.5568860329478699,-0.2998839280186653,-30.270864573385893
-0.4859296109761328,-0.6415482544740575,0.756561333257151,1.3625574224600348,0.6361522711479529,1.0334974941413038,199.8598441560178
-0.628273625103814,-0.5222925598906946,0.04934227647155754,-0.8455927546540969,0.7732287978288891,-0.2821246752142242,-61.82475394277604
2.322085831652423,-0.29329138833424434,-0.9305012179013766,-1.934267089420285,-1.295294988571198,1.8211704718667714,106.91060857911677
1.7573393267457487,0.20020486443365854,-0.7242998177157928,0.09315204298912959,0.3782294572774482,0.03301529024945872,28.775060188805174
0.3524523220291965,-0.2211818721633787,-1.5683130979764435,0.44275179724934555,0.1929536557533737,0.7153475207260538,86.51037384655613
0.8603512153097977,-0.22053196273282039,-1.1533680917795939,-0.5935682158164446,1.9030559817134698,2.380714882236694,417.42727465723976
2.2776447276965013,0.7492077794752502,2.036547066989638,1.0034600526776263,-0.6503436401829884,0.6806508902104992,152.090682511929
-1.1448498003072352,-1.2890812103402867,-1.2402744304942799,-1.6357837721737878,0.325850905497118,-0.6551416635095019,-331.38718339112444
-1.632007343725254,-0.4676472594465661,0.22158765167942118,1.443093999383691,0.5664386549379515,0.22710174890538248,61.507501133684805
1.5363992520483356,1.2226432342799805,-2.5370573942348007,1.4021840653724724,0.23565810587192873,-0.6134541110927306,53.305819636704356
0.9484705998251065,2.085952086310237,1.5921814122377396,-0.1842375091254503,0.24841620304310624,0.3554609770388621,200.42080882044823
0.7448552635697289,0.6034276571601255,1.469895340377868,-1.052338318143768,0.48937863905423423,1.3188514978672594,309.4384288563361
0.47638044660805695,0.009052380401213207,0.7424229044636486,0.5237051848989287,1.1005674496148972,-0.8739806254153214,-12.015890996711853
-1.187957389428115,-0.401536048091936,0.4416595542851392,-0.4324276710392233,0.4872352184929106,-1.1128936022618945,-172.4097856349767
1.3397593417777662,1.4706324121632002,0.3580645692053741,-0.6947667164638937,0.6976466976480576,-0.02529006924741047,223.38581067223407
-0.27027772226309643,0.2936488835687813,1.8355557869092136,0.14255560723178545,-0.24185993403253625,-0.7324176473641987,20.39466352507305
-1.0267922553907867,0.15139926772695567,0.6098513551063728,-0.14552544142560953,-1.684746061948161,-1.3815355002299166,-215.40035073205732
1.5987381364082818,-0.2628398588482234,-0.1733195018113062,0.2669172373022684,1.1487774291116875,0.6997991117780508,147.52278721961005
2.120460293927971,-1.079611745926153,1.0005332793712005,0.6780504632287141,-0.9833524568659425,1.056938812560064,87.85885802364862
1.1420678796529604,0.003109523235645793,-1.1015815014510313,-0.407037610427474,-1.1707387427261091,2.372847717747764,73.3952805761678
0.0827766535291597,-1.385941896894023,1.8524384960572446,-0.8771956957824472,-0.10459429459447746,-0.2513117156031357,-39.84056609176284
-2.2174502537983556,1.164523384782837,-0.07742167508178197,-0.11210844495652833,-0.4351688460538405,1.8428604663836134,73.25049805177402
1.4297682019892384,-1.8468852535753804,-1.8466608644668174,-0.6687036926897585,0.9673232993450075,-1.4399540391622034,-150.04712584058012
-0.19742118780388157,-0.18589043433435823,-1.0247356456106032,-0.1300461218919184,0.4717166370437487,0.18904675283490374,-19.941863797359982
-0.16321958152381033,-0.21624216425505904,0.10583512915650278,-0.429578238409907,-0.5731453343530847,-0.5756720356273842,-176.8835140660818
0.9594183651298911,-1.9855751694806878,0.9837731088126344,0.5280310003492021,0.8428245871968891,-0.41386486774498193,-0.6303220133477248
-0.8525983815750028,0.18039184101530298,0.1507837057098746,-0.44199309780888446,-1.6132322856723609,0.9167299855947654,-119.01760933093327
1.6701518846240822,1.1450442852949996,-0.48186295120780925,-1.9076384844083825,-0.8436183443976955,0.13723629763244122,-68.89801858518088
1.3330910137599257,0.43207082677360326,0.13163434247955239,-1.4144466334483272,-0.10769872040389497,-0.7181671949720179,-97.68723402928309
0.30011170862987135,-0.7524435132200817,-0.08922989826239841,-0.8058088970346754,-0.8067796402152809,0.4861185286842918,-53.92647161459802
0.5525687496483931,1.0764426949747845,0.2190242330097812,-1.3685567119228277,0.42461419811584045,-0.7428944803046891,116.26670312473429
-1.067117887909215,-0.41396851633190246,1.885949011026844,-0.23911510981754722,0.3557385019545778,-0.28921453525778146,36.66780758247719
0.27766264291964693,0.39221314528563145,-0.39590676854558526,-0.3614218284412465,-1.1028194400916045,-0.5429478967457301,-109.71551613767494
-1.2314080789989466,0.22601744416472044,-0.36886418379720504,0.7658898539451583,0.1523192142083285,0.47844818894873115,115.87138920234776
-0.8122146635379843,0.20152928404894507,-0.978355051919291,0.5890943553165136,-1.0607748783181727,0.010804772245812283,-134.68412819950908
-0.05708980465833039,-0.6891160884027498,1.8757294747962443,-0.0005742432525952087,-1.0420154897095775,0.018475721319752454,-67.0731464195903
0.13418049976011404,-0.15659595346168537,-0.931374785800362,-0.4369018200066827,-0.6690468698756173,0.5053737263359919,-30.003212102266662
1.2959371932869632,1.9606498360812588,1.0243497918244027,-0.07945414124984307,-0.22958086013858844,0.255437453168967,144.75068360257018
0.014730650177213225,1.5813610397921545,0.026083219382626473,0.5408269764398428,1.3787318614314779,2.5424919716165317,321.8978950448946
1.00664694750934,-0.748519346951136,0.5736166452879465,0.4423593346700458,1.2560144931253243,-1.4236657341579126,-5.601680298823371
-0.43171361646556955,0.8641762268559661,-1.888933999005413,1.2207192552203041,-0.9987095530464287,0.7263985575829285,-41.125875488082634
-0.5770722750405927,-1.1466400086281454,0.3419034291942638,-0.20683472119336335,0.6269781152853157,-0.624149825699342,-93.9580892401664
-0.8407014085679027,2.2516507504741172,0.011219693728896864,0.3162592029551112,0.4394281510767491,0.13979380408841086,152.11423561218143
-0.06014161578541256,0.39067499561341285,-0.11089130016395068,-1.0272384284707763,-0.7562422316689286,1.4870134732552511,95.92623315328406
1.5615234321187577,1.4305088716072778,-0.3989423521717005,1.0224801099538061,-0.5862233437980395,-1.0475629196730354,-43.93394974589917
0.4838861707856085,-0.2644384749662079,0.9151348650391409,0.716569709296441,-0.7386457530185289,-1.0027021931611353,-128.98684655387086
-0.06590864460401619,-1.3989197397998534,-1.9264272498218065,-0.60382206566038,1.135162686766718,-0.9062112049172448,-167.914570412452
1.0167276684744861,1.8527361252945722,0.5399640720137806,1.3698803644342235,0.10751720178939442,0.9072813630956605,256.7113068839587
0.3348255050539653,1.0826674598708592,-1.6957057355540839,-0.6191659227804088,2.3849868560036493,-0.5547136373627319,7.127736230715115
1.0563972028915423,-1.0506487436568617,-1.3628404380689163,0.557582049141545,0.12979700927376825,0.7673143111446468,0.5802540227658692
0.041274616257281065,-0.9654841465681453,-1.7289508967217584,1.0816502366313676,1.4897332078602552,-0.6741394727694743,-18.7020819943329
-0.5796561106822921,-0.23835155133982502,-0.8707907345646464,0.2117770933156812,-1.1972994910283852,0.47859949435168975,-149.32379989331594
0.630365308205505,0.6145475861796175,-0.39624082072845496,-0.31503014314470057,0.14821863312367678,-2.5303306858558248,-284.5445380639652
-0.184575992925043,-0.4738828754932634,1.3681596368012456,0.443468436030453,0.4127709946705771,-0.8967377028962382,-4.243476839483268
-0.09487682183393154,0.5141887479784687,0.10873727721444663,0.806685611194455,1.4190507561159287,-0.06232693854524051,116.42701434170901
-0.2786162132845833,-0.7990671318968523,1.0182861668356413,1.345307352750923,0.5412335487686278,-0.7577807211632694,-52.44772423325945
-1.0685293609834434,0.6408291556703527,0.4288520531235866,0.22152955147567094,-0.18004746829293244,-0.2390452845637773,-53.76515827002021
-0.7540059550060556,1.017940456088367,-1.6216041217906851,0.32523137366685345,-0.008816504003011037,1.428632856701687,7.898671682197687
-0.9563664130833308,0.4102042488897673,1.5569438723701459,0.12121932566888816,-1.0737448994927643,0.05214279067047646,-16.342956123450122
1.7534146151696475,0.016107211532703957,0.05705916045215349,-2.7490319998472637,1.2032208481408453,-1.7781171136466103,7.183919027191678
1.6227894709158188,1.126735841116582,-1.0505932322273868,1.61426333873163,-0.2250234375811113,-0.987099986091125,-81.99027251460937
-1.9841735570772543,-0.2257469291752489,0.8530393742811081,0.8476179223939754,-0.19020819622688206,-0.28176725432691646,-73.36933720309504
-0.9253742106771183,-0.7637837597310286,0.43471023656360624,-0.18740725794959265,0.6782332960897601,1.4361913269447182,175.81189587814208
-0.08265033513373501,-0.5231538230393361,-1.023934466186593,0.8319611911997603,-0.09909948475234065,-1.7416617841573585,-203.05029963303048
0.04009014312616151,-0.504277044176263,-0.1042471530835329,-0.26029613857803335,-0.9067235556588519,-0.7761220988115901,-117.45160753478996
-1.0197824122405932,-0.37210051675052597,-1.0076017541151625,1.5617853685413539,-1.4381308433080504,0.21512860209187315,-100.50496782502299
-0.6075589826799583,0.638579245011418,-1.2032087729449412,1.697599949517086,0.17581860965882978,-0.6610280901065984,-34.0347293018476
2.296316076052393,-0.38860621131133266,-4.080849137728211,0.2406246588258736,0.10182884857622398,-2.0589256145336794,-326.13077037590165
0.7302590816944069,-1.2089526144917402,0.16801318399125226,1.7462223576377445,-0.6647114776806359,1.5661668628752727,-23.363236766400632
-1.647517674427903,1.3250618163215464,0.5873247034040359,0.5702716380101085,0.15310707726503942,0.6404408070802534,168.47712404854076
1.5803888187429433,0.9069953986440372,-0.09659199060724445,-0.6241107310660071,1.4330391126435198,0.7235808154188365,308.9205623313443
-0.8723146344087743,-0.06458059306483238,1.1152702037153566,-0.1777740392839763,-0.19494075358417787,0.1837948050346523,9.15575605983968
0.7907204847958887,-0.3392269685202595,0.9273877403962519,0.35819982620692997,-0.16305483289933628,0.10215766150117972,-75.43668565266215
0.33813940226118516,-0.03434507795563659,-0.91794667025209,-1.20056980337194,-1.3251490157194852,0.508328506592236,-70.048506448219
-0.2966967145921496,-0.34366952648929505,-0.031984490960097256,-2.336589964035373,0.7979567715945307,-0.7314077473723717,-72.32590568260065
-0.19308071926941428,-0.541712044849911,1.174455195523033,1.0589209858156423,1.0596462458138134,0.4250588710915299,137.21649960463847
-0.20110417390267404,-0.8723850871467351,0.24571712044831034,-0.4314249701157781,-0.9679564849767048,-1.2920819410798212,-207.8899479873347
0.3367918346658723,1.5856766485409797,-0.7859912470339239,-0.4404096519209526,-1.0984592749438382,0.66452337388114,-45.70097205489588
1.4748816580280173,0.4622173989119669,1.2497917023643128,-1.359132997691301,-1.5106294365215052,-0.40299357404957603,-135.61746286944407
-0.6698386029494175,1.2218084722630633,-0.4154527950237167,1.1022391933029527,-0.4776697364601735,-0.5242872316430602,-73.79412992778347
-1.1972718287304278,-0.14341394625885925,1.1441683739267614,0.68479699204684,-0.4560093590222561,0.5288399606121289,-110.23986429978365
0.6176141883957427,-0.05342865887743204,1.716946005915065,0.8549304524357366,-0.7512688119867034,0.05379382886666302,95.5919330631952
-1.3566531258035877,0.5643619629501746,-0.2671092852179397,1.504675649289757,-0.796377039796654,-0.5208656191080422,-252.1638734225681
-2.437280917560383,1.074055536738934,0.3257742157783204,0.7291229814001858,-1.0715483850997838,-0.11217550890595145,-16.316244370086423
0.24205623236297036,-0.1736753049236318,0.22331492351532917,0.35542011726421385,-0.3132765697226953,-0.3005012680950489,-70.51540268271047
-0.027963199993940594,-0.4134653889686282,0.9717050811508832,0.4239746062172985,-0.24923446112196343,-0.731219664470363,-92.66306627943288
-0.032022256000570244,-0.2149601641858773,0.5880004701019182,1.0472619077229415,0.33192092271470885,2.4022323434213293,181.14250135854633
-1.121310806237823,-1.1884041997979744,-0.5174347934468546,-1.1696204075175907,-0.8672662768061421,1.0212453390404008,-64.32812709560935
0.11579803819090402,-0.6963551771626323,-0.03711429535990099,0.13353762680759582,-1.3697670072632961,0.890127897621871,-60.99526072060008
-1.5051919037364307,-0.8259586656173672,-0.9554720683914653,-0.503413239888793,0.23667178592630098,1.3051713847412127,26.74016489430088
0.13092885787317232,-0.9053854752122041,-0.2502710160766624,1.875383666326193,0.5110270199353282,-1.1663375447710935,-95.90612509933403
2.004654492313896,-1.9727170930204323,-0.02065400843670884,-0.050055992005389564,-0.9524620386155743,-0.42159469343321493,-101.96495750454162
0.7959760826735907,-1.0182142026071532,0.831228979701373,0.23552581657499178,1.2743453264000295,0.3067504689519237,189.1998667583869
1.4093249575269085,0.6667404511426025,-0.9436449785855632,1.1098006873998505,0.5670919682370515,0.9043161731849401,116.92133738143875
-1.687310907164468,-0.03598293398543112,0.29118439581637073,-2.4942788590442553,-0.08069089869467838,-0.9166822581791799,-120.09980229530986
0.16466145604269553,-0.9977295990017715,-0.21504084310674465,-1.0616013067589278,0.2515489237117525,-0.35899087609914826,-150.61189278405374
1.601059532449322,-0.47968360375902924,1.1365995666854727,0.05903000287333112,-1.289042013166723,-0.2354613605063038,-73.21260088934477
0.5425313966899448,0.09039392028897063,0.459820527344996,-0.8089081476120633,-0.3490713301251282,0.6569784102066429,135.0512943982779
-0.8960783440911423,0.48658754786206604,-1.7540387984600565,0.6615057134381024,0.1630027598512278,0.24102142119467615,-33.60609992169361
-1.8813450732659671,0.9723112365093854,0.24266881265877366,-0.09021370695785136,0.8917371492898504,0.6733658189467716,141.6155339980494
1.939054554818302,-0.2908951620239186,0.592582406490182,0.21041916101275152,-0.391688369934279,1.0693156774194605,197.2476010242811
-0.19948282647703483,0.40918845034145784,-0.49737845586170776,-0.25476543362816034,1.3462754176745646,-0.4633921548891531,98.82527793763748
0.3014862820201032,0.43371532254159495,-0.504228391352458,1.6808632040824636,0.8895695236787207,0.6598167025087743,190.2178408843996
2.1456556972895924,0.4434899662245164,-1.1788459912319589,0.32714059316818583,1.4858572717840746,0.5460240346897699,111.4923056094307
0.15359016101078832,-0.5781584540942338,0.6359226766722631,-1.317329295295087,-0.13677587992918538,1.2408849029216669,102.00863079860223
0.8339872378536345,1.0564264337959135,0.4258098375916159,-0.9562379367937189,0.9822267889889638,0.23008641163135687,134.11150741903052
1.7318408621611274,1.2085225812351799,-1.2290757914363968,-0.8146310225133115,-0.6662140484451344,-0.7034872871575732,-138.94064714664296
-0.22984076182611765,-0.09469832542436724,0.648516971717095,1.788447899933675,-0.2753861975901339,-0.544507185093119,-35.31051556385157
0.5161167437353765,1.3325424713351155,1.0884652347150503,1.9599959190682072,0.21161149050151667,0.37362529781322623,336.9675078217465
-0.6961937762775792,-1.4716303970455333,-1.70589671484285,0.696788963744928,-0.08175168753638239,-0.4228947346754575,-106.42373565141267
-0.801577612141406,0.46126645647851033,1.2102537068192145,0.4369203032121678,1.1294087224515754,0.3918553392064568,198.71545042547535
-0.9463831375126903,0.7846563107742778,-1.180476626280077,0.7010363506563524,-0.2284142810654611,-1.3116383979967685,-159.2149843005281
1.3491505270175688,2.6108304528287727,-0.3411967495794623,0.3745155867036887,-1.0630687664741876,-0.1164546362799403,44.803556943966036
-0.6581585774930252,0.9039245379478272,-0.41108956023364057,0.34152427490893533,-1.5084754573235142,1.3936270758350426,11.215460850001019
-0.036139767643975175,-0.26684090741216304,-1.0501037250175913,0.9484745874704841,-0.4375148976416233,-2.1996647171801054,-318.9510643451341
1.6679936714200054,0.3187216423201716,0.8359147218699945,-0.12370628300243586,0.16311783020901052,0.6006036987104378,199.92906277809806
-0.04793262914470344,0.4577339276287327,-1.0665497902068788,-1.0145837310156578,-0.11238475742007854,0.82341737665121,104.74371717491643
-0.11191357475716165,-1.3506861231963485,0.0345720349007187,-0.05039071339111086,0.1767280007509147,-1.362924536036994,-133.0856364033333
-0.1522958100057917,0.4984437390867042,0.2859350988644289,0.8215001120555611,-0.1260613443691961,0.09699305507046979,-1.351082113279496
-0.2605635381592796,-0.8943192324450151,0.06080349690253971,0.2985028462841082,-1.296297544416867,-1.1523359782940577,-278.8095102874176
-0.4656770173506576,0.04915987305908351,-0.22454521812484876,-0.6016844310037449,-1.253029462604802,-0.27852929555738654,-132.35493451489882
-0.9926289167262493,2.3004230743228202,0.23899945386552804,-0.662805178042249,-0.952178993840824,0.01925115215870311,-37.88465815456498
0.6862261924763099,-1.0683956937140648,-0.27455749572598404,0.1172442311976691,-0.22923636420944304,-0.4496253255726106,-104.0038683889163
-1.4022146423247959,-0.15838968804323106,-0.6429774985791075,0.3846097012239719,1.8647717028732398,-1.5507329425864047,-116.95614071238876
0.18638569104994238,-0.9778028652440097,1.1297639046643158,1.171687253018641,-1.3647041970464535,1.63673010095319,184.90933516925196
0.7115481783043818,-0.6589812880550067,-2.1984724242133495,0.3685149193087205,0.4466105166209689,0.26405467599654026,-2.6954115495725475
-1.6655032461564383,2.0742789517228575,-1.3770144779496742,-1.329048930914782,-0.6596146297526605,-0.4613596318554859,-71.11085338463234
-0.21466334766740125,-0.7138907605991963,0.3225146056999504,0.5338603678823991,-1.0796209316576904,-0.16021531123832303,-135.21570243863098
1.1452889023955315,0.6698675848427008,0.36134867061716247,1.5126274018444519,1.0844428908296349,1.836218831351783,357.46335368885434
2.2813929643026993,-1.4486859502872504,0.03619190224502477,-0.9270804108737489,-0.054848786262268356,-0.6388246426896496,-27.260699984413073
1.204856562601081,1.2568297504057453,-1.0508818135616098,1.2142306949732313,-0.19149052762871382,-0.06749117553541373,55.05787700403366
0.7178238474985658,0.2738668342061456,-0.677338582719273,-1.1449600849571027,0.6501102373996281,-1.198844542453879,-164.8593626338339
0.9744513485710123,1.11963568223583,-2.0542559621827716,0.015247355461172004,0.834296091152716,-0.08598645177363079,73.15050147456947
0.9387062818595713,-0.5052094926635641,-0.8902833144358614,1.6402556824578693,0.9194178543632485,1.6913493543195237,225.52104414184228
-1.2593234969492562,-1.3222312702511556,0.4112406333096907,1.5892483993196262,0.7936705396836441,-0.4405199821488763,27.327374275084814
-0.0874642644646645,-0.0007070600273322415,-0.72753959343215,-1.4405053924486892,0.21267446320717437,1.2774985815379853,90.23969595542135
-1.0540247913142107,1.1804023003597883,1.2414079060303134,1.6351823256192697,-0.9292039516862305,-1.0334099703301902,-5.187134401386054
-1.33737045316147,-0.2974300496808182,0.02397566553749944,0.09022697033660917,-1.4893326736626182,0.42577811498728496,-82.97480221635803
1.5544064455460624,-0.6801497610135636,-1.3349939474565045,-0.5454895100612213,0.3427223041399845,0.6941871431669139,29.693102768069185
0.6561450354554484,1.5825449194285384,-1.0742512285841188,-1.198686135784082,1.045714798953769,0.4518319194099639,198.4179911038848
-0.18325486587171147,-0.10741388963288234,1.2479348616930774,-0.754269203465428,-0.47491992907783764,-1.3257322046578077,-80.35533462562813
0.8328360983140043,0.7157917824408092,0.6409981080731693,-0.508829733186559,1.5606780085540066,0.11873969776628938,245.04686767722885
-0.7337998816371054,0.281070572514716,-0.4091282408484603,0.5738783657613917,-0.08671132625470965,0.8384050269644415,26.011237904880787
-0.7230166414890041,0.1938950670413417,-1.3923067740903967,-0.8765881729299818,0.221223752609676,0.35914449238238516,-70.86391178567831
-0.5773791491044673,-1.1511491780906744,-1.2296800765858213,1.043093880118998,1.2955671550369983,-1.7827127806224328,-128.15982649111322
0.2578714831911869,-0.3217034909357517,-1.2110209064050417,1.0449259063547343,-0.21040907198318815,-0.7473158750696662,-33.99751626909641
-0.17828214426030956,-1.2503941901581352,0.6560042700436913,0.26498679596037705,-1.2758878740124568,-1.2489205931825216,-227.78346043352556
-0.9402169974722516,-0.3215569434920102,1.7286498925828238,-0.20838023750361634,-0.44170926707743874,0.6991417394565429,-54.15094099625052
1.836314842676275,-0.2720335682336331,0.6622139772113558,0.3730047630685298,0.13086753477336932,0.8728414213330042,167.75135200704983
0.35971725111207087,-0.2133711004009638,-0.8471157463093749,-2.1899378907613753,-1.0533209387998899,0.008441823143256224,-200.9369194837733
-0.7352456101163922,0.0021069704340040403,-0.1369318531447699,-0.3932136842131273,1.9021299722680112,0.6155159244508533,112.53423177639547
1.4109462511047384,0.6021182873931217,0.9444952768870204,-1.639842744447308,1.5988720106657162,-0.042135023669247255,196.15965453170367
1.837528652868729,0.972524666877464,-0.42653840160332146,-0.8364129677825072,-1.128125956320206,0.43930346006321674,84.41693772754968
-1.267067248145755,-0.3847343077339492,-0.0009741262622537921,0.5124475265057568,-0.3135033266981092,-1.5325502048283042,-241.4610579631402
0.40547298172231666,0.19841568196013631,-0.19701302820476888,0.19171369976457606,0.16356543796670783,-0.9915272226466492,-103.43839686180044
0.9078220155260687,0.8271889561139605,0.5548593729301761,-0.6900061286968362,1.524615038232333,-0.5942813920676285,186.46171930237605
-0.4310059656624887,0.7771903453237815,-1.1349454999352924,-0.9528398434651582,-1.23777781993942,2.875916614011296,182.47346401043285
-0.5204841322953936,0.22643603753756802,-0.3725347259638499,-1.1589278542296024,-0.33850940793323625,2.0468639231763137,166.20056183669624
0.7680648993071972,0.9098539666353377,-0.12299158174155671,-1.3240002625123017,0.13511364648032792,0.2915055571984091,127.04410533242955
-0.7583494312784942,-0.26348697733191057,-1.365365806780386,0.6162259231899146,0.019680662043025404,-2.497804398927777,-379.68924665977113
0.19374799796013373,-2.1736959158127065,-0.29278390389608605,-0.026948415823779874,-0.017653769082879217,0.15786518626095442,-85.71182061272609
0.3740533172914102,-2.256890392036021,0.7759300376335612,-0.030631269310668317,0.10016226914049438,-1.230325511521104,-177.1063318542903
1.1006521640564388,-1.3575862053553234,-0.8991226524489899,-0.8358836281950544,-0.9639273172481786,-0.8985238533340283,-155.54263617898658
-0.36024204424422007,-1.9671226005347193,-1.2372522566637274,-0.5400527486360058,0.4019039337466171,-0.2763182532319996,-214.71031689818273
-0.13320691824235847,1.4868229995034277,0.11973909141977954,1.0500564986373415,1.5159758721365777,-0.11743895965253821,90.18041474245271
0.1250205466992585,-0.626361106295386,-1.078610108910582,-0.2324771684072486,-0.7546450795277573,1.6596250922851852,32.747787754512736
-0.06164426650396245,1.732518213145225,1.0606944459012309,-1.3455118837136306,0.285619054691192,0.4675623107575099,170.4992123540228
0.8186662538981555,1.8738017457973046,-0.8258469895754713,-1.4458536093075176,0.0033977958648475724,-0.946350628350684,-26.168050463032273
-0.032715824799912606,-1.699497798163141,0.1702576225045256,-2.395972021120611,0.5426975666814813,0.4690807867463163,-35.77422589532661
-0.5009666291815382,-0.4592183604913998,-0.6506526520701215,-0.5723925950417107,-0.2002213209576893,1.5786449933439586,54.36270737424594
-0.4476619436230907,-0.4811167379105246,-0.30902602387140116,1.381780315339541,0.3082630590741174,1.2470991765823327,166.68673647135375
2.492279994699545,-0.24208612273911298,0.7101641595870143,2.2718549851562893,0.8032536058807025,0.7977798639976634,157.54611492658483
1.6569682262518222,-0.04138328881399417,1.4328309997423279,-0.9444409607972339,-0.696764739866005,-0.9037845640964796,-84.98258537912314
-2.3412457318561213,1.4953000389904973,1.6159112349179268,-0.12662850244561843,0.2173390724538571,1.0700575468933329,184.3216748780926
-0.5726262140438344,-0.3844426544718042,0.17415767037414562,-1.473805944003852,-2.048957547129718,-0.8209783904040064,-298.1270204170545
-0.7981715140300237,0.461386917164554,1.0511649561126626,1.3156548572214561,-0.9972987573432871,0.5154425416124873,13.253422763908727
0.4066869849898249,0.6435260630086297,0.5389780206087431,0.06613612996490824,0.4047979645708414,-1.4455476338192648,-37.06149022716896
0.41048914584349555,-2.153108716712985,1.7317905011188157,-1.0668025488120887,1.3436449099416177,-0.8788704439412716,-44.30814207220635
-1.999928518000847,0.017770235323614585,-0.42316011072052656,-0.3356215759104858,-0.23048677616532728,-0.4811199659757691,-139.53055911962542
-1.0754119226969525,-0.16338775378795312,2.3741626131317384,-0.2980587753634764,0.6375068104086029,0.45709809416461955,190.63133612529802
0.6840915997952056,-0.688192163696708,-0.1928300802453534,-1.1791773512144859,-0.10682332280409695,-0.020005114742971515,-113.84206876792945
0.08315742863049819,-0.33334408814438515,1.2860076487096708,0.41782905280567467,0.4322455776372026,-0.110765600070175,18.57346208713112
-0.5320873257246045,-2.6025895632596647,0.09242486805233736,0.4837430933780334,-0.7147388459358731,-0.33534134341808863,-207.0960769279451
0.6077840404999095,0.04403083615215379,1.2451724123797394,0.2073568314575321,0.3445774738567221,0.5276223931100149,183.76352384390583
-0.8518177109615646,0.16895565471279386,0.6197327445520723,0.15613247410176426,1.0469117601935851,-1.0163414783866727,-45.89516688184732
1.5532178031076316,-0.704315812631986,1.8100230547362453,-0.39850057173213166,0.5027946449570383,1.4630052233314206,231.2154750030135
0.03296831527977914,-1.298701690759881,-2.6111152027481053,0.5716260460387881,0.03623530436738757,0.31270573938898766,-178.52525675066002
0.9885597688931462,1.3454746076933992,-0.8427111905159494,-0.631588637356135,-0.3982798390950058,-0.3545196616075001,60.6075187938914
1.710308056308717,-0.9128483664483446,-0.4444861889571675,0.15917626275905394,0.04765839382336282,-0.4126550969189224,-11.040188141470281
0.7083040871700502,0.03155675150926312,0.2813189733412442,-0.5455061587110882,0.1909634646584726,0.33782458246625446,107.45040870470125
0.7252882168905891,1.0638528638842677,0.3260235791069367,0.278290163130858,1.439749086099701,0.1870866196840559,158.759269982771
-0.1492119361290769,-0.9901364617033387,-0.34464957430715,-1.6116986702715919,-0.9994358411401327,0.6488619016846245,-110.48052297979808
-1.6366481682077791,0.5971715179980037,-0.6254880072818775,0.03134796138840994,1.0144972432790589,0.3308121922087631,52.001196217415
-0.7645514496391645,0.42016531549621267,0.17095199741935269,0.7635013970193354,-1.6950199705868758,-0.34960112489269507,-154.01200048351916
0.39122862628837285,1.030637355863855,1.0352332696339732,-1.214212347283525,0.9505962097402395,-0.3430482281553867,163.1076748127827
-0.793484417299526,0.5182247598389759,-1.501260425138049,-0.8118101279661034,0.6583732322824796,0.37406281794094987,36.01140832669519
0.22624974880437126,-0.31164777017332956,0.0041124044564533075,-0.9365784079690137,0.3240993173857412,-0.3834903878317019,-117.489846941082
-0.3669262534549605,-0.7554149460924328,1.0611018489252209,-0.4466316465204721,0.34851605071984554,0.5760466000315659,129.4188532401149
0.5736328617961132,1.3637324806144746,-0.0277618885557332,-0.2575508773870953,-0.23683975589995737,-0.37960222077973693,6.619689896796395
-1.091952051347916,-0.42348699720352473,0.6081627383657393,0.25775040354938644,0.4146347233654753,0.31467314244980754,35.39255053707065
-0.5041116639173336,0.11218824017058505,0.8767590047013751,0.9841885013723983,1.4815190232775386,-0.5233778700253982,37.5288242150517
-0.431500555299261,0.12253819617187785,-0.35487411482550535,1.6855378681618929,-1.2922805900147933,-0.7751979342412019,-119.90480165627459
0.12723533194673742,-0.611768059455171,-0.6253005018658742,-0.7713477107275938,1.1618519791333068,1.8296549075478894,189.11704489112608
0.9004781994417018,-1.6448259039026045,-1.8677384869943365,-0.3144716254428762,-1.0685087214779516,0.38410731854155244,-176.33920132014435
0.17848441872088094,0.7845576168452579,-0.5192231159445937,-1.1178094577855846,-1.753242598488572,-1.6130870672098352,-238.64790943302233
0.3769738519204261,0.15146434680991278,-0.35719989667025415,0.657326256755114,0.7489279080117615,0.8957898691735028,152.87831770337235
-0.07035062863937044,1.3869341599987994,1.5585878620662734,-2.0833936067065664,-1.033063680192784,-0.4102934738163267,-26.65940481614039
0.7482487105320804,-1.5039980072446544,2.019826800461151,0.6586515473813587,-0.051326109781007746,-1.0380853497123375,-132.58628438580746
1.1205710937856348,0.36759827346098406,-0.9134035955470262,-1.5914822446302472,1.2832566955917368,0.721901474028419,87.21285695599865
-0.9056050272365881,-1.2109395142831403,1.1702072595319284,-1.4045265923265806,0.5588683614074298,1.2844059090748343,56.51439913493736
2.6576604247895985,-1.7781364643688637,-0.38930710183824613,-1.12609902534955,0.6967990654269288,-0.20306503858650918,85.38587853055252
1.9056414589712698,0.2470587471798118,0.16003464763263983,1.266560145444735,0.3263206972589354,-1.0747696974724683,27.43451903733218
0.933672422606613,0.40882455783850036,1.0239240682191972,0.5922046819948842,1.3678644503290391,0.43754375269572787,226.32575347632485
-0.9647229207953754,-0.8145493147819031,-1.4820095407553169,-1.1636074923546385,-1.1923665293149939,-1.026746096835804,-316.49870224926343
-0.09395945689335784,-0.7188026994172123,1.2331544530833438,-0.9539932304059058,0.32808959437155133,0.861365533520954,81.28345351813857
1.5121883376958212,0.6000888594070645,1.5217849596448687,1.072949352202483,-1.7313040319251598,0.8318894825425062,89.12582559005132
0.10293528229962519,-0.010041335962276944,1.3278234998752683,1.5082843733252749,0.06438138462333005,0.4750776727222206,165.67416297983576
-0.4177589716779338,1.6537671930821798,0.40009816073653554,0.4868475743298013,0.5955884998731266,-1.535910708559903,-21.37430680040095
1.9059756985278946,1.7981901056331469,0.5340143963159676,-0.22154863445273934,0.04766384594950537,-1.3293277889277109,-12.112059476515576
-0.531632190524242,-0.7362123231442546,0.22490079420523704,0.12143287744164426,-1.646712759437199,-1.3463350162544179,-316.76363775465586
0.6825380169824983,-0.8977423017073505,-0.09448634690627353,-0.48638513215283563,-1.0452143258944284,0.1503336616489695,-4.196625260766652
-1.3574483648797289,-1.0778228405787764,0.7048575663715931,-0.5933009967998326,-1.888870774814615,-0.6706018562046175,-231.6561919350417
-1.2394977359784127,0.9299847379483349,0.048912281207543186,0.8129060826580695,-0.20046753194559758,-0.20387780500376862,-1.6634262839548501
-0.3113932817090932,-0.8270095081634182,0.27900434494901943,0.527036362758378,0.9296803711259937,-0.2381366421742829,-27.425516734406337
-0.5000072630052437,-0.3324190512187626,-0.9287487609255016,-0.6869474251569341,-0.9220259659983859,0.5852891920963255,-144.90848142251224
0.07534651803560201,-0.09072537809844795,-0.6760061743329709,1.0347160058732974,-1.5916885258091844,1.1936976279713714,1.5666163956645
-0.39901464000359715,-0.6721317544986173,-0.0550071260338627,0.8158614359800593,-0.6640653324272825,0.18284727905016826,-52.00252804979122
0.7292581079273865,-0.9008041005187523,0.5943611393834831,-0.16542183821546919,-1.1103630815987784,0.7732759782078822,94.65796438106496
-0.3857204340169766,-0.8095344021738017,0.49361301181066014,-0.9580103874851145,1.3330360777983419,-0.038741551510082045,48.488917249082434
0.01814250245772208,1.1091884497405793,0.9578468183460723,-0.3447817463380738,-0.20177928955784205,0.08428366079015467,14.109464612138517
-0.270488550214976,2.413986855231771,-0.016988070906140088,-1.5956196463695569,1.1095999477152625,-1.3114565632464734,-9.530624144137569
-0.19834460012819005,0.3176230161849938,-1.0906279701217665,-1.5600824910683768,-0.4393868853050869,0.25920429840220893,-53.778357912631776
0.4674317751431115,0.14270445901078366,0.15684296419227012,-0.04425378735560092,-2.296510333246762,0.40114929803787464,-92.4165466546301
-0.3046875979986722,1.86829404509807,-0.03206082820870594,0.7292092305242112,0.9092111639802888,-0.9516603724210091,34.67390558589922
1.1388459511049047,-2.189069237740171,-0.6270841234249283,0.19137093809008013,-0.8610338428169335,-0.34836621347809626,-168.73232331116046
-1.8815860195539351,-1.1303683869937435,0.5191451851513197,0.6003785323405199,0.82230116639281,-1.848923212287746,-213.19825299314775
-0.4392928525738984,0.48449267736122337,0.1381115655122497,0.25181186566376407,1.282748510708792,0.7591391076043357,228.9796199820263
-0.5817322808648251,1.1001252145669784,0.43112269620439453,0.018750448220597495,0.32052650037399244,0.23171921816130944,52.82855816771542
1.2760843079083464,0.7427016076970895,0.3687981675572915,-0.6775126234344616,0.5661879475728382,-1.0218034940138472,15.47859241183002
1.5957431815374432,-0.2598115871682761,-0.6914639674663143,1.2036832246811544,1.1790758805227881,-3.553519054430612,-330.9421952984699
1.37144195462743,0.4524698949878035,0.5036131108611233,-0.677476245535877,-0.3746348495679588,-1.706594147806712,-48.317013956690985
1.5156088740359221,-0.7198890803517685,-0.4210581809979198,0.35971061768957263,-0.5884829782097082,0.3320103067272454,-13.196458422158976
-0.5290673664659118,-1.643792075916256,-0.4472305373728376,-0.49873473367410853,-1.2616025791084775,0.6830134292281617,-217.80584550821615
0.3168272123593153,-1.2445491995663929,-0.38619129953832,-1.047854337398777,-0.29820746918873997,0.3544710194038075,-8.135960419774257
-0.5205027226226904,0.40149600354965437,0.3295473651943872,0.4794882762392477,-0.09981095927910738,-1.5681448105024227,-132.62385995866384
-0.05857372131112047,0.8751649437501946,0.3985771277808741,-0.06165539796379424,-1.0831585691401868,-0.8716795828519317,-99.73563580412443
-0.6997718662099117,1.6407433700706773,-0.7557051650467168,0.160865252147372,0.583398942402359,-0.32487740285117245,96.60443348823136
-1.1408326081527924,-3.1671431816554225,-0.3283464041728839,-0.8077979637538282,0.8111923807851331,-1.4455492434680668,-198.8216718084352
-1.3001606280486,-1.4411959712259905,1.256416576046905,0.6603215842543546,0.24731345982891623,1.1006461869967947,133.38261769641346
1.225758805300759,0.609265950567887,1.1486365720074332,-0.024133124246327048,-0.05052801126928123,-0.5691024721674627,86.00040189903004
1.4782527450884497,-2.2743905874893082,0.3125782640297426,-0.06182635561391172,2.6746140540100067,0.1655469413431888,105.35517586562571
-0.14014143395013023,-0.4491608958179618,-0.39652399902527197,0.3493952590613488,0.5494386327963156,-0.26437411626230045,-51.635135913187085
-0.955479625333402,-1.5915055433236789,-0.5620557266715526,0.40316231720990914,0.4473118721840399,0.4423951788908013,-55.02748416393364
1.4398794938099764,0.2083218300882313,1.802861670821284,-0.6763528183585813,-0.5731261938172149,-0.6605544091608605,-6.5336655475166125
-0.08958954264080601,0.7917431045458281,-1.5367792845102133,-0.9855837045327245,0.18439212651507658,0.48738238016589874,-9.418022758106346
-0.18194878529635813,1.6476908476337109,0.36412766531900465,0.4069325953989458,-0.5841754257508117,-1.3315545621525209,-22.071834712001277
1.3995703841503,0.7808868720965197,0.47902397887160103,-0.17568542811010604,1.7303697972486416,-0.12230042479926127,176.08815775874598
-0.9569713275715153,1.3078864444855047,-0.44878884022397064,0.4197095100357231,0.9655867920174837,-1.2178296308910823,35.02622748939961
-2.1533966880561572,-0.9908194429668935,-0.2905986914399629,0.11271441824117023,-0.2106575315010079,0.8278775102079791,-10.735895292772113
0.0434478896399579,0.4443185187041557,0.28925317596843564,0.9335610618825283,0.4426180330190084,1.2893240648010458,248.16477583646324
1.1900251242507793,0.5411834347119728,0.25343443468314525,-0.3094466817372407,0.7940951040032762,0.46144111954105904,244.90527119177668
-1.0752291154303204,-0.0891759570768686,-0.8395228414320773,0.7961268295825036,0.6467270890267183,1.6381817802920435,185.56868902981782
-0.22708323543922923,0.9728695776054761,-0.6973984545870507,0.5513427249147769,1.9060365002188235,1.2272827558125536,290.1815049988368
0.4104914241037538,0.6238661936800456,-0.10552089178329598,0.2386332185149803,0.9065148404566058,2.2847457727317386,307.19941492774103
-0.12436808171597151,0.461956347546656,0.1055073539234313,1.2539301914942678,1.5369985883090433,-0.3786703364359068,146.51926824945502
-0.4616188913417005,0.5323016566955585,0.6438427990952572,-2.2133547381586913,-0.7625213620799924,0.5888497209585009,19.21768550046355
-1.27039373746719,-0.11501903019715447,0.5585500941055626,-0.2979917166404371,1.2512410738791464,1.0480165811907765,134.44071109052055
-1.045457224901964,1.439969984785715,-0.13411670416704607,-1.7599323140035796,1.352083331123674,-0.8200815474681935,-26.55471821084201
0.2061833995356932,-0.09540296003696122,-0.25076671069217393,-1.0967194063457155,-0.49900246426112893,-0.15645197201872707,-33.743670076428174
1.0247111895501015,-0.4499187330570044,0.5034036170549152,-0.264946842146065,0.23872033001398876,1.9322343505594095,292.50098600576223
-0.7175558647745179,-1.890461783749995,1.3880497240757137,1.6654398424032202,-0.07959583304784333,-0.7467497717930224,-88.05636438017422
-0.6336219788284708,-0.1328646039512677,1.5479559782987515,-0.1737897715740472,-0.031332690551777,-1.3478165794957249,-23.274919485304935
-0.8809568460942659,-0.24104255541646594,-0.9146805462231115,-1.2709689430415818,2.2645663424638722,-0.4044743164348581,13.065209612187129
1.5486433709997531,-0.20902092055205537,0.5569637473603697,0.23453282513030257,-1.043352873411426,1.0526941560650311,-20.64340035523246
-0.9390022350525342,0.9073288833780566,-1.7819555607769961,0.1448685352577864,-1.3282381394799327,-1.275426642245614,-263.41849785582485
0.17542482113639432,0.5578468391712893,0.6486248509362567,0.46611044007597846,-0.2578794871002473,-0.6261124644092555,-53.020166410715774
-0.06708437128428542,1.5610923906501422,-1.5653400461350397,-0.18918170287114025,0.8141621227774533,-0.3909374838671661,162.79847543996289
1.1751641544168576,0.5793822757212082,-0.7633812966939632,1.6678850188445022,-1.881145988357289,0.5337375505262677,7.473087767596027
0.9992855327021558,0.1289388858397104,-0.9737367897278957,0.07971013964879503,1.0858007117682702,0.3482412823053663,84.52429523344837
0.4164805961260761,-0.18506047524941882,0.6627008998372327,1.027640687927306,0.27665424089241414,-0.7072854382868728,-3.120665249458307
1.457226162211409,0.7709140094988102,-1.0417877945417382,-0.9744088192885323,0.570115820973851,1.00970906752698,108.61974533946966
1.0746798950945502,-0.07776742211994506,-0.9228938860797087,0.7849339546217812,-0.5047625080920002,2.137241568024112,119.08664405259552
1.4030912434005796,0.4676827691207136,-1.0806542612033758,0.8271466197242379,0.2220370901521718,0.4557078530420368,123.92404702531337
-0.4596580259093286,0.45854948856612593,-0.5490049602524808,-0.3059869691292625,0.17676124824048148,-2.4652059621529068,-218.08646321697302
-1.4034968719506256,-1.2705435740447282,1.4470843070149233,0.8685213082926924,1.4105768288647447,1.2975994804332072,143.02062128659423
0.8230143876145359,1.2583385846558577,1.6541166068382083,-1.5096951181429978,0.5349416953709192,-1.1042661238563534,-26.413698341897614
-0.7081217233446315,0.572532122981608,-0.5650320014909309,1.141678372318668,-0.13164244594444813,-0.30824036957200357,-97.04666052368938
-0.3151779407720859,0.9368917359378905,-0.7743221136156562,0.100940087094861,0.009537288094542951,-0.98918968465617,-66.12595722978973
-0.6748903413636161,-0.6450866938061569,-0.30546789563576704,0.8909127397980702,-0.9941334851409623,-0.7082638848581032,-178.1302327982805
-0.04654981726139261,-1.018697934054627,0.5407122377010221,0.9217345697802815,0.9427957681359015,0.7650875524203814,149.3990717266441
0.3167432153705817,1.5145384557738142,-1.4340357773347827,-0.4457671496778746,-0.9980504040150713,0.48523481398172386,-42.095292984539846
1.0421690609644785,0.6900139374402483,-1.0376883308811895,-0.09032972121734278,0.14263992940147838,-0.7969673582152877,-138.51032493875863
-1.464723823103474,-0.09448833632301452,1.6146043366952043,-0.5897145162358974,1.5654507230560064,-0.3100101317513157,66.08283359759585
-1.1243646535861989,0.9215803121233068,0.6987762467714852,-0.20896948752966257,0.44759087642487944,-0.9993062030119875,-38.48658867891284
-0.40538965741371275,0.2239555277056178,-0.2771755314100513,-0.6898610642193594,-1.0880386484183497,1.0092059783749314,1.6741957583674498
-0.040912683039018086,-0.5210891743646822,-1.1961029864688835,2.62236248285798,-0.3787376439048965,-0.20616209467885946,-104.15436953482168
-1.0484481949222135,-0.9367436428059974,0.14384107703840654,-1.105445063843082,0.135379226567973,0.17513403877599645,-37.29469866592639
0.4037075407306972,0.7758802770558928,-0.2992854994179719,1.515297183409335,1.4891477047864619,-1.7700014300964113,-62.10188538122792
0.329969391599536,0.2642692068946881,-2.140440094450401,-0.8726457800347277,-1.0043343587175602,-0.6500261982297376,-210.86751907915675
-0.8931816857826007,0.2142908331303233,-0.49901137470500223,-0.12173892769507433,0.31967580123748573,0.539954630369672,78.32420709052074
2.4577773021643994,-0.9314456101056524,-0.10913612430168855,-0.0007463587654161197,1.1585079253379096,1.2657788474222602,191.77883673126502
-0.5469747660491103,-1.1631442455946932,-1.0372496335751067,1.3617637062146495,-3.3505607380643316,0.49247354563671647,-362.4661122423092
-0.9735610601941298,-0.41749932962901637,1.3307658558605755,-0.34656733648710913,-0.5265201963143618,0.8067481282908978,42.493355489425156
0.30634851163687626,-0.5500423275795555,-0.5896912554672985,-1.0276176850871541,0.2180828975515903,-0.8873751107747636,-172.76663871182484
-1.0455174975821613,-0.9972292196342726,1.8524821659346806,0.2543384648114006,-0.7126217505831018,1.6995425543845413,57.67971571453539
0.19120846877877382,0.5904443495594561,-1.0793137030629476,0.7174632266527559,0.913537889332303,-0.5628848628409955,-69.60939789571168
-0.04406397571246476,-0.3773151464520213,1.26010192538421,-2.3746399231429396,-1.769636078795099,0.0985209597931824,-173.97181917445243
-0.7566350242594425,-0.2982430178468614,0.4208766745666198,-0.6168784283982928,0.6073558428887919,1.27233707401835,136.75525314433926
-0.35829652427334685,0.4769508134755194,0.928928220794282,0.6941454488784423,-1.4285094360110095,0.6176137716031244,-50.465153567696944
-0.2508858258212277,1.3391897359049465,0.5246859762208078,0.6765450729381407,2.4304443494224093,-0.35770866822162145,206.80858450703676
-0.4854077861318,-2.7260926048048146,0.732281933614376,-0.5640697502563127,0.6561245336656273,-2.598009939290383,-269.25109567379195
-0.3691640989201288,0.21623493203896496,0.8865752084496852,0.046884471199024294,1.2943153848089612,0.46212763508814364,152.4844502365694
0.004899133482566759,0.22424131926464858,1.4407269469423476,0.1365899379995306,1.3495804021883955,-1.4254937974719557,25.37465182231356
-0.929428197240201,0.2876422950118808,0.8726255398639039,-1.4205486583629139,0.5111181227818544,0.1119394766813216,69.37274666530818
-1.4602033460912722,-0.18762249484549756,0.6022311583763879,0.8601666784973915,-0.6456417036788397,1.3411774641111827,-12.789659877784288
-0.5591119210748297,1.7284761494128553,-0.8591995118331003,0.5567871934167238,-1.1343827097445893,-2.1663712047063592,-296.05846586302704
-1.0552746172205592,-0.4289826888662441,0.28675521023842326,-1.0577057247917179,1.3329297280209735,-0.06781549456048741,39.911638774700094
0.24498816315924415,1.0647157289361007,-0.44711562263019106,-1.6078361042870686,0.24433862270568413,0.9212201897836381,94.72742821628034
0.9726331765241794,0.12261152109655732,-1.31703833992053,-0.7212258128677178,-1.2981721328830456,-0.135975030272898,-155.71756573005692
0.03290697262803008,-0.6727272832033097,0.9862121893832385,0.5000935256377883,-1.3111663598304804,0.5587015992131231,-10.893828790763084
0.5213776015498722,0.24026990615860447,-2.367544297158328,0.8509219903922797,-0.3480701682236705,0.3782305612774998,53.738383774222406
-1.0707687515981286,0.366721847424986,-0.36983883443994603,-0.9696202539635586,0.23569035711551573,-1.1311766788776663,-162.88679684730107
0.2369624740650176,1.52876027753201,0.7589168653350093,-0.6717940902342295,-1.1375037828083898,1.5851999572735613,124.63363766281563
-1.2069654399801308,-0.7335019976751389,-0.9765657057328522,0.3091806504924711,-0.8886993127115546,-0.7833746042543676,-297.7951562904494
0.604174962084083,-0.4932661830927739,-0.6850652242584915,-0.22963633471740313,-0.8842677851165976,0.46632798447726126,-123.32933643538166
0.16945218037130208,-0.6455031641863223,0.6892489988524056,0.6706984841721709,0.6796630022179696,-1.3206127550992852,-70.97044391066032
-1.714573379645774,1.4250703507141962,-1.1697150047105545,-1.207773200836943,-0.0775575205296637,0.21754767862724916,-36.09894503861061
1.6866422491750184,0.5306863784196787,-0.4599912070011961,-0.18394802771440996,0.30286427055493226,0.9755139534444228,111.71794269251092
-0.39269885036810975,0.013472101593197307,0.7251246732028485,-0.3454540304546574,0.9984323106182473,-0.5588149464899071,48.187648808438325
-0.15898884530808988,0.536321525707521,-1.5569017489894852,-0.9181781676164412,-0.6654968217781349,1.2060147727677117,11.309348264631762
0.21586323053796788,-0.7596472092193638,-1.398636562883517,-1.3699220868569089,-1.9723526829028717,-0.007938305947895772,-288.52191471992387
0.5406896494231622,1.1950994539069313,1.6310716962232603,-0.8154365283208349,1.4583174204774223,-0.18903269251906255,113.3465366991669
-0.5766111054761213,0.046471474876152226,0.5778258818698497,0.9824496276261341,-0.4924458407423473,-0.061958136729978526,14.804597019309988
-0.873094008719965,0.36743766857695,-1.3831496797191607,0.7165283921057218,-0.6960286388306214,0.4526219529418631,-95.17749625583272
-1.208970835532887,-0.7021308899480172,1.285797257074938,0.29942219759781735,-0.05969110221283696,-0.07579469732442813,-52.45905373510292
0.1774989975198497,-0.450162399037546,-0.2156017520307215,-0.20736949103985497,-2.4862249704787183,-1.256883479236769,-374.0837222009798
-0.8054284645685852,0.4072003502006157,-0.7391335046803915,-1.548977522143969,0.7900676523169096,-1.233637023610009,-111.88265707145493
0.17674442996112144,0.5793834104555865,-1.3022701413214401,-0.325285379264009,0.6339495711191635,0.9245378769751341,162.44653602759618
0.5195218216912644,-0.504246317531814,0.26278155614834325,-0.23181875041562588,-0.4449594194375467,0.11872037276898025,6.830402572109321
1.3052332248543188,-0.21868700377818956,-0.7362778409263375,0.7857076298168101,0.636639574609242,0.2583703894677791,45.919065612965355
0.4937873529540883,3.4973661369333704,0.3509052825554819,-0.0148298163554806,1.0537991722266895,-1.544287637560169,180.26978560453506
0.40126531084594513,-0.3944924182645477,-0.8649666874864342,2.6154444274685904,0.913930008987305,-0.6015406683057396,12.714554347958297
0.4170826244015567,0.23645825616225497,0.44849740854309433,1.494908027226963,0.24733238678516445,-0.03699879662203492,176.41869140565416
2.653870086358449,-1.5973547453506263,-0.5499600417531374,-0.9396610498022553,0.13371554994458734,-0.7671559017454791,-87.07259693455016
-0.8246570381743398,0.15732844045678643,0.6213061512537266,0.595889875816322,0.2236523570241847,0.810431761474253,108.46013195866925
-1.6766790578662885,-0.4176279405043689,-0.35643891971207003,0.6241014072788691,0.4017453454674609,-0.34276227847743235,-23.803544860429355
1.305247371506988,1.4788957057364869,0.8101361521579532,1.946436962496773,-0.1962721238743468,-0.05953006764439189,118.65206178902811
-0.4845282582109014,0.08658664493215705,2.4045605055988504,2.076687728041594,-1.1463568113090992,-0.013180317833193431,4.967486709059692
-0.7423698719696511,1.7135189781590352,0.6607758444096725,-0.24335175032641487,1.1166998133923638,-1.33590371573696,117.23473717855673
0.1286641470367133,0.8887544908447269,1.622395643625657,0.12206254813697401,0.5838122850926167,-0.01102700482103081,236.3188338394935
1.3928849976159074,1.9128270270701833,0.5852681263071042,-0.28169789993690825,0.26379344105953256,0.6073046706084565,187.24832260475802
-0.0333121575517144,-0.17691215289544443,0.7841076043631962,0.10581570531075851,-1.1919014446944798,0.63572296020159,8.745778307539487
-0.004133101756455242,1.604037332520797,0.39178761166713866,-1.3478641811330527,1.3638469150297552,2.359579253981828,405.7893883867091
-1.2671799030004207,-1.8525732248127915,-0.026609271780940268,1.3373521029528175,-0.15786812874985898,0.5556982843707575,-8.420996181797108
-0.65222336480456,1.402921807677396,0.389776532025687,-1.6964064235905298,0.31895666599840805,-0.9297918167536642,27.352914118542756
0.6122140975352977,-0.6382161901731255,-0.9042800257386194,0.7719064836321873,-1.4228688189715022,-0.12451494011579844,-144.19169111346835
-0.5866109489117514,0.13410728121559154,-0.5471075230824108,0.6422684318243701,-0.9571343481221796,-0.04494930232142641,-79.24282845855666
0.38178443931073125,0.070918615272973,1.7793667267370998,0.4430543448402296,0.44516970979505244,-0.09043581697533584,56.1060634566561
0.5949899478321755,-0.4840281905801773,-1.1417291497711253,-0.5121941444630468,-1.38432210462548,-0.021684293095491965,-173.43635904640092
1.1849700461946682,0.7652924567812193,-0.7131990582017143,0.3724172784698254,-0.03378930913617777,-0.7732031558544417,-36.279914192347775
-1.610215447748465,-0.13688013183252024,-0.4438019317862431,0.7832385636088462,-0.20288500803962192,1.1976227827258041,81.88710161248638
0.6624858810870041,-0.9076163706218745,-1.2683935100662482,1.2345307721240657,-0.6503255825430844,0.5217762077683231,-53.898350524716896
-0.15942997415358076,0.48490369912832454,-0.7499312996144393,-0.2521745082068121,-0.5118828572550159,-1.7044895390481904,-302.06644726634767
-0.6446891206975731,-1.5781049605632778,-0.35607392731605036,-0.8067324488147313,0.678458828395477,0.8935858667293172,-6.450022986006999
0.8884161131217788,0.7826630329754941,0.6367589775668131,-2.4718987337575062,-1.4962079795777026,-0.8275466945896358,-56.7500437584207
-1.853619938430912,-0.7410621832234133,-1.0061041013026628,1.9513139545411702,-0.25208023251107325,0.4219897410720867,-35.88230292317387
1.4306628656067109,0.7459961453069419,0.0002842848794834872,-0.3883628400269428,-0.41755375066929595,-0.8086717841643165,-54.31962039852697
0.5359081144772299,0.5001729725646972,-0.9551532595332978,0.26516467729190246,0.8997575857105722,-0.18566835001555337,32.46182787173356
-0.2691969929899765,1.3699755314979045,-0.06647849158479326,-0.37047238246983644,0.7744008937367124,-0.43223211323780986,26.613402684684402
-1.055303291138712,-0.05289825383612729,-1.0640633895058194,3.454288080399286,1.4628178383493429,-0.8977298645473086,50.989664158971124
-1.183985353589356,-0.7210256589451487,-0.733042220153791,0.6889726437086034,-1.375470485311108,0.09174735680766773,-259.7010920889115
0.5686121672641569,0.19941072768886253,0.18051387429748594,-0.6121607957183645,-1.6902505331574884,1.5023737557486159,8.0476410298539
-1.16104721315627,0.6518511171086258,-0.2133822045809605,0.708887905376123,-1.2107959572063558,-0.6670592982135035,-191.20976139455644
0.3392385976066183,0.995655144500687,1.1234280988170977,0.43726559247509295,-1.2155891689949727,1.651829186834937,178.05724165174155
2.116187044007763,-0.5674145591526077,0.9329072466113356,-1.2976142488485671,-0.6047140134239627,-1.3350700740536872,-150.21419705796782
0.050563115734938456,0.08817470258490663,0.2159597136202804,-0.5715550494477676,-0.9612718783786941,0.5324248345409052,-45.96411953895489
0.24720170312460282,-0.5561794801077504,-1.8980890767787906,0.5227624696653101,-1.1709148982688562,0.14087040903560305,-188.76959268916278
0.8390746612791453,0.5056983598469306,1.533058985104379,0.415952154030878,0.5965064597902799,-1.5020158292449501,64.42031118313268
-1.8206618173114586,1.0064345801855226,0.17224045249086056,-0.14195679822271245,0.06866078176131374,-2.0569804737355124,-215.9575748489294
0.36150108865489766,0.7155465773113804,0.28671734178609,0.1298566094712527,-1.1149550968335635,-0.5100042852611597,-77.9326270241285
-1.588524551278731,0.619449601754247,-1.2014061334247867,-0.9335972790290203,2.441612368979089,-0.3133069240601661,101.609181315765
0.979103532136201,0.040812191662713326,1.514744205883281,-0.43521775675890906,1.0900493508819222,0.400833153897967,133.8992818601984
-0.6117829133768375,0.5680750770860611,0.4240584910319988,0.23626942613541924,0.5985336696595075,-0.433879243070818,-47.849227686151764
0.4577362069001826,-2.1763313701866074,-1.1516464214160516,-0.027228380012124232,0.40028555986547215,0.7277668866327697,-76.72980795419932
0.37118905306528815,0.4648612999330123,-0.28704322966171364,1.038289059617589,-1.2572911847938637,0.5606598802384051,9.351483370448452
0.2901121759581784,-0.6062943028954146,-0.4220075582690691,-0.739267971974446,0.07507115251673911,1.741860888217588,152.89332371754844
0.4205985534954006,-0.4453205799023939,-0.27614520485949334,0.06749162223342191,-1.2114490403688154,-1.8636147303562234,-347.36525615546634
0.32352110750208063,1.5631611799520904,-1.111157057486296,1.1103450744858654,-1.2998460733664674,0.1274827899861791,-14.972975206079393
0.17429363642549744,0.5202800451179342,-1.2376319665623121,0.00730176774680365,0.4274122018158098,1.441462041281368,226.1039748087208
0.07103353301052362,-2.747624074621373,-0.745104130978771,-1.5459594546556137,1.4297906584030373,-1.0483194505182993,-119.48590291275258
-0.6349654168530432,-0.8882034534610309,-1.643103440719506,-0.18511969209306606,-0.6387558011208943,-0.2531577520358258,-210.11391235726146
0.5024466006556453,-0.46668916965183427,-0.5094030432968677,0.6706837964587794,1.071888624481207,-2.0161776655950265,-100.37023268182874
0.6595642206213422,1.7696815619605195,0.541004281569447,-0.8687975510652668,-0.5178714479948979,-0.5606029567960761,-96.65651456417127
-0.45527300834678747,-0.5664996956704417,0.2264087524291677,0.057742378777247444,-0.7819334519175831,-0.6154850790939963,-176.45880923014917
-1.7247412237078599,0.7044775598824904,-0.8963358892978813,-0.09544728973928146,-1.8584846242462232,-0.8737408507863814,-385.25251613623203
0.9456041481887248,0.7972529615679359,2.2354735637674206,0.7374069700907071,-1.8634905981174583,0.7940229507880416,-57.5754921880371
-1.0373897476983365,-1.9402204943852226,-0.6060036336093109,3.1999627035322646,-0.287550540323111,-0.685516146223883,-232.23841436621802
0.647064547751791,-2.0092757022222423,0.831382508730707,0.4221825181891539,-1.3778546328452046,-0.5556472187011608,-248.6420355566229
1.2459577066406073,-0.3335709574876926,-0.5087093416963958,-0.9823638140107995,-0.9427317188087898,0.39147790880628697,-58.947964795500916
-0.36208631071933717,-0.4828443513194491,-0.3269802503177555,0.03583775892891231,-1.6555068957119043,-0.5357132620239886,-309.4379760855731
0.3162597720975213,1.0523477679344453,0.6538983827626764,0.18826311702961454,-1.1958035921816852,0.08284833188413586,53.15712903357531
0.7622270889558637,-1.1843755419051685,-1.425683475407002,-1.052605417906311,1.7758595905356518,-0.05298211520177689,-16.890401909223513
0.5627804785221207,0.64084882464189,0.8694552685191922,0.5713649530213143,0.697783484280785,-0.1591120050217694,75.58503018504592
-1.5782121491592196,-0.2739817588906999,1.742136308493532,-0.02294921612849928,0.7785309955527928,-0.1275942228170906,75.71494632786326
0.8177282740454608,-0.4400935336438941,0.23051384479260734,-0.18914487545263392,0.30934970573161347,-1.1651016808657757,-114.63667139845126
1.0731746340108033,-2.2063066391654838,-2.269961040960484,0.7184099589456573,0.03295585118760971,1.642906837954437,-86.0465077860168
-0.8099921603978568,0.8604720589244966,-0.48005526756174655,0.243101105296413,0.7564339999739211,-0.8078068374741563,37.28995003927812
-0.8568126008825803,-2.3466530439009454,0.4351452766946873,-0.13420102687273416,1.7792048938639509,-0.7289342929502853,-69.4526147694786
0.22385794118874422,0.9096154851915708,0.6076941907201958,0.4117856330228876,0.6408798121826305,-1.3791530308506699,-55.83375669996746
0.8873707678727331,1.1710355190339576,0.36437305799184244,-1.532914618725049,0.9465043795522149,-2.2092951135186083,-62.73001279747366
0.59563073397178,-1.5936003107921994,1.3441830136808122,0.5776859621485273,0.17790813004098754,0.5099612603722518,92.98744760812545
0.5181055764160949,-0.48087080350694117,0.34139921077863405,1.5094834811905147,1.48169612308987,-0.14041480785592703,129.29211436553874
-1.2793564343844976,0.15643711755569584,-1.6277960105020695,1.1811299911208908,0.11589060170985536,0.8648958492030189,88.32073413869699
-0.3554753566767097,-0.23042714405210546,1.3705396111509152,0.06044128103097258,-0.8044932019934595,0.8029241641393932,116.50351877824826
0.38375071205131167,-0.7354088239337327,0.45390736835227774,1.2487650759465614,1.4625941880269937,-0.37891178777001494,58.62213396714512
-0.6691774042285029,0.7405584159358864,-0.3208486437925891,1.1539281072299217,1.1088848258218995,-0.2182299596371887,174.17424252991788
0.5594770408406865,1.6049703142374088,0.12239567454809334,-0.7102678190124719,-0.501588560116322,0.8655335044107187,156.0918848573672
-0.9907629106695108,-0.13159254144037064,-0.3016478218918807,-0.40927792969034893,0.8019877512339233,0.40367866985612716,143.75543116225032
1.2294148728824257,-0.5344213555561643,-0.919384451671159,-0.43228465321617815,0.06556656575244799,0.15364053348108273,-37.13891686239307
-0.4688878607177829,1.826547631328742,0.9405095857061861,0.6658524771811067,-0.25558522317329596,-1.3902962557515681,-10.35307119986507
-1.0115014863152172,0.25011580092499947,0.7098819401149474,0.047739838168665664,-1.1907809850009798,-0.9797401432212224,-225.29212128711524
-0.04816016275561246,-0.6523182040294099,-0.1905115914046726,0.39649160881126216,1.8823585360340136,-1.6490019608684485,-29.780083718767084
1.015669487433053,-1.4366383185279135,-0.19582134900187817,0.8373505952354426,-1.9058262423488468,-0.977021109402762,-232.14097730854013
-0.027247440081795603,-1.0604459519249194,-0.07740667571448819,-0.7616041189298289,-0.4512055528133919,-0.14424678814058994,-151.8923900801943
0.3346661539459118,1.1371906779436303,-0.9420739648591151,0.8419753299900595,-0.6514826754970574,2.204289282803337,208.33792572379372
-0.7776754009106854,-0.3836234481640438,2.7788642167278566,-0.8489125403315679,-0.23035526674741455,-0.3669183945509031,-35.10060010655746
-1.0479007152151598,-0.7719544198968391,-0.49768245364452696,0.9675867064194953,-0.9831981721829436,1.4558849284456878,-26.11068210632917
0.40276240397516644,0.1125900193402212,-0.1382991031363025,-0.012393240706903147,-0.18774867308589555,0.6369913094944862,105.36748825552418
0.349950423512844,0.38245660580718216,-0.6678711351103497,0.43050627315923995,-1.1828142268404405,-1.3663210681009164,-197.74509331733813
1.4623495961689688,-0.6763827731152859,-0.5346585818277941,0.9157259772982119,1.0389376883655415,0.4681592413286289,178.6863659214241
0.04011225036688197,1.121237133937987,-0.5373917622880624,1.7246729028078625,0.5769706049844512,2.709009679319584,288.61642129544407
0.30477168287933465,1.476499826728296,0.5588053323218808,-0.5736114996585997,0.023755090910903866,-0.6959567433503115,154.89848489450213
-1.0844880647077728,-1.2999227017953585,0.5005156908275793,-0.23596875509129678,-1.1152540816270498,-1.067073123509332,-260.250023387876
-0.45413850226151925,-1.5947225901164912,-1.3832125271391877,1.2636151305386403,0.22421521749914122,-1.3247462257905551,-191.8364483447955
-0.12322167103424209,0.7449688282393143,0.07354212989241811,-0.1419735599426608,-0.8001527988204428,2.2325579475651525,173.47850846269253
2.667854121811272,0.14304980216904042,-0.16509915126806407,-1.3182124529382933,-0.49951127814993485,1.4920353956696486,195.65837348239376
-0.8706932955906549,0.4537341372590061,1.3755836521534988,0.34715884487282656,-0.9235220799042567,-0.15902779931352942,7.238985126637758
0.6346118266327441,-0.2615864770430693,1.1026525830295826,-0.9001675844061997,-0.948539226415616,-2.409954292548681,-235.71212599371734
0.8419091532247893,-0.1718149759662792,0.30840731241413516,-0.5712054100609492,0.7669085523017665,0.37570486147213583,182.9268580183891
0.0017097554062771854,0.6065645340225944,0.4260551706529318,0.8138415520618854,1.4288375866921743,-0.22314451996065812,163.8327744681112
-0.17387753013986262,-1.2044935891897446,1.5212634539315313,-1.3060275209816283,0.14380564445609523,-0.45918257053583855,-44.03172181861151
-0.9859141837929363,-0.9282378958527591,-1.6150151015189906,-0.28634032784421104,-0.021668258979336583,-0.3034171321160971,-200.427894968748
0.1017640835040964,-1.3209418473064376,0.2671056069272632,-0.6731060777848661,1.1234396161851588,-0.3956550035689173,9.60437764738867
-1.7015230018112688,0.7331220725342236,-0.34696760733028104,-0.13796965855578577,0.23308409797648552,-0.2864049187895873,-115.3365889708299
-0.5415021223083321,1.4669219449932855,-0.9656236908092524,-0.5463678836570647,1.238564671381033,-1.1446069171744653,-10.65805059891853
-1.7855195680636182,-1.1972015969331131,-0.7598691159336276,0.4084114375327325,0.16342914231138825,-0.5025527504778812,-143.58376675851716
-0.8928622195088729,-1.1374470661504856,0.6967653228908368,-1.5671150805510734,-0.9773055308429979,1.947749938106499,11.612695663967475
0.47228062881957755,1.5277494971437486,0.022009046795476106,-0.9931209638248392,-0.4057943412533163,0.990951791058682,139.5878344879705
-1.5676469672554494,-0.2525459184383747,1.215220760819815,0.22032039439867454,-0.2873925077736729,-1.6785303340842417,-217.91557659094883
0.9635615487082287,0.40294890162437236,-1.1439875389808773,0.278169651711649,-1.0042306494611768,0.5627846555341679,-55.28286233683189
0.1614929079715372,-0.5179078891645886,-0.050253722747122524,-1.3735713215286056,1.0350021558872204,0.18721782649443777,55.15034744390954
-0.19137773261413418,2.318244974473429,0.2548555832711765,-0.8726307450518025,-0.7764381847339595,0.5457454909523791,98.75107551705233
-0.996975301480652,0.029702069822767196,-0.60206700762942,1.015693183448877,0.6163613851631137,-1.3041947601661126,-45.715108191373275
0.6490367184133313,-0.2625428127549665,0.015501936658123171,-0.024467249109750393,0.026535242030555548,-0.7878460947441374,-36.44718505298858
-1.5826627473174049,0.9556873469953612,0.9774883029439245,-0.005098222647933892,0.5874512218404266,-2.8259502143057555,-180.28176674462847
-1.6631542347971418,1.3078489548466852,2.227912574433769,-1.0681064874802695,1.5600429207411421,-0.8984853635316336,64.0927939790206
0.8971657399816192,0.542070166599157,0.20044597797750902,0.7278609383718097,-0.6734060868219571,-1.114111846417607,-115.31519560668029
-1.5051656498684227,-1.2966649752716017,0.49434597434332156,-0.8227161962000165,0.43245139549641487,1.3373258508708799,129.8419357133401
-1.176236111416727,0.3545190851669149,1.3005893963872939,0.4494892619530308,2.1830431772998216,0.041758270984308496,208.83507981311837
-2.043952732869055,-0.6945086322444602,0.602256283163347,-1.7002301807843245,-0.6079533110880527,0.9662730029027891,-41.2311956523641
-0.1862615578014806,-0.1669899218206766,1.0951215829169778,0.5305081197647542,-0.5055184182010679,-1.414157313341604,-204.80152784398814
-1.0131992845688658,-1.2843580528811362,-0.932468083503157,1.8205186316755497,1.145986009686408,-1.3500446992025459,-148.74371816501252
-0.11412935174803482,0.9589088581524502,0.15881827724647835,0.03262553578587735,1.869263653252854,-0.6354103344883985,163.49752710686764
0.018243613308162713,-0.9324214462619446,1.9022623133143737,-1.8820595628841492,0.7375843640840736,1.1241845356826998,125.1791319711239
-1.3804472838989308,-0.38466938971912407,0.8024726671422168,-0.1470881058683595,-1.133906205493738,0.7343634151102975,-99.1093905935893
0.5451321586597762,-0.09256046655047573,0.4067800996294874,0.7165843256270389,-0.5826419638489748,0.5421228457098798,114.497606969244
0.043055582410622385,-0.8632084734535602,-0.7415009561991628,1.4307169224398133,-0.3224453471758415,1.0214509521944677,56.177840752042925
-1.4248525539182566,-0.5371252600313089,0.6381597809063368,-0.483539173662697,0.583090677709281,-0.4351620597562134,-118.66225506649486
0.060966352633553586,0.49756493145272446,2.3418226325405276,0.20131579652758852,0.6499241807049192,0.15237936233726224,288.2812238703016
-0.600726137436399,-1.7750474139165304,-0.11288272839195271,0.5889229354379525,1.5623947904473594,0.13970643950309283,91.23789232114777
1.3264458998443551,0.3017312185474329,-0.860316866014663,2.0192448375520407,-1.3422185155716186,-0.2201986832431613,29.41428811032
-0.669961463183469,0.21291849460660606,-0.6535648774270367,0.23482623185484627,1.4071515439034794,0.5681123753696742,193.02169435686932
0.660578218395139,-0.26319128084257776,0.3830837029558032,-1.1271376750545863,-1.1856351812955532,-0.2734103229370804,-112.87289724317152
0.7215146011331106,-0.1645628380905782,-0.023888594903212525,1.5170885311568454,-0.690003317201833,-0.10740149874888714,-35.528627959972546
-2.1196407569153584,-1.0378697446713014,-0.5470757552404184,-0.6560359665343645,0.8092133778812673,1.4064837569100619,218.51536741299824
0.4888422473747189,-0.14707478067752405,-0.05244258822701849,-1.3649141807744216,-1.1385408998449604,-2.1511026649145513,-322.6387471647886
-1.1234847267850465,1.484594475041636,-0.3710122458206236,-1.3224521738822737,-0.7477569965722943,1.2974408417225232,121.71196795214502
0.6797548827947898,-0.401661796552023,1.5621211935815975,-0.27579311020758046,0.46480075399149423,-0.28215320301129054,122.70914757702101
-0.7255582386133699,0.4039345611154494,0.8434349160759059,0.3778236356305643,-1.427248267736924,-0.4302306941490071,-79.53066397972526
-0.44960733061996766,0.7959498428818719,1.4529876097294299,-1.4867420017003987,0.9261239157411978,0.021706234078839738,116.56784488772055
0.42327039725977944,-0.9783908971138195,-0.37736525010756256,0.9656550242498866,-0.4836439982905855,0.3364588513241434,-129.15858440220563
-1.3889510506552458,-0.2745315121980447,1.3539619805129242,0.9913307702916566,-1.2630691803193634,-0.1268912799692442,-108.2884912688998
-0.3738121172824216,-1.8523473214528432,-0.7982546671203029,-0.9293990265218832,-1.0097070103544905,1.0593464209647896,-101.55472799363193
0.13723562414092677,0.16135361136210974,0.24294723222589543,0.9705220129490857,0.8452215417241323,-0.1798827092553897,122.40542689935745
-0.7923828953128208,0.41400483966856716,-2.0799544454713703,-0.08816290698932422,0.4611968145799581,-0.8249933879939032,-145.5850823307272
-1.8022928148848638,0.7680317426349831,-0.6103286339921492,-0.3912548666220655,1.0822614432995137,0.4704653267867522,114.39592933538876
0.4441259975855223,-0.12445712119425738,-0.19502151122523523,0.6506531440237338,1.9945103870059127,0.6459188897810398,271.01096768561104
-0.8935926302156516,1.3516444869220265,1.6331473979007818,0.3754226379912871,-1.5171230267703846,-0.22615607184256334,-22.367617419868758
-0.3695449967382002,-0.7207195239256569,-1.1557453263498465,-0.026661140371024915,0.4980693446198229,0.8380746795241198,-82.68338939442226
0.46452038600033646,1.7585769583270296,-0.34373155484702234,0.0455948290056067,2.258215512322862,0.06195966872378048,163.40045685387938
-0.4135269808671277,-0.11130851919345587,-0.2615559824673917,1.1264362961460623,-0.7031826245510588,1.1607460581380158,-9.887573162126294
1.1617255275039127,0.03943729572242194,-1.1489223188472766,-0.4902034397665395,-2.3617130593703064,-0.04661917255123135,-211.06017301202536
-0.8162894333980004,-0.807162023237137,-0.2954403153977107,-1.179889024539292,-0.23984162447165114,-0.6948721535846326,-168.46145609653703
1.4389844767250843,0.8096241140285889,-0.9211581319751531,-0.1497692798983817,1.4665242164563588,-0.3408113156401488,102.80910546080302
-0.41605946343695,0.40254305995678297,-1.380609819479186,1.475834919042762,2.2831400825940853,1.8685728197864895,324.9706339526746
1.0306600329539146,-2.7897946914452825,0.6219382661870064,-0.37756452795118767,-0.18083346278932835,0.6835700077983776,-73.3428206105232
-0.10396552048888956,-0.6990119012881258,-0.6866068733250423,-1.046401600792531,0.13385392290693907,-0.9023086884777965,-182.02203001573855
-1.545615925565622,-0.3089076294422174,-0.3225125914021595,-0.08127669158458385,0.8650719640261804,0.26589688173155346,89.1793978786393
-1.2168078448821613,0.9615556786016096,0.006716171365067344,1.0736362297088693,1.133363684946201,-0.49602522067009786,46.34848649655012
-1.8153120578643318,1.2472459758469914,-1.750164325386966,0.14762010665185865,0.5307894080053926,0.61678482858895,63.691246870894
-0.168904981365089,0.1694982176694812,0.02388223806914736,-0.8090971095595217,-3.1083429962461775,0.7025627897980983,-130.54831951989348
0.46213768749051487,-0.4292887163945081,-0.2696849662760739,-1.4050651456251488,-0.4239012933952535,-0.4406093551141517,-32.15607516494279
0.2824875408251658,1.557740297282322,1.6253870190943311,1.0521830378093775,-0.3964073595860664,0.1859908647003083,82.11411235663763
1.3056708741489493,-0.45053647957751425,0.8760319393005173,1.7772884091176544,0.5531781238490863,0.9344034707191675,258.0065207431215
1.1157086189341732,-1.3790957735562022,-1.2641635262112803,-0.1997731388268273,-0.5748589045036957,-0.6459549995856952,-226.91078714256162
-0.6526689708382554,1.0041355497085456,0.8269896955699226,-0.06552631209623377,1.3981426802156254,-1.7326138363021217,-26.090006453124793
2.1656648388793287,0.7227672336467681,0.24583482623340136,-1.9183840469554296,0.27540539184248203,0.5558125142384956,181.4819238015354
0.7496217315890609,0.2046230378689779,-1.890347352704439,0.8886748282563075,0.9297648267820664,-0.1646389435912241,15.356111007564742
-0.24887107765398925,0.6202953927320483,-0.24952726622857307,0.6012111897643092,-1.8280089239615294,0.8879801676637687,35.389048431723666
-0.17486170983930951,0.10154256622207183,0.8985681256957875,1.0608121584063381,0.5157587413627294,1.0214833789177946,116.41692009383257
0.46221073808172153,0.2748461361496678,-1.3816030072688863,-0.42637053190909097,-0.029925866602844093,-0.22414439143775436,-95.85260192139222
0.22357263713822179,0.2721203532446062,-0.5958823312940558,-1.0536229914462094,0.6544797243716287,0.06145447579060441,31.433264315438002
1.2035996855853888,-1.3942032785604674,1.4322991250995714,0.10328552159053458,-0.004604959802515422,-1.3193993084914901,-127.94671423932354
-1.8558886663179364,0.3918612311506216,0.5743721825311544,-1.2342589768556178,-0.9638841946752974,0.03379727889897964,-109.78062506579363
1.7977095237786467,-1.651773956778645,0.049591244546531986,-1.4127927347868894,1.2224644668952374,1.7389451719424316,178.07342325841012
-0.9219824084991982,-0.06426849060046567,-0.03501209154703265,-0.05795834581936196,1.0586044006447253,0.0933371005114742,-11.114243554897854
-0.9339850684296443,-0.5074082158530039,-1.4507415436667772,1.7599768436252115,0.5914444794955017,-0.23259854009543365,-57.15265342362256
-0.022124948440704825,-1.0616467669195235,0.26783944217261146,0.7539031721141951,0.1947684898923091,-0.5317387234959081,-32.9815071748358
1.2855423241153463,-0.5433088199331059,-1.8568521765229797,1.241417264448799,0.19546557167056677,-0.34258821303654763,-53.38938175930877
0.2661176499715874,-1.0138588590400937,-1.177703160216008,-1.1686632434034223,0.28264990541292073,-1.285673205185852,-245.97521201842198
-0.6204968031458948,-1.507711743058498,-0.6241691671903268,1.6086820553924777,0.927560200563851,-0.3963019848449366,-48.3637174822242
0.48180123358725646,1.4039239989205743,0.8818970387422246,-0.9767829522747541,-1.259687576187994,0.4746389597502918,45.76804481052643
-1.7008730412747308,-0.09789411838215663,-0.14484379038656595,0.5236558551889955,0.2648275845985333,-0.42441871892899113,-46.95358199582088
-0.46982514307158024,-1.2956706446332624,-0.2740542954421498,-1.1775001081885688,0.3008949270471596,-1.2804351972521153,-243.54359743996443
0.39297603917396523,-0.5453198160014326,1.1609752003558476,-0.07665536230715231,-1.0310521510141508,2.180691406534151,95.85741813500432
0.7239406711922588,-0.3716640858621865,-0.811175323502738,-1.768842642067074,0.4556921261303811,-1.491009786233641,-225.10292982968818
-0.775922228477788,0.8537321500773016,-0.02523415734634762,0.8722038918299622,0.1901651300601089,0.6027836716241374,186.6643630351083
0.48553329974379433,-1.1405879062723647,1.2198778827246595,-0.3812725328947907,-0.46263411938237475,0.762560519184307,-35.97020247303624
-0.4697569390681249,2.6795850735413054,0.48742990215940923,0.083687499912665,-0.9879035543725783,-1.5406475435667943,20.620847252086946
-1.507713708746833,0.8310716328138802,-0.003401516030690551,-1.056706753188731,0.12047959087405509,0.2961049218849596,35.12781463632775
-1.0121435086801964,0.005688106480251951,-0.975313949126511,1.280756083186364,-0.35378694387678683,-1.3052081065270744,-179.04990684891993
-0.15668193726905144,0.6139224553694641,-1.4892265036756982,-1.9655283107175692,-0.5349934298919858,0.10856695439594709,-126.27299279845393
0.022575387867587324,-1.2421718368568566,-0.3353823673806364,-0.9508044610033701,-0.3287252285932489,-1.0962671905952428,-391.227129056486
0.9384466222848538,-0.7442201591958751,1.8441719288606964,-1.6691112108973292,1.2333108378597721,0.3434897940701205,104.72293851234872
-0.1604395901351813,0.5622972395099937,0.0020428177372888018,0.33240001656323737,1.8502564117389695,-1.325248869975363,44.60995919546712
1.8994889449319219,0.12192537493276304,0.037927163893152205,-0.5836935615093086,0.14811588604302195,0.6235788103564524,40.16538882817538
-0.5928124688392873,-0.03270110109795294,-0.18639204522878736,0.3374346720288702,-1.5980633507084654,-0.03917780799382559,-134.98642242877725
-0.6548831278607792,0.6176482445537181,-1.5046125207574947,0.23209331366551791,-0.7536697854733564,0.7629091346719549,52.07318846348549
1.4881150530722904,0.2277354798786436,1.52551858447365,-1.0774278382751266,0.9436160830698171,0.28823986669106133,152.71257231467746
-0.7827436060812752,0.7494672117781432,1.219607889697007,0.41749289692817515,-0.5865825937294248,-0.10250640287668415,37.65374297682302
0.6031237519226489,0.4694586391702248,0.886826334365359,0.7797278797582727,1.2338227622866602,1.8633786390661415,387.29082944008763
-0.564461676770268,-1.707721072960848,0.07129040690669086,1.6946003607836932,0.9698949655042055,-1.0657019898566595,-51.95775382818741
-0.9204325644079994,-0.6617982985925628,-0.47021404586461235,2.076942185582058,2.0931393612651306,-0.21779203199362848,116.73575725554129
0.6301484329160927,-0.003719546773843527,-0.9744265918952663,-1.373617838272098,0.5783757152392711,-1.3073462762902643,-142.63823271054892
0.8720607506242485,0.6209134111495964,0.1055184160221113,-0.4797952084508735,0.7625330391687294,0.38529306086357723,108.99006522400909
-0.8236908963975997,2.456198271733538,-1.1320201650415653,-0.27215945631626104,0.17899343228608103,0.6925763903371185,106.64689688258898
-1.4468842772582533,-0.46675828407801073,0.06262244900604168,-0.3967331087649735,0.2711351101445646,0.07822683107896401,-37.8491594621125
1.364582788907363,0.4706149450624139,0.2137610893072256,-1.169302871985351,-0.4480993060105103,-0.7001489081636824,-94.27726723297212
0.6737788817307003,-0.5215433016645526,-1.0460519681484683,-0.5211622451048153,-0.7497129745764013,0.4036055894735774,-101.5424341680117
0.7884336639369979,0.75220899478569,-0.01298438270300375,0.8138736934719896,0.028950561884229755,-2.3991762953482643,-198.7396092168163
0.07587563050899171,-1.7402734515109402,2.3528891568312775,-0.5460667221750023,1.4728350846300549,-0.780129570522757,13.338435254033786
-0.008125370823752266,0.41426655923851846,-0.5697578260442722,1.2139167073377233,1.2142045069207181,-0.014353554422417328,23.71632375154941
0.7138357155380366,-0.7472189433859023,1.358296848495319,1.3216809823097888,-0.24070747934646888,-0.03186552306260438,56.681635818036625
-0.4066348951768668,-0.447958571044299,-0.14246715306402763,-0.9012670288207927,0.16192464447858065,-0.7927326829766268,-37.40549076527414
-0.32998734411537956,0.5700307688142149,0.02214336362349291,0.0532213660900912,0.10414373636251838,0.2686805200126791,57.74730268172077
0.6660843210736213,0.7321408499805566,0.46698598815390874,-0.9983085480265456,-1.4572432012776582,-1.7431127067072405,-223.58600976192974
-2.17295745515389,-0.13969490789964373,-0.9002876325758142,1.0313783794473634,0.12805488226220285,-0.1252979249145284,-52.26610222056891
-0.13862453495693783,2.9492452118349557,0.3000135750171799,0.08572151653476787,-1.1013864014064023,0.3837413069540841,159.27891121300686
0.23874328204255213,-1.179866049004928,0.2758311426224926,-0.09099149016952639,0.16305538689635282,-0.800519314920185,-63.92822472826069
-0.30505076928051833,0.24829687274914541,-1.2557040919637283,-0.6433342117803259,1.8354193160925327,-1.0895091720553256,-24.752762309733836
1.1322222539011373,-1.2209871720990717,-0.16545283475102604,-1.040446301936964,0.1900992837935558,-0.5545439459822643,-66.3069732519306
-0.9180618096798379,-0.5866056409858131,-1.5645112352769552,-0.32660839575541095,-0.24150383044318421,0.8309171518673478,-44.43792469510922
-1.3267187246145955,0.7279338779358618,-0.8196960990863003,0.501163962049561,-0.17179366479042255,1.69034068337939,49.41827462799631
0.7097741657280173,0.5802476467524577,0.578406981583401,0.15348735001361175,1.8456845322562148,-0.23409264078672978,205.3984157457891
-0.9662596916443431,-0.9580528202677926,-0.22107150815098417,-2.328421737180773,1.5127818055935043,0.8206213099123245,106.99347287463239
0.37254609296717306,-0.008704690582764693,0.40655354222973417,-0.7768203851845417,0.7914455251350296,0.3076011828261163,46.46148374149532
1.4749187103108121,0.9014874661125954,0.7521776268735559,-0.15821941630085887,-0.40167160834611726,1.5401166115626406,195.75855331737688
-0.521032754124841,-0.9705501323701904,-0.583396695473013,-0.03485677890878975,-1.0556059463167091,0.9832955104276334,0.27325335681135243
-0.6644996396543504,0.25892931482368486,-1.8275952951817087,0.6353690695759177,0.5190760880233477,0.3702364383881775,-3.3294828868082345
-2.203688706818466,0.2343228082052569,1.5441904523385048,1.2945166637807135,-0.5794757099496823,-0.15302324129657635,14.180038198752456
-0.21888932010380188,1.3861955692975172,2.243546815770942,-0.11081858803016406,-0.6357720708765204,0.9185060657182006,235.71144190534824
-0.859162325757111,-0.6335089938090283,0.4240927440298333,1.261042086424619,0.9305487027765809,-0.8301990806659247,10.620960513131024
1.2635205386089805,-2.2798769748071366,-1.012185000767966,-0.21864028236703342,-0.46364872005395197,-0.15146859425610937,-197.89412089204683
0.2174974138345517,1.345805140227552,-0.865142764665006,0.3509080957077898,1.1140738606763263,0.3841926025320105,114.73866698153354
0.7685113904805834,0.08017102387804116,0.35531040865132507,0.49321472030794267,-1.1203785987753256,-0.5377974523761507,-142.58829995040762
-0.8937177484281315,0.17648416136532477,0.4183433649563004,-0.9574987857450139,-0.017423279399690007,1.3403141411666448,175.00225397623
-0.5530693713393673,0.043874518377048956,0.44904041759690627,-0.024376074439520314,0.7987070104911602,1.58777585765521,199.70949602961213
1.9870537221566171,-1.5757878349968013,-0.0982982998691354,0.6919548863727168,1.016061585061129,-0.15128819583668737,67.47953079801101
0.9024820930623263,-0.22623854321553222,-0.3987627552740508,0.021969932185283318,-2.829016161625167,-1.399303816826916,-321.01432816488654
-1.0145841037383347,-0.5413487263663628,-0.44784784189994303,0.965346365744736,0.991031533913136,-0.4499094987778525,-81.19147703423488
-0.18789224886157577,0.2902902463811571,0.9547192482832922,-0.7766870606246628,-0.762947751320428,0.06675688416079169,30.953835156088555
0.497565701020928,1.2592779949932458,0.2457831738136334,-0.10552973237934153,-0.29406553383494266,-0.7145859001425217,-16.869586105388272
-0.11637642540849559,-0.2434219499482215,-1.3773273485762303,1.7593142854934287,-0.24601925188830978,-0.11530567052704084,-112.11374495974442
-1.4116139853142111,-0.1040439659343463,0.49631193657296746,-1.1060125113556059,-0.6725164500903619,0.929891777894707,-78.02983801885043
0.664206840140461,-0.61158999841228,-0.6459105921266207,-2.172553273448478,1.2623617120630648,0.17558692906465045,-17.755437538446003
-0.8530602894239839,1.2557689014097748,1.2556705187235884,1.5073274204201188,-0.3281872083878603,-0.4603880841808722,31.679805896299154
1.71347351626581,0.7093663059854534,0.03629185684472302,-1.1263843179818986,-1.0407804385978554,1.8066793189079589,154.84272280930946
-0.2656295864587436,-0.35316781130373015,0.6198883818089967,-0.39050345581285123,0.4417074890618814,0.8920932983113404,177.32444587492387
2.6927866956404114,-0.20815841260894863,0.28083399117541114,1.8744002203746413,1.0240205384415042,1.265214381217059,252.47274399725933
0.2965208803883746,0.15221006627909323,1.2528750752970803,-0.22121245817444077,-0.2294202228202714,0.6835648173198113,85.22558920886365
1.0215632575680342,-0.7722943384837693,0.5297479814084295,-1.291394486737449,-0.9738554547868638,0.5472767251670199,-98.51379586960648
0.9732592139180546,-0.5491835450763797,1.269574265475406,1.5275976553920887,-2.3060323338667756,-1.138204462677386,-198.68784026525606
1.6266650667264586,0.06439982216773128,1.2975498470370124,0.2445808335562753,0.3163570152665485,-2.5409223059165735,-104.19863131542303
0.603426755491185,-0.29751505208188284,0.06576745052242439,-0.11111427009570045,1.2775934304565422,-1.1496635589597035,-26.831339068019414
-1.6042894775145395,0.7968992617423347,0.917767231151319,-2.028504561126819,1.2069343506869954,1.0197529131478722,182.0066512766031
-0.3471909898859522,0.6375154668486661,1.1625589212843526,0.23423188364811875,0.6965916435263223,0.024320203606923496,48.24408779737644
-0.5634623352176876,0.19099310020397012,1.0616634136698286,-2.5599717027272657,1.101684281345804,1.6669124566645086,173.28456179569
0.25543347747584966,-0.7969689710985539,0.5064942188048817,-0.3560851146290539,1.554228158568019,-1.0844649357548777,-48.75868700272045
-1.5819869876554251,-0.1681980243983665,-0.19471260742293853,-1.8554820024804948,0.004200250501808053,-0.8262491728199168,-75.32868517024957
-0.9049664178949818,0.10646643201620003,-0.10092713788526399,0.24036543205612382,0.16608386130555988,1.3001313486606936,133.3756738288278
1.3716511267005518,0.5193035969108208,1.396770450408006,0.11100437190558854,0.5603725778240701,-0.6221971415408075,34.185713508094096
-0.637443944856552,0.4187449113049741,-0.3457348086991926,-1.1650561596255569,0.038783716811012496,0.7279259575921008,43.191489712394755
-0.1430435143812346,-1.1135022954350822,-0.5137035443612966,-0.9850786994975275,1.0096817536219902,-0.8755724399588278,-177.68615196641184
1.6308142255921436,-0.9640466908063117,-0.8525035043895676,1.059685584391284,2.56907577376876,-0.6341144022812851,35.378307196898646
0.6907682999739256,-1.0594689480602588,-0.9044676721173078,-0.18878165615796413,0.28923750670027226,1.657675105828467,124.79238433868696
-0.7477864661046529,-1.2114969161365534,-0.10799045732563557,-0.19344133068298242,0.460879799793817,-0.14148651664775735,-84.6520936442471
-1.6994578297925194,-0.36368316402704765,0.6019328494616207,1.1649159317275068,1.012086901982025,-1.372540470395113,-76.8506957858624
-0.8643024187371998,0.27834158484577365,0.43594671482836156,-0.3125908402064252,0.4066297149617761,-0.9106918485955545,14.07384029550795
0.3836928193907262,0.47388516105924006,0.3081863815012179,1.3414122247653362,0.6143411385648887,-0.15262296624661292,120.3393869507386
-0.7177311197756635,-1.08793349294571,-0.6493807173135132,-0.24184615438817136,0.2184178416634281,-1.5793800517070729,-219.54818928262154
0.8308247572788404,-1.4344998543505132,-0.6526825593564334,-0.48152918782350723,1.1298286382882445,-0.27747113581513766,16.253840782250776
-0.023121311481185673,0.44890547868923264,-0.8879916152380039,1.1215110935562294,0.8383063059404783,-1.8121594226191586,-89.51929233916161
0.4645704969952597,-0.19337121267215698,-1.115437669665211,-0.02736939078152021,-0.9843050850106242,-0.26867971988163725,-126.02238401025598
-0.1452443244462462,-0.3352906401172437,0.6192389251289863,-0.5977545566577008,0.55505665029251,-0.06664727725422159,88.17434245415438
0.7410380496515738,-1.3580764292581613,-0.20418589689973973,0.29956768063939454,0.5849325112830475,-1.157137855054848,-136.78348531116447
0.13655505396786144,-0.319730475424283,-0.44206984562827034,0.4197207514122352,0.6299976985695825,0.3635928795994491,38.85613492047746
-1.5732806746112067,0.14456922704484312,-0.1333714731807824,2.431906209889104,-0.495426479583264,-0.08605959916296015,-36.25469691639448
-0.4244512952139913,-0.012484496523138974,-0.6947953124901654,-0.5204667176929065,1.369322096339503,1.4301416959032185,256.3480662644879
-0.5159057689611586,1.064112091085349,-2.3512636942251017,-0.3347473600024087,-1.828044813374777,-0.5599220882918138,-259.34912709597774
-0.010328405386880662,0.6576719048774563,-0.6186660811119318,-1.5588502437358653,0.20858642605286998,-0.3437692728834469,-142.60437086573188
-0.3817080424706258,1.3994260609778892,-0.20331514301912695,-1.0118160432701326,-2.1838105580614706,-0.1380063781479696,-140.00177977418738
0.901339493682684,-0.4580508959476357,1.6878661909941903,-0.3831125119920801,-0.7230560475781044,0.2587056783781188,-92.95134209548735
0.1745032502757758,1.1914479005411756,-0.6398871539216789,-1.505320937640271,-0.41557766499587556,-0.29798785923605847,-28.030023470161687
-1.4793355762788345,-0.8645264830157883,2.017052221325028,-0.7726138655341895,-0.31012569906428156,-0.8284226319815108,-130.29998323648854
-0.7085341892239856,-0.00044654480995542185,-0.898345445518637,0.03564429136639147,1.3306252054260086,-0.04462058054728381,52.933592826967356
1.4013422927924635,1.061610283165278,0.2871201798015121,-0.3651072736022946,1.165878657370232,-0.8474121949442506,89.81742338205078
0.16826734267332216,0.13025263245345836,-1.9524801627131008,0.19961666256900093,-1.7615783657085857,1.7445705974003052,7.0416851664158315
-0.7776336451176307,-0.4222437366348473,2.5546434558011266,-0.7797504940596899,0.5189494293041317,0.7839064383398567,165.28513181192196
-0.37402658676293515,1.0399915728128528,0.03935165617678061,1.7115362904826634,-0.830553584425599,0.5595382543283073,102.14857944380947
-1.4822681650383527,1.7552123956193084,2.1649417641255804,0.4963909320054284,0.12542818226119343,-0.47715211720122325,153.34873553913593
-0.8453132102280595,1.5884775578280363,1.2419441179851316,0.20237116346351722,-0.06021717246975583,-0.40791505970948805,21.079117324533975
-0.015915530415977243,1.3066183817797992,0.15923807509455543,-0.8145049719340028,-0.2961266174139986,0.6562870093117167,93.84319837954807
0.18928414864837884,-0.5700999581521644,-1.8487644871493742,0.4751382997749775,-0.7923284401312899,1.446532667383671,-21.83627043521639
1.0148940011402612,-2.403829854144992,-0.43951108884781714,-0.30487317730243646,0.08239691219119952,-1.2437687967909614,-236.16270397644888
-0.9502335316165987,0.8992330458399472,0.7065886995232702,-0.34220246202570237,0.06842411092103289,-0.014681471850723061,-3.160162627937005
0.7145246803988294,0.24805051517918095,-0.5946243816225182,0.10414625341134696,0.4143704909302243,0.1134857031558632,16.415585062152275
1.7501339800955524,0.38160980309945725,0.440371983848288,1.3189709641323621,-2.1432843652830496,-0.5333090715605711,-99.19763984878428
-0.9638500947110008,-1.7265057483519795,-0.017302158085481738,-0.016017835548688616,-0.7157537601138054,-0.12372848492405697,-82.1181811147401
-0.22582611383859574,0.6384010516430684,0.6279696622666606,0.20646762118905018,-1.581975772662528,-1.5338467937461882,-53.947406915374785
0.6882508025529799,0.7556700294744432,-0.762429591491451,-1.4378769717191784,-0.4612100980408648,0.7845125519358637,47.10455486293369
-0.03538638163398032,-1.46551471652501,2.2640077372763447,0.1667096246974898,-2.2439371763203972,-1.849981826464519,-273.22348694856123
1.625812445257358,0.983602031563225,-0.29800921864766156,0.9945677190520921,-0.03316160596015284,-1.2273058935528947,-150.7194084036302
0.028257285233963807,0.09809032319871783,-1.1958937019462763,-2.3696183881320416,-0.08325538432198626,1.2556624927037043,36.1030041879195
-0.010848474006355184,0.44419882380755304,0.6192362658484738,0.35978486238665597,-1.1382440912476846,1.2328996586558716,29.739490085566864
0.2639685819669548,0.9709251043336358,0.05188747182647507,1.1734680421390362,-0.15167519589748354,0.8116569422307663,104.96337772716606
-0.12495762720867397,0.4003535146331744,0.3912065000931642,-1.1500563886471076,-1.0291948191539761,0.1703610213051399,-70.79294180638168
0.04950998407231298,1.42987914502446,-1.810815129129762,-0.010015134635751759,2.362741355422836,0.23030168579950266,183.8333070617935
-2.099159856294489,2.2749963028509197,0.4673589942715986,0.5343925353799054,-1.899727419709916,1.7131249603220677,66.02586271235691
-1.8580448297919396,0.5388882668155202,0.5959912621194119,-1.3665342199128403,-0.5558969298810564,-0.7016602950432634,-106.02353233621363
-2.5990372136313327,-0.7969557831828108,0.35371361437677845,1.3466465623150161,-2.63245667838602,-0.12643843327847756,-297.20027505941323
0.9156014879326597,-1.9186327299696748,-0.4704035638446345,-1.193208755188144,-0.48296067050397334,0.9564316560686978,-140.4335935608771
0.3631217646877135,0.46739984121246786,0.09031407476388255,0.7460957177854852,-0.27668344837568437,0.23421379033197035,90.23438486899713
-1.4394620962653641,1.3347785059448232,0.042235681270002705,1.794728160780454,-1.1962629386871413,-0.6886108302804641,-206.15627365451428
-0.35382458115667786,-0.15652430752832436,0.2128706278932205,1.4863411529531692,-1.0144351127010491,1.7361296056368705,80.67722128842489
-0.2253908932294552,0.9313731011992116,0.06247288164174888,0.4394911186230554,0.07583892204743387,0.46874716122865956,104.49913166524576
-0.5709276946508454,1.6553918919370674,0.6883877489118532,-0.5009429933487645,1.9119908060266635,0.11363322619033261,212.05570864559252
0.41449075690131854,-1.1734731372753355,1.1363704612713785,-1.6951769755535526,-0.29623703056940665,-1.143474467227534,-128.81565723866666
0.7021296275510748,-0.3620726050891298,-2.0083962265061013,-0.09035476660942893,0.254568219456973,0.3085764503951214,-120.56949124498993
0.6572185138800836,1.1027184894741255,1.008494428775106,-0.10094181544416884,-0.30777281406339807,-0.28473456670325026,183.57211716886587
0.9451582981529364,-1.3770828044203023,-1.4945350761622052,0.4050410955225226,-1.1840774192133916,0.30962136864290746,-111.24216136949832
0.29980512196474823,0.6109332912710596,0.5832442688660727,-0.26570474341758193,-0.39195282029182466,1.3617415665074257,207.39904462722606
0.6078568735499306,0.6576891628120219,0.437137360329565,1.0982409607864998,-0.01632173425597809,0.7738682719743172,102.57335025903804
-0.6518863595309856,0.6668185554866166,0.07914700236795837,-0.0705833686740867,0.6831071312952828,-1.407501897166941,-78.9475520641861
0.34445092084449547,-0.24118584144365468,0.6260233024786532,0.3034941037007999,-0.0785387448957551,1.3442609396996168,187.9224906611209
0.8306744448043979,-2.08822789375309,1.7221025600237359,-1.4889865706240641,-0.1913346141225111,-0.533285390364639,-151.02620849541182
-0.00911385008256563,0.310167965091726,0.516626875331384,-2.1739916556487104,0.5509564447847797,-1.1452158112804312,-74.14743346608506
0.33801115076156474,-0.7131642740353145,-0.2790178483081472,1.562934986241617,-0.5596056830390314,1.740613835432873,108.75959400116515
0.37253017163249075,0.02014665714410904,0.5188906288927742,0.6471908673031568,-0.043563001081712634,0.04854605322343568,40.9384005981438
-1.4719792297929535,-1.0141198032326144,2.8108868605982504,-0.8658669870197966,0.909052580633485,-1.5313926865613867,-21.355098677707176
-1.0649157217587373,1.2806406478336259,-0.5752395616552788,0.2843842751437758,1.9063919961905074,0.5531002152570319,176.69831620770685
-0.37152592268982887,1.3784100820684198,0.5165811862125939,0.3580415555319506,2.025626222853699,0.8248497279762999,325.66541929537607
-0.3344116962277409,0.7987138310215894,0.6544071744101199,-0.669097200379936,-2.2045225196996308,-1.0100829888118878,-237.97496146537992
-2.0413635351249533,-1.2734747382975318,0.3651241252716802,-0.16434897185235772,-0.5364742276500796,0.08492744599462651,-103.20626240768593
-0.21680310289213456,-0.41295646270417413,-0.794874873410751,-1.001437388685981,-1.3317637771960962,0.04536312878206883,-153.35725804693303
0.6039571930270274,-1.1853077785985182,2.115100357059025,-1.046604311196749,0.13582763978515836,1.7098780679406809,202.1952231080818
1.291520834614185,-0.25368630825533967,-0.08564239258154047,0.5525214785988809,0.42012251910576065,1.0427143087349733,174.43741176307492
0.005202610123531366,1.640221679737426,1.7362635031774276,-1.5465212694751498,0.4719911802905918,1.7890669851014878,293.5199253667774
-1.308360975383135,-0.8723177120578457,0.18799401418110231,0.29359994928422417,2.0571267329498593,1.1785466429018978,200.54583482282257
0.5983409441734909,0.13244742158359882,-0.8096052727154799,-0.5406578761164718,0.8709748212880031,-0.5625680753675378,-51.16550140316631
0.40201761072153863,0.88121140343814,1.9303831746038056,-0.9640396156031968,0.3113684817364517,1.2958650734182444,253.26038899589102
-0.6052197551798469,1.5320173700691808,-1.0748807572417278,-2.043646233832405,0.9750770037931167,-0.3303989269953871,79.8143801605763
1.1464874275303516,1.5501844370646252,0.5583399520486213,-1.3962331688717993,0.8169665756847373,-0.30932835753714566,80.90338629901824
-0.46994421514625057,1.2324297485562514,0.9415656569976301,0.8308638912996733,0.5404442666261747,-1.247969142028697,-25.549272113121354
0.015978869744929618,0.7827251452836409,-0.03263735694665355,1.2114813185862903,0.28377873229263656,-1.034370034767988,-66.38159468125139
0.16780059109917242,0.027042018299334596,1.7187273105907837,-0.20413744318449092,0.8653080180729523,1.7761693056456038,260.8098090989122
-0.6058732926791427,-1.3345448612519646,-0.6101848821257162,0.2995072437784267,-0.5133353163752162,1.4443759949965402,52.26008228860264
1.4887313863696736,1.1427477521201168,0.03761929575407522,-0.10831328005544356,-3.7667119602366776,-0.7221416186029238,-286.27425782922967
-0.34907712577346817,-0.6559868058018763,0.13729108446982197,-0.7054195594332493,0.6049905087116388,-0.18852736962786465,-21.477026118152462
-0.7832808325293809,-0.5653598174499587,0.9961656290788645,1.9076669537921234,0.07408713111170535,-0.8241716117335459,-46.544786591313446
1.506750335342464,0.18763594555060742,0.7193373747822727,0.8558014892928677,0.9210415810532023,-0.09985300035734805,117.51145850230247
-1.4863825014401457,-1.638861575575628,1.5430750578167756,-0.14050860181696878,-0.07261856647046412,-0.9306069680007137,-197.23863620869724
1.7622703169312683,-0.628611053562234,0.09617150484325407,0.07015594229095296,0.08187188665878939,-1.216134435643388,-141.20589706379172
-0.5883999817332882,0.6414928584768742,-0.06618364817741998,0.7334198590827429,-0.8672499430671586,-0.7047984384647155,-105.14923590538973
-0.46962200488926775,-0.5295660853973111,1.5178341855668465,-0.47473074935209236,1.1832199342064147,-0.41260514605703574,34.68869406020902
0.26212361935675704,-0.034146067630465626,-0.5401520141074736,-1.0383627422959771,-0.9072238886799672,1.179586946196959,-87.70354057314978
0.8699270416782412,-0.9094692747435568,0.487238704557077,-1.0012765124280534,-0.9059269961839174,1.2892886623194817,95.82011846098018
-0.1065926912151869,-1.92191550879865,-0.43038448736998425,-0.49761926759823316,0.17973853493394248,-0.9874611579422594,-173.40253494143326
-0.4643119651002271,2.2493169719764095,0.10216319242480869,0.36200325478887485,-1.8799609670549282,1.08298872011025,81.61834191734135
-2.1168300495611843,-1.0706877257190952,-0.3554348617907854,-0.49871549696890305,0.01721104885482293,0.42192239137285914,-95.40106549894016
0.9670449857857207,-0.2662238815538517,-0.11518497817174664,-1.4708615854687817,-1.0413670814845555,0.9333451350920813,-4.670222781900671
1.9720953357250182,-0.5427585608475117,-1.8157732681546919,-0.0810825572656666,-0.7981137240304267,1.0729825701047342,31.083849216887515
1.0489864752451934,-0.21040265165585859,-0.5627647702667509,-0.5563183479257267,0.573998711738162,0.5882797602875208,39.62547983208367
-0.9071085038136488,0.6750741245214483,1.3048132504043988,-0.9434490698526992,0.18745036100866674,-0.04611126640727558,12.922251437232099
1.4154962749806896,-0.4545109919826405,-1.5813022477635377,-0.2600742704166676,0.8631942268635799,0.6416252975827792,54.8994390664127
1.0845938088067086,1.4133889150875085,-1.7974052469409851,0.6444306480193316,-0.7666944415706851,2.1169151624741684,243.19904150478078
2.5277094019958106,-0.19234177363409735,1.1800838483355798,-0.8553035696887261,1.9131612367332398,0.3607210315618197,395.2725261453288
-0.470657222959752,0.30718271022625376,0.9209882095323989,-0.989872648634461,0.03938619387613633,0.08753580412066383,46.90045927362969
-1.2313955564579249,-0.2900298478748124,0.895280000451268,-0.19484775270445862,0.7983173015003803,0.7213755670748081,108.65336846558178
0.2695800993581603,-0.08137516012692661,0.41613647497753314,-0.6019652507035678,-0.8390373814259728,-0.5784333776136833,-111.24673204881597
-0.9396908519531899,0.5553159071200766,-0.8376011525210822,-0.22572071484331296,0.2717583824956971,-0.7175539562382561,-61.073349132428916
-0.04663650693105141,0.878496750298023,1.358886934919658,-0.07030918103420439,0.21069523150661756,0.8940484212790842,207.42834313365455
-1.5018757552364554,0.4606078373823923,-0.33417562912526366,0.8972651552583485,1.0934060088894773,0.260613780708193,73.09170159987099
-1.6866367447961559,0.8780944108466618,-1.3078694162730564,-0.6963155938101452,0.30443024697989185,-0.20869152955756837,-80.86563038263716
0.4579175949357208,-0.553475389756722,0.18605874348064297,1.280081183368145,-0.21120867877371946,-1.4739178872511318,-65.3779153585641
-2.3802608176888826,0.5054383629101862,0.13478314092059865,1.044006224384237,-1.894209090514054,-1.1865345609131692,-255.6154378850557
-2.1794053385897967,0.3015096896084885,1.1489990280401658,0.021256332058746195,-0.1772960831904851,-0.6329881069989307,-40.50646925890992
-1.015882165367585,1.1214326086992792,-0.19500419756543408,1.711113323182826,0.20412219185738856,-1.09877886526909,-96.32848058002938
-0.57607334617385,-0.9064039640036563,1.727311587686681,-1.697482015521807,1.2475105085109592,0.674104342718705,109.46360448841705
-0.6928422389744342,0.16829339716631148,1.172944427532717,-0.19011126284178168,-0.5061292926640102,0.7142354581549106,86.33815688471098
1.2191034141769617,0.1255701503979382,-2.43579387151064,0.9269895814361163,1.3043391190318954,-0.799326269146893,12.276354026275158
-0.1604670139405536,0.5618822922692482,-0.36845017452019524,-0.2103259915737149,0.6097287007319816,0.13921452426581038,64.67562304391018
0.4305883450113705,0.49263893189820046,1.2186158648211545,-1.328449179371108,-0.16375133184629181,1.195845446201519,120.24085167095912
-1.598919706463107,-0.4505921178124608,0.27984068429868647,-0.7584517096990947,0.7750272108245311,1.316710230763651,95.86474532886578
-0.12902668115911511,0.41158207392447466,0.12189067468411678,0.8266224265472882,-0.8739808444906889,0.36887554346959245,12.600881110789546
-0.015167306424793466,-0.8146831533102498,0.35444055483071824,-0.4900073876071687,0.03813405694152183,1.2233340331153901,123.33956362387325
-1.4992809435971228,0.5271507704470578,-0.5715694531059671,0.14278882918545643,0.7311706607583018,-0.596204722468711,-24.303103109903255
0.04358703269892011,-0.31133340885555133,0.5937246561222734,0.36445453413467066,-1.34482847353896,-0.3116974410397583,-110.17436943741468
0.5342006957095137,1.0298989832164016,0.8165013732627916,-0.5510734804818036,-0.17794552959165835,0.17952403921173385,60.76645162172267
-0.3677564991947519,0.1884326778228344,-0.1840425528126805,0.6301848743657642,-0.019678846663493975,0.5616882457055464,-31.406579662542995
0.7566430194781558,-0.6128166295071489,-0.7978874642043052,-0.43761511854272417,1.7345510906183308,-0.42930076339552065,46.848598037115025
0.4964169737018865,-0.04928795819713516,-0.45109707857906267,-1.9554280706271452,0.03507070220315279,1.1762726388135032,-16.30519253378283
-0.7045360002561765,0.2981499591365712,0.5836344231048501,-0.7535575618272751,0.2995392918636928,-0.6149035089048498,-62.59655509961792
-0.11585103512107162,-0.35866607272507145,-1.171586204726672,-0.31061349350606265,-1.268754803609327,-0.24107042125835312,-228.93679438120168
0.03795435600893086,1.5501629489738038,-0.5518059825496098,-0.6764719119354339,-2.3955121610629493,0.5012362229064116,-109.84772246246321
-0.03614679700344541,0.8138693667214723,-0.7887227963247293,1.22489023019991,-1.8351590187866058,-0.2477248588055828,-196.19296762639286
-2.1261579088382194,1.7958117940366622,0.5428559172271353,-1.5179718476811435,0.7525968821823078,1.044916968300574,172.05040536732977
-1.021816058021312,-1.6613665894823317,-1.5806579716047904,0.4376760586051195,-1.0490012293746567,0.607599374922359,-95.05174209322752
-0.5855466497838471,-0.46689220255195385,-1.2007807614283645,1.907173184241198,0.04253425797932224,-0.021863176510968314,-10.735479981011437
1.3393978536685798,-1.0257625571590563,0.5801376375702599,1.1156070790907928,0.18775355630727747,0.34086476920614245,87.95573750595214
-2.336785915810038,-0.5851639045943375,1.6627292048294986,1.4549702159087683,-0.061917332260112125,-0.5187856075610973,-66.90825859529971
0.9528856179623946,0.272535522545207,-1.197800214646868,-1.2898739661387897,0.13703942193790816,-0.04117137876662969,-61.02272478007514
-0.13609691832940982,-1.1809368879970434,0.4219055887318531,1.514377916912948,-0.843292482342342,-0.52332786572834,-158.71502811725955
-0.49389777590261275,-0.9589557430448435,1.7154905504469784,-0.56508322741201,-0.8504844099460722,-0.43132269649999055,-55.29922861531065
0.07082089709065198,-0.8811106970891885,0.06786453739780988,-0.960472344050202,-0.21955777749946534,-0.9643660587618248,-168.3477849954453
-0.8267380833228873,0.15178137215319457,-0.12521335160443284,0.14058370346754542,-0.31039114676917134,0.5850452229148289,30.121784453914845
1.5352149983045964,0.18838980744415737,-0.6863106170773315,0.6167344726510234,0.30016854332252857,-0.06402537021019608,41.77894506770438
1.9591406113543113,-1.0773249890627563,-0.7015585694044594,3.4303978331158835,-1.6171865102676688,0.7747314518965578,78.18547512128177
-0.44412405062817967,0.08583707723668148,0.8146230072917363,-0.6228780095947951,0.06271434609519667,-0.3570591367270536,-58.11942219901605
-0.18997298531275764,-0.2386288293706955,-1.4393237718567464,-1.3066758265950065,0.46771046288661156,1.1012257439757842,-24.844206141870842
-0.313951400242292,1.0852620380453681,-1.1712765006833685,0.48284010481885364,0.512748107398782,-1.0327853260162898,-99.20785236624553
-0.44407169425431686,-1.1379405599441417,1.3504354790376576,1.3431275446213722,0.5330974785478875,1.795822359837408,187.39060936943702
1.231993120319789,0.8861776911613332,0.0537756044488992,1.7381713961203031,0.3914443537741457,0.018666572065905607,166.73093258532927
0.6144163019180432,-0.46104801803443735,0.037333796500109366,1.5289052893904491,0.9640566177907377,-1.5698244761457307,-62.82340668479773
1.5547149292134692,-1.1060368591844785,-0.22065394654629594,0.08956044941340341,-0.21309885743779838,1.391827381402176,143.75733983937735
0.4897571574043025,-0.24871943753726972,0.5676174853296861,-0.9686145571157345,0.38686877502097883,-0.6800693898201674,-43.44626198003066
-0.4356442468867804,-0.03833292363167149,0.6599292053211939,0.48544480709160215,-0.42440700961353434,-2.2224218119367327,-226.64548035351964
0.35957655155273976,0.12613040119023272,0.40718347491339973,-1.1908473815512521,0.2745322450608709,-0.8261953877476744,-49.16880958592775
-1.6872043943081017,0.5277187832037573,-0.2619094403598543,-1.1447534632256806,-0.5228260333855602,0.8843785826684953,-21.299933516890547
0.1860871521806786,0.2409102577611127,-1.0138864797237686,0.3109217114281626,-1.80882286713377,-0.18508814078158314,-207.1532599705326
0.2726874493279801,1.1255491425160205,1.1986506552847154,-0.7441082390246934,0.4622914886526437,-0.42952664979252286,134.0856127794735
0.8687992554874912,0.36352562539363886,-0.5667539155354215,-1.471526942142557,0.1424110069384509,-0.30146402265855543,-32.181787370581105
-1.8683673657410234,0.7409228128480265,-1.3328383792028804,-0.04906212970850179,0.6511726177698856,-0.5237077544953824,-93.94925022313609
-1.1288345278526413,0.7893812542599717,1.5351084639536858,-1.6147375325819617,1.8335833720471668,0.44903802004492166,213.1251855901345
-1.000021912773801,0.1835569665717375,-1.6844731411655647,-0.9259945377900537,0.2729328827610164,0.4534202852951385,-118.85638375536094
-0.04973493443938901,-1.0299986257639264,-0.19764115298652363,0.05354847642777347,-0.7662523921448272,1.782221706909182,38.034473105111104
-0.4515523293540223,-0.2203281998592747,-0.4569932488312258,-0.299197725608476,-0.8235904143737026,-0.7923086007105432,-164.8885767345985
0.4395984047056787,-0.15545771683220153,0.9479846868952576,-0.15436727624991564,-1.5035144159212925,0.31191508932985174,-101.93605693004085
-1.8183040069284748,-0.3697819732146332,0.3341909437917092,-1.0336187299938098,1.9086152990580083,0.34781775074210186,133.54534401523586
-0.3602829902807643,-1.9000857400028743,-0.803318656998658,-0.020585923058861727,-1.4207137033099684,-0.7980833710470489,-259.8776021006569
-0.5675514860236388,2.1913260264597754,0.697652302498087,-0.6435033020717971,-1.1971293016879336,-0.06615997941596283,31.302350088850567
0.9796286355289505,-0.7632299205517441,0.20749783936686894,-1.2830005623838785,0.215509926581426,-0.6759740265419553,-67.89825341472994
-0.5651173424930731,0.8684645931503295,0.2788438257462698,-0.9954403550584735,-0.7520913958673626,-1.4651772496495252,-241.81104147082522
-0.2693344733588762,-0.21704255555083338,0.16046446940302134,-0.010622254664251575,-0.4066403348268721,-0.7595985327877938,-137.56510577404177
0.05334425048448762,1.6348380477221138,1.0392889287302132,-1.1607813914569665,-0.16151676052995728,0.9779641966901726,151.43546980840435
-0.1492546057345925,-0.742206039817022,0.04802278245771301,0.2493698480103392,1.5527034953310928,-0.14012152499283467,17.75955995217206
-0.2859413225501745,-0.06858832091788025,-0.5893838009815119,1.2924900768527718,1.6405955068115932,-1.2428212121471802,-53.96788744112087
0.5663854760469602,-0.7519737896762174,-0.8358159407646338,-1.6415342627288152,0.31384399802366597,1.3247172143445365,134.6308833803772
0.33754796222151817,2.008697122478159,0.08380129061038058,2.1985837567764275,1.1385035279828564,-0.6033561270421524,123.47407485388851
0.2740881163579385,-0.06163039167086804,0.5829113501809668,-1.2186642848798916,-0.9654114998732494,-0.37444201918034875,-66.20000535312937
-0.13772595487191414,-0.7096338996938589,1.6190889212350765,0.32434724178657126,-1.7128576075810735,0.2171094678281553,-107.83341797954353
-0.6303635037087086,0.9013814356705192,-0.5463161271719845,1.103347155266126,-0.570254235390012,1.0636543712590534,100.55518879039141
-0.8155934764282512,1.73762425658148,-0.5799039481324485,-0.34818077275596543,-0.4728078353353211,0.3466013758895488,-34.31375133941178
-0.4453805303979549,0.7443293171864104,0.12800319810284108,0.32554125033912684,0.8940827073834544,-0.3231926883302967,127.37852035014538
1.6232031204285193,0.341532672887119,1.2951939412926705,0.4464181094208786,0.7626093405173605,0.6026647889507482,167.79665287416262
0.5296983280901544,-0.10345999216444332,0.8153905317720967,-0.02354459236768607,1.3074670497257095,0.9531871488669962,266.62383192047446
-0.7303640169526951,-0.0999496890231553,-2.030157997039729,-0.3256076683736697,0.3463574234083208,-0.1382804508799328,-217.13064874704742
0.1768567029287983,1.3929216434921305,-1.5701652640920092,-0.10380025943097719,-1.573909592163235,-1.7139423096965603,-247.94149797650206
1.9347064836864858,-0.2405375296311593,-0.004609243706166852,0.7654821750546114,-0.15108099834238975,2.066524917816809,233.30180460373876
-0.5221672178895246,-1.1111087307218757,-0.14805769911079672,-0.5732262314804505,-1.6677627383326106,0.8323957858247946,-115.77132669835504
-0.8500871672276249,-1.5590683107751098,-1.4862563787548209,0.8574798040923173,0.6437183057413267,1.882066507753625,130.85305771488714
0.4272967025345771,0.5084455903149063,-0.7950377164306781,-0.4756485379873562,0.7808834832014019,-1.3243593036447585,-72.39566493675503
0.43988906820259016,-0.14623024510310917,0.3045707901708266,-0.24624254578306035,-0.5737342266158918,0.6738704495125964,60.470810110555185
-0.7488538502271262,0.14920154006948405,0.35358624788207205,-0.027480434867143994,1.3700105649574341,1.477680207951004,240.4842669038137
-0.4292842781216976,-0.9325102924874148,-1.8800780506069965,-0.5224780023709932,0.5118874028020112,1.0688015206013128,50.14629538111578
-0.10822917365042582,2.5463879970524768,-0.32573841551714355,-0.6388194237764369,0.6969787842342986,1.0513825029661554,175.54336364401627
0.16256392451984394,-1.8022845127099028,1.0761686751322868,1.2122023833836661,-0.9142512971939549,1.017562883518273,108.92368174279858
-1.6999105105010726,-0.9381946856853989,1.4427873127854918,1.4930227514239744,-1.855048155526428,-0.4439181319475506,-311.26908880733856
-1.026336895932406,0.17586504459572733,1.3402558235029174,0.0563735752918562,-0.9198325095504606,-2.4579813830409445,-268.2449709493053
-0.5729915509625123,-0.5950463014383182,-0.7388973498961217,1.2499754504538605,-0.2930420003560873,0.32077142376462187,-74.56400963370481
1.5366014994325476,-0.6270380391858579,1.1710308903407358,-2.323263261233827,2.897783584470546,-0.17485192403800523,134.2719445083377
-0.14601775477139367,2.757816223586502,0.6082887092049704,-0.3241339674615682,0.8360718105838584,-0.003678148830759524,234.48241232667942
0.8041080257910174,-0.00029453737472925423,-1.3572908065002973,-2.512618740450001,1.3586573598931786,-0.3715689680928562,-116.20616901239592
0.8187355316824527,0.7855241517015635,0.055840516032302986,-0.024501834741301652,1.0970797706283253,-0.0028382381410706095,63.7200703283184
0.7359173490325003,-0.31635270021382694,0.20751106939976374,-0.42938013013477877,-0.5708903658598151,0.21821598043404006,-87.73790982150732
-1.5156513875184405,-2.266981742818607,-1.3754990186767524,-0.2859637547042257,0.1176587483054133,0.507759331413783,-151.35713589754124
-0.13460823613137654,-0.3077883509894002,1.344736233835873,-1.8234722473492568,0.8111180811789711,-0.19249109215679844,113.28712466006431
-0.2864162338557924,0.5518400785947859,0.3533301953187295,-2.4773243764888795,-0.8397137264609649,-1.3515233875971127,-236.5965262869106
-0.336406712408835,0.5343679557382701,1.900003277534753,-0.19390873497439132,0.6376691943224092,1.0145419936271236,221.2584194127436
-0.38671989806855717,1.755974138909408,1.1263715028748729,-0.4876829075302174,-0.727047580447326,0.931409909749903,150.24394144126012
-2.121353046731217,-0.6546735096060898,-0.052855003082152345,-0.5460017246499234,-1.7252852125276976,0.24263044997422736,-150.99058762000095
-0.10095482516119268,0.23410679876120044,1.2204950534806078,-0.034330469175516964,0.9988217179584274,-1.0660257145669605,23.390480212128093
-0.053480968278307915,-0.6569385795575771,1.5151476938715343,-0.3227927278120313,0.3295247534971051,-0.6393188853825666,58.856610508224165
-0.555428529893305,-1.9616916744827466,-0.13676643026127,-0.7143045806722023,-1.7156313038844737,-0.730376242286478,-297.34142141264545
0.14732392059689442,-1.5004313952170554,-1.7915574841411812,-0.16121113827617883,-0.5477469827893202,-1.0048072510855874,-321.5662399051965
2.347749097791168,-1.206815724065818,-0.10715801371646261,0.24579368063062668,1.3923636029245245,-0.46201675872299186,21.95467797144685
-1.76383277545942,-0.018937704984065874,1.9058505291118657,-0.41496197300119786,-0.7311353172730323,0.006781036526515045,26.434606625110142
0.11604574041738008,-0.4250320520369633,-0.11303518304586452,-0.4858407173828446,0.3118816184046817,-1.300588104308201,-233.04288464101685
1.0647571160648663,0.68984581312337,-1.0669301038533958,1.0664293213370224,-0.9957271325528175,-0.8695515927842284,-97.90455374630653
-0.6364576420001558,0.3659064521228946,1.0418425517048897,-1.1515688011769902,1.6141410181893814,0.0770249566162358,186.55357687179895
1.0771213236822215,1.3479280234207107,-0.15743063402424046,0.7147539108372543,0.8146189827780661,-3.3107594806472243,-164.40568748593267
-0.27234630239076457,0.844394845167239,-1.405539547042194,-0.6638880090350416,-0.24846202144773297,0.9772709838944733,-43.48877908139386
1.6620377267167228,1.1714597611018474,-1.1137158739909692,0.5951336372813107,1.865028299156906,0.16537805218531854,281.6461081998568
-1.5847243536924618,0.8112574430025552,-1.0602391377656653,0.3461220249761758,1.1646203695054593,-0.6490487539774231,-4.75188179134833
1.1475600702962274,-0.6905507696847256,0.3475061150341839,-0.6145016673349428,0.4664674174261178,0.7933799324788421,173.55053670425957
-0.8790680917566986,-0.9329560525220473,0.6987021160693622,0.18682785530925908,-1.8543596962199804,-1.1797168331984198,-255.52664250841602
0.8282012797331687,-1.0328169740647009,-0.9881182512556668,-0.08488559044618706,0.7868113663160581,0.3266156211080583,37.84171382144679
0.16982384151603358,0.07755535989192938,0.37255602256773224,0.21119474745561523,-1.3998958830164179,-0.968025998382246,-160.9447648835804
-1.3568294891503137,-2.466417200088877,-1.1923888408094927,0.6016981485819746,1.7598840033189518,0.0012900290397356773,-15.63908907192399
-1.2264213695830617,-0.468261871786295,-0.27128150072479174,0.5420840842663809,0.32164004231838456,-0.1800235341911562,-216.08533217035836
-2.076778042722864,1.5645920577792642,-0.0034895774314270237,0.19704734184902428,-1.596046727889642,-0.9133385557060617,-212.25008662588863
0.07658568840600412,0.8890440520280086,0.6625367806308082,1.0177840725739629,-0.9494210811567035,-0.4135794231415946,7.2953032080525375
-0.1711955276995761,0.36853232774121486,-0.6758784287405769,0.7145072377138935,0.49341333256932873,1.569453818599747,114.18476740020117
1.536368086672605,1.3322634663946333,-0.37725001368619127,0.6203903173932639,1.155185947589972,-1.0157336514917594,23.075860997312645
-0.43325109279341595,0.6754419585036527,-0.4249931445207411,-0.38399345320797146,0.17094492225982258,-0.3861871441509263,-55.156647465441225
0.33401296161891597,1.8658408785523493,-0.6556959988866248,0.0016516785014049661,-0.46794364507253877,1.182440946091585,115.90070164534788
1.3999733201031503,0.9187428901240134,-0.5530051642362671,-0.9487045330480258,-1.4998184816292124,1.323405677725506,5.162005054919824
-1.9580999735594624,-0.15533231255993252,-1.9843775646673623,-0.37764224216289954,0.475757921740401,-0.03220678237958321,-191.99002464880763
0.40800476215073905,-0.5232643683086355,0.2996926752835769,-1.68581151281524,1.017632662205268,-0.7514166241465223,-87.21254349625127
-0.25225196547166656,0.9908641613389977,0.5866116548685898,2.215939282628421,0.2680184628945182,0.4424645126366976,126.59321641056106
-0.017196382036326074,-1.2252694966459299,-0.15180929847082075,-0.6792446468386675,-0.1576782506836197,0.7998774614206597,18.18673456676842
0.382675600769618,1.009593781659271,1.6793582569187377,-1.089640267104874,0.5446650352789761,0.9806520184162651,201.3972888207933
-0.16772046469954335,-0.6839705987958836,-0.11973192947823218,-0.969531148887327,0.3355974915505328,0.567063855687883,0.8153580286315076
-1.1723691033363364,-0.8163169703817749,0.6845653043073481,0.672647125023977,1.2614801604113792,-0.9240980076558021,6.352039592214666
0.8677705600403987,-0.05850597896951388,-0.18433317060030063,-0.5840582623113966,-0.46414875245757686,-1.0567268888849184,-133.12992916965115
0.46972771960168436,0.6767813241576809,0.2195245582327157,0.6058953130598103,0.6346813244139574,-0.06294679392302953,73.39107626303141
2.0883572492084332,1.2413441302852646,0.13280258103923212,0.7896811946182708,0.9100605816954731,0.33039568324741897,172.28541143396396
1.0950351450011688,-0.3862533503550733,-0.6803215099820676,-1.7240322959003103,0.7650922294839125,0.7036389527799464,116.5461789803245
0.48926810952604866,0.8284575574468507,-0.38456238176981056,0.024951174182918878,-0.533191949038246,-1.3452075135484234,-170.2915907378563
-1.1110311728243496,0.7623255499928898,1.8275610414559886,-0.5997208726025256,-0.9820154080639361,-0.8685647851262349,-77.04385478039212
0.39669159868797227,-0.8803464028532151,-1.8295458356594805,1.2458598647434704,0.9111190466409457,0.2848595844041556,33.19098300159071
-0.7028490655678906,0.29486515871412394,0.0481087988361514,-0.48346927260384887,-1.078644441732934,0.507477384123131,-26.93412218691318
-0.36032814086894194,-1.2430387423650593,0.167916053996734,0.6932506193687895,-0.5586835119067264,0.730853589799353,-38.477482453551694
1.199102404528502,0.9199910481562651,2.290660980755563,1.0337146409138083,-0.36294799046967235,-1.1994300788765015,46.320582850288304
0.08797813408124035,1.2861788567579548,-0.7390704671049021,-0.23361912597241632,-0.14037537771167474,-1.2337778488889015,-97.82629546546143
1.2214527764198242,-0.7353769427484202,-0.642027128764212,-0.5687903454910543,-0.48178579678210026,-1.6960918527569144,-161.25563346617554
1.0017578681870483,-0.1232203720590779,-0.1587757686757686,2.216342356794452,-0.048431672222000635,-1.6962114726236255,-130.21487472438966
-0.6051922557086917,1.8651077953131487,-1.1440318560519287,-1.2139143660920808,0.2303890294096232,-1.0481318725880995,-138.7749647926966
0.21841825431898376,-0.8470163834543344,0.6278188302014966,-0.25216246993279334,-0.22937785454126178,0.20636122280763017,-43.552290839644186
0.7897619074793194,-0.28414002232802715,1.5540389605054783,1.005520486100038,1.8021473880217,-1.4912960900158445,108.8594459460416
-0.6414553404883818,-0.08628604989173255,2.482192139984773,-1.0601844466945654,-0.2093523774868557,0.14261164761983186,36.25546459876986
-1.7302701925501198,-0.6206825422967702,-0.4228661877939967,1.0656653437977597,0.35218339037941926,-0.6378578428717898,-112.23548624321349
-1.252899794561,-0.3930795487826301,-1.0193886049357468,-0.2545014047098807,-1.1427802248395176,-0.5166959025316742,-219.9466315899467
-2.1001403182546987,0.41883354458507593,-1.1715865305288595,-0.2885471542814909,0.5607146368483129,-0.05766848668767502,-155.28603113289526
0.2283056961946225,-0.1452231844938546,-0.8421930438665577,0.10876976431363909,-1.1175371372116483,-0.3387839550296426,-219.7199326513349
1.5980144158841283,1.5832449252066187,0.23271850712623854,-1.7719085408024882,0.5056334124839847,-1.3174116441245798,5.344994152016277
0.5091191493189157,0.5220794218503022,-1.8371498697241393,-0.14729240136670857,-1.9144916052027021,0.8773170984786229,-18.754510940099024
0.3452459771688531,0.7343190942713054,-1.6150857229614772,-1.6973919805912188,-0.12484192804043046,1.6741498597913946,128.73354015691544
-0.10326526678190028,-1.4286088902407945,-0.8263852928228472,-1.7874591549977739,0.4486013874932846,-2.155837638576423,-274.2132541466047
-0.857846620847081,-0.08861639663242454,-0.663036863415506,-0.028510770421988726,-0.5568230746043197,-0.10113101381095166,-141.28535847563765
-0.4991892019823695,-0.4871458372382488,0.5465239010923347,-0.5811453407784304,-0.21313925420235155,0.6859365091982704,-19.74713752971357
0.6330562532928208,1.2472148827311593,-1.5297198182411353,-0.867669176277414,-0.1336709212801086,-0.773153161047724,-94.7405931581362
0.15704625984174886,0.1123596224947319,0.8097485799114816,0.20154109164475367,-0.4172051122234791,0.5583770005272165,80.18820049026168
-1.057239084691348,-0.19434791867737103,0.13698859340967176,-1.3253728153466018,1.8605759705214278,-0.8533660542319661,16.30307246234837
-1.3241204406535878,-0.4620189417533456,-0.25029282925019836,0.4628086689560928,1.0680305367395984,-0.4944317724058827,19.757852280450678
0.30965109221652465,-1.9233486836711577,0.7740816340798591,0.3429664084847188,1.1596230309234536,0.45100700184928,120.17250903793546
1.3836995977215756,-0.30446257244004465,-0.12368429202019283,0.19428737132284418,2.3422599550178553,-0.38492951843783063,208.52100379828138
-1.4674009212737789,0.5944169403138077,-0.21640288295564322,-3.518702646720333,-0.8670510727299974,-0.10712705669338787,-185.64979784139916
2.006775190482477,-0.7408509770466098,0.25172885440416665,-0.5898131158299463,-1.494526129472841,-0.13262173736764593,-70.2468157213554
1.4419161322806384,-0.505391247905939,0.2948320644694311,-0.36403033894605935,1.2575875318800405,0.07291269586695548,60.018692105144844
-0.7076120050470938,1.134390023082893,0.11037799059945416,-1.5865565595511055,-0.30346250862593516,1.215947973915135,54.60880711133511
1.2073312705837165,1.5414823121913404,-0.2335013136479098,0.4487426924183465,-0.07737609668460688,0.2942544270512771,54.41430303627513
-1.4199719060040104,-0.6482160209609256,1.274733453752881,1.3358255914404076,-1.5174875669480865,1.7983990045393417,-4.604928441588356
-0.06684062620841981,-0.285097655497461,-1.6266656543958349,0.4929029834268665,-0.623087809829652,-0.09357589516568443,-68.78865203063367
-0.37188267366813055,-1.3976686447280489,-0.5120203643625819,1.3274839002936965,0.37482683976362985,-0.5512705722089539,-26.452559830799046
1.8212541990572424,0.2503287417083221,-0.8879607439393928,-0.6236847557510538,-0.040869860399191375,0.42587698469381957,64.33413564784836
-0.6050706205973349,1.1088185729708668,-0.3910913817667972,0.0034548683985358847,-0.42216961890463267,1.7439502587136815,194.36581837963033
-0.7644617461061683,-0.949077404318993,1.7238238623730084,0.8636665766911473,1.5310274206626675,-0.7365797539306467,84.4762485569286
-0.8103271644336966,-1.5419203990937373,0.11160470765348156,-0.4489495445420485,-0.1788919641074112,-0.2458414458767131,-158.85433148877982
0.2941805587087645,0.11572351868823191,0.022718646955653378,1.9562144213859833,0.9625775475611855,1.9275255397851774,272.52414534935804
-2.039757418037773,0.23418720459942172,-0.9503182942755447,-0.1992431973416549,1.1935706366733267,-1.051250913703682,-218.8378333682928
-0.006631511681883006,-0.08391928395081165,-1.1812069463296762,-0.32419182242547584,0.43742739707974465,1.9345238253416246,181.25560170671554
0.14238733843988896,-0.45068880312716497,-0.27131518858051645,1.154086787096856,0.8726427681001507,-2.1014993235049007,-152.0073973867871
-1.7015864479570388,1.2582935474244954,-0.442597930610664,-0.7470439574349805,0.5091977064761481,0.5948141424591589,74.89973196199995
0.7948198485189993,-0.916640490959125,-0.09401199746451593,-0.02686600863409563,0.5094418140019527,-1.5914050073545396,-81.87256344421182
1.581005939262843,-1.0381972584078658,0.5674796323852108,1.357999925516292,0.03202404154364021,-0.8102256719122203,-79.83342787819869
-1.639038586614571,1.2481480603278863,1.1990407987696543,1.7526688229025842,-0.046961801283971906,-0.7305418500394079,66.55853660520572
-0.35195313325344885,-0.46826623173751586,0.10367447992707376,0.676079944633141,-0.9699797630089237,0.06991191518979037,-13.686242300057756
0.9081007852676334,-1.4660225512716725,0.12499092061114414,-1.6893062915294768,-0.29351473941614453,0.3522233237049383,-46.52212217516399
-0.6962640834540129,0.3762282490756666,0.8519608330371587,-0.2783888683691838,0.09701955546652567,1.023148612793063,157.8095739817876
0.33126967630851495,1.698407666461855,-0.23568397923684706,-0.1442981210742388,-0.393034861293724,0.8168113956881741,151.8102842927105
-0.2118970942552647,1.5819406391716015,1.3581858174834398,1.1165291498589323,0.09219935859223105,1.0563100572530795,232.3649558349482
0.19529161464154152,-3.2945018843833678,0.12153858514010324,0.17074507471033148,1.5933006165825607,-0.09058896329877861,0.20819270849310811
-0.6430424741081405,-0.5121366222201262,0.8759573275799257,1.4647548601714302,0.34107603572438694,-0.5094693993180532,-33.247685831741556
-1.2132692631371147,0.9348751507121342,-1.0512486965852554,-0.9108652610529014,0.7603793424778141,1.5742134690926612,143.8213113910416
-0.6824036708085486,0.021354751127480438,0.7205447009524186,-1.036288103735213,-0.887841812270661,-0.9760864211287102,-206.00478033322204
0.4616885534797458,-0.2828879195657225,-1.2323803492033891,0.14012923320529766,0.12102082812796039,-0.04875424868002058,-83.79006379807831
-1.3532083075732306,0.5826254471762156,-0.33820973890206113,0.10075215071327037,0.19012253755046457,0.7155865192176734,2.39324479693299
1.5889206259467747,-0.3049861441169577,-0.8286613962316519,0.8025715174331581,0.3358270487594648,0.873794160957487,234.4795510894635
-1.9951590281353793,-1.7771275947632899,-0.36617577226956755,0.6657212285078192,0.4201971367688489,-0.03122968631578472,-71.1075988080884
0.7626136458054025,-0.2814496041480016,1.0445042405950793,2.3949770608815366,0.22383553052050792,-0.10508693313734911,19.661359474095974
-0.2063792146557457,-1.046179229533781,1.2858515110613764,-1.8750876782234183,0.5692638223907499,-0.562467929172331,-42.98635890928828
0.9609524494613749,-0.24892955058322766,0.3014697547276411,-0.41459876757852276,-0.38436730638773026,1.2263419134233784,78.42907844465907
-1.2476163089235244,1.6383710396038014,-1.1003259108258636,0.10508139864511973,-1.0231847263791407,0.3724513643404851,27.5484729179214
-0.11898203050320617,0.17063128363756924,0.1447119364146769,0.27849060555400706,-0.8966318256449654,0.9908965190612469,49.97382816563242
-0.6330409408365711,0.8007238832690068,-2.2174148891199703,1.0797722726939012,-1.2701884212404384,-1.1684150506659388,-299.27173371069483
-1.4828502048530894,-0.4492354599481699,-1.8067795996324718,-0.8409754783122266,0.30387734206681183,-0.09481834920719817,-158.0633216201858
-1.1068222840376438,2.591376703270152,0.4407266166603176,-2.419543943146225,-0.10135311111797891,0.7227584382535859,162.397348877382
1.0034298699666884,-1.0433638711844757,-1.0225630389841953,0.15934546303503813,-0.9271488685363056,0.861936615661795,-35.767544934494424
-0.7499003989749354,1.2810335569792937,-1.9577318577293186,0.694087963385372,-2.152050534707342,0.5600343500849121,-56.7051551028854
1.549319134580158,-0.5788678869134954,2.097208047424782,-1.503191610325993,-0.09496055836823852,-0.014900503913701237,93.01057758705277
-0.5457492772126904,0.015512591450236668,1.5387908674510973,0.5078901326807904,-1.3545596613526392,0.6961684951131702,22.959215098563416
0.435628398412654,0.6859212221613158,1.0318780304477961,-0.4816702994221872,-0.5522039196415236,-1.20552413084274,-47.93007987862122
-0.2704893226039446,0.6387578427044356,1.2520455198513323,-1.2479422820794877,1.939609554650457,1.8890761361048487,466.91484955026107
0.3788427675790016,-0.07092839964811251,0.47688622365925115,2.494439440680379,-0.38603006338778034,-0.09359523242486,-14.885820668298955
0.6861925359795698,1.1991613910307442,-0.12214506374858407,-0.9119564197379227,-1.030903221745589,-1.4732264818943275,-133.50273651237197
0.6192405022630505,0.03413114900230601,-0.357890184011192,-2.0822300752883667,-0.891184373875382,-0.35413016701057703,-90.21432176620175
1.0561982693283818,0.17992964173810125,0.8601403150651982,-1.644261897059579,-1.8599228256876843,0.6003019957501057,-61.12375619520827
0.5949796836617527,1.612608672278398,-1.0465432420248777,-0.5237278953674859,-1.6557075698923225,-0.13486180152636598,-62.9082619419832
-0.2757097704012046,0.15150244812019795,-0.28340732848980515,-0.2522593029440585,-0.29066823749711224,0.14244056344702363,-8.211593066115727
-0.643983286472558,-0.4457287933799002,0.6781585446376543,-1.7405188064004464,-0.4422181809870368,1.8395683862228653,157.31816071679663
0.8343960802605787,-0.11641451172601959,0.7464987933771996,0.28310241726105434,-1.1525032864640636,0.12223413478627287,-94.37136658500727
0.16649615179903476,0.38111868393813,-0.8468828668088585,0.17019820597832042,-1.0255296221673302,1.9275437423532769,134.5558533488351
-0.1276911255788108,0.3382719392774296,-0.43211317553828377,-0.03301780523239619,-0.9836527040964169,0.2024056503529551,-60.79729728948365
-0.20909859019333715,0.41252932131850834,0.7291551849285203,0.4825929674976626,0.18009868799609757,-1.2869181820612168,-91.42560024285547
1.119017845544394,0.5620018212300472,0.07579959063472101,1.8969764668054596,-1.2804863182160027,-1.099482262768526,-108.81969808412332
-1.434247758079953,0.16876470889650652,-0.9140755581901403,-0.42382260712933,1.1116813044683682,1.3104463356955063,200.58500434976915
1.5821881205134116,0.7434074474525759,1.2482074994515764,1.4880633178257172,0.5375436672389595,-0.3755381496757833,188.24953673761487
0.372051583207506,-0.6996054041110558,-0.16746026280738713,-0.7968552648764751,0.023663864873388885,-0.5038256755317002,-18.293927676822662
0.825658839678604,0.8386310501280588,0.49682938554852585,0.5766390121125992,1.5057000760901904,-1.3399847560062839,43.90963799888752
0.3517835066645451,0.5956581713873332,-2.113070269869823,-0.20780786950660418,-0.35096968417358326,-0.8312130656052177,-314.0370210173992
-1.2614786841821264,0.31629977733676706,0.14987425746186012,-1.2586903574436952,0.3842443104332469,-0.9387543091565319,-82.13140441449029
1.664069845285271,-1.8714457281174162,-0.5737142300610791,-0.2448423657455598,-0.07369436059307434,-0.16005591498089858,-209.23353504113766
0.44802785506823767,-2.0214029682777146,0.035610768606731145,0.6466198359002984,1.6916425526551915,-1.3505215401678032,-122.83461040202363
1.0446680313806669,0.8962111031623592,0.12334945907115401,-0.38468729071097824,0.697068258439705,1.6885979536640712,336.520339556126
0.04547124319700694,1.4586737112653014,1.6611826167253432,-1.8428451982940401,0.8715108263274566,-0.16559226329803892,148.16993896643257
-0.636785952070618,-0.38358815270336927,0.20288502200798147,0.4966501319080069,-2.428309660220456,-0.17460031300122256,-280.6431930897087
1.1859899236515403,1.0399485725590516,-0.5200005555688223,-0.07043334522381238,0.4048961032567339,-0.0692562796045529,-54.78855455215856
-0.3721924564600082,0.28982574756106627,-0.4949533963269424,3.0874032845996346,0.3791265682344612,-0.48952229514270074,30.500410820842422
-0.4446870711083285,-1.2855126094882063,1.10447466755385,0.6461412514520967,1.07445759587509,-0.9336730725656992,-21.218192169115515
0.7815985722883385,-2.6421346278785998,-0.5820863042123653,0.6293686530835404,0.16457596888234946,1.5235144599097827,111.5681787955858
-0.02100153058585796,-1.3273128273664139,0.7389204177594222,-0.8417367684418756,-0.7128323596651828,-0.6345680679329997,-224.01556822120534
1.642134116248622,0.8462501816430885,0.1806034566523824,0.4519782741214935,-0.7817853706102285,0.757193117426813,179.29758357107778
-1.0823320075961878,-1.3557836033603707,-0.02199048809993122,-1.2486386839389898,0.38216456760775147,-0.031049839365561514,55.43929504967157
2.4837432492819524,-0.9811213917020964,1.81295191723356,-0.05139369818311439,-2.4481298876910507,0.6903185441025164,-92.31560147651433
-1.1707842827786978,0.18755516283408336,0.18689574222132369,-1.2988668062499924,0.7980583576765734,0.2066153172916605,59.09381940095548
0.21821739842074944,1.472466725905838,0.30679600606602053,-1.0432350636752112,0.4788152513348789,0.8622899347314721,249.1763039946934
0.043444421638494074,0.4611316011386282,-1.8692783143003642,-0.3181575331322285,0.21049964869921114,0.4794499103826546,11.391831709195845
0.20473298246576335,-0.39280280950035057,0.4657558259536573,1.2340034864672322,-2.547323544703494,0.5460529800495205,-37.98741367004472
0.4340754227632574,-1.1956614477989498,1.8730986983590343,1.3136752382072228,-0.6047145206439583,0.3063639474325184,26.556369489182458
1.0260703275375527,1.5149629148990025,-1.3040652875099705,1.6778612545179667,-0.22449219425189465,-0.013681190550678395,95.13106141399007
0.004516841039540973,-0.7620602092686399,0.2486419045600308,-0.9234346466727626,1.2292071772063113,-1.4119997358301415,-75.80004465907501
-1.0076749745736429,1.2268804696251197,-0.46977035833389263,-1.6491113924238303,-1.5771108448279778,-2.2408293256390444,-324.64511776912474
-0.6932902218073742,-0.731538229413763,0.8074439246758782,0.07890645557351593,1.4449825041975954,1.7073254331913756,217.32823304092224
0.34584218987288057,-1.0981131311051728,0.1456720923266664,0.3248712370508832,0.9632447365926681,-0.07568202884535093,45.76044914119767
1.29935186097496,-1.059058937019505,-0.3027996229026506,-0.29567132170001115,0.32467684174238076,-0.7219991072953464,-109.3922067922458
-0.19626279131572597,-1.565713480002299,0.8281382675481685,-0.6045610189948815,0.15726683600080063,-0.05727388786268321,-37.79356794262712
-0.24211646594754882,0.20808585194407994,-0.7076454962456173,0.17537728298935915,0.5323226684409891,0.36697550597636996,58.97170667794301
-0.8116514932071385,-2.149097828448705,0.5083274845449048,0.7545376485412171,2.201527076166801,-0.36115151885213,104.11548654556228
-0.5526912591134931,1.355232662900369,1.612816534778279,1.8123099650490153,-0.5125286205620668,-2.133035295816025,-117.24689136049206
0.34073391496948435,-0.08925143986292179,1.1807053259227216,-0.6418433593845582,0.743994198636693,1.8924843662887976,271.40624754611605
-1.3655466706335349,-0.31536520875207413,-0.9035334577411187,2.667294118466996,0.08318501255119085,-0.9493153907685589,-161.78189730030886
1.0028825710115339,-0.381010320492022,-0.6498440831927633,1.1185623896754366,-1.9685385824731834,1.3522851157276465,-53.27539777263753
0.8563975161751594,0.4798059780676594,0.5509289922374487,-0.5152420621298924,-0.7042541348334402,0.2113097092588714,14.015129782375617
1.6955780910700715,-0.715101773213273,0.3215448231263357,-0.6124120502481702,1.6996700703575316,-0.8489368929248877,40.10061080476215
-0.18640471325131067,-1.2208770768322685,-0.012297185600631916,0.850648577614201,-0.9413747956232926,-1.4533786899419967,-213.18387191500113
0.0769001374450042,0.025147370524839757,0.9700613337395813,0.44249471131429646,-0.26565689483334726,-0.21713802070027774,-88.45629871050518
0.18859751906631964,0.28556095793273795,-1.4255845882739735,1.681845961809456,0.8272708743585514,1.1406014754311238,125.94804088368547
0.17084215448600626,-0.9943413518742225,0.949472659788993,-1.1600107594725493,-0.9969785586810445,-1.6969365368295877,-263.94622160906266
-0.07097259274647831,-0.2070689015005234,-0.06422041054682373,0.6614107693826144,-0.05865383491971671,0.6524040405967156,41.93612162551768
1.522322838884863,-0.3764383071848554,-2.2153435132318955,-0.17181988300382464,-0.8738709834640529,0.1465116825976118,-159.30093268879529
-0.3030017280852375,-0.0731179588871289,1.4726311215530556,-1.3690911148349723,-0.14479897000177183,-0.7833367113367397,-110.8313296169847
0.48966348613178856,-0.1793799891360323,1.4701615075703232,-0.4589317507027951,-0.8255111683072047,-1.5306516016554568,-218.45846206790276
0.38760459583979,0.8006840009662968,-0.23474899715531192,-0.8534085410547889,-0.8053250593656569,-0.32337003668188297,60.33455298500847
0.989310646763523,0.30945597283111576,-0.778626856855686,-0.448446369876245,-0.3434014457510763,-1.5149581396969747,-34.721968683929504
-0.38290665089551945,-1.6727587117213967,-1.9627730725374968,-0.6451783297756868,-0.27980339096127416,-1.0191729255539042,-277.9559141041667
1.2679872498568283,-0.302472521016223,-1.2684717822475122,-0.8312231502663733,-0.6998698974281271,0.9344205529362498,-1.8212413926491955
0.37975614111516176,-0.09469388994368938,-1.4693152060628394,0.19485432705788724,0.08995226870875835,1.319324116683088,183.23721522812554
-0.1952542820170584,-0.6035019472396939,-0.48505834237624007,0.41602086260574767,0.16407188711918105,-0.015686579606142337,28.361208305018046
-0.052672027442824676,-0.4826690421516643,-0.20155676839330794,0.6095439507330557,-0.560695280049159,0.3519722593403721,83.36541710003746
-1.1131880461272192,-0.7347353687186633,0.18023736519603367,-2.151432765718635,-0.006934309756386929,1.5592481076368376,-22.898241045285616
-0.5034979474739164,1.0293682286565198,1.157919398345601,-0.5970807994019803,-0.5340599322066433,-1.9658278132386304,-56.780011188330974
-0.409458474887881,-0.12415355316499149,-0.34635165463468903,-0.31199654218082745,-0.04798922298929855,-1.330983293345677,-95.25795062934226
0.3567217922547335,0.42889036052243606,0.07236451913374421,-1.882065648299436,1.273757510359778,-0.3977576679971673,-88.68315243099909
0.5119920542311375,0.3779906054873589,-0.28669653513070315,-0.41697678218724155,-1.3244508298663946,-0.8088912512733454,-84.68441461196632
2.093528840656408,-0.5691164631728748,0.5288251664706244,-0.5287515839235812,-1.3508405599038404,-0.8459030536671024,-172.16170237667507
-1.464916724337423,-0.8930549846798127,0.8930141205926183,1.7561532433855749,1.9794091411231574,0.6775882695220667,229.28442021455393
0.6407741738874843,-1.411854666948822,-0.3084045704354345,-0.20610415702827017,-0.32498973681775956,-0.6254040701629352,-173.5351808096727
0.23534665308439878,-0.2060682645949342,1.4779466292335885,2.1901276086105557,-0.7729166412055699,1.231743546697381,178.4688056166102
-0.4948983826625697,-1.8328372431941138,0.6397771251340706,-0.6948433034746117,0.18378534267311245,0.23178728468651394,-61.30922169245854
0.45058944531859163,-0.047559827219882514,0.4615215727230635,-2.2370439624976757,0.09550933582790415,1.848133659849268,137.71683389460924
0.38314873068932864,-0.3059315543647502,-0.8408653349507972,-1.811184487717127,0.8129977866371769,-0.7590372882279242,-40.67247426082297
-1.4921579857324057,-0.5640491058903653,-0.7759078557539304,-1.0372207918189331,-0.5203093279924773,-0.8040210085082485,-261.1232251822987
-1.5297929428669357,-0.2503833657755562,0.4156754635576553,0.6352352290437083,1.9636848918960637,1.199114199235621,281.57976332704044
2.076352287024248,-0.17529164700114563,0.7003177574186843,-0.3668417799625774,0.8829119473303494,0.8371602655365687,224.15278645055588
-1.8246702282874792,0.10945945253212871,2.0977194065344933,-1.1684724812552787,1.4071277938946798,0.5427955825278958,284.9197077592039
1.3494209030119624,-0.041351001133436475,-0.9924035608916079,-0.7051717756805088,-1.5365874859675916,0.6682266796735893,-54.95508540901528
0.17475805057094007,1.9759016319484914,-1.039494942332026,-0.1262919658706907,0.7350234278780015,1.1159237859156799,151.29470262680934
0.7165889720934349,0.5190982171441968,-0.14942803747358308,-0.23383595461912698,-1.2638450200421916,-2.121218488752975,-237.73061190318163
0.3188567974152407,-0.13727943884980337,1.5693127880002122,-0.22534916218097933,-1.5293075536990413,0.16456209922504078,17.65002640807912
-1.0530540307348983,-0.8484644705861223,-1.5304022013803882,-0.10203225931885193,0.2572802643792171,0.46144272839914735,-44.27857971508425
-0.8526005565868494,-0.9820554165993537,1.117210243527571,0.17239382018846477,0.8269585849452802,-0.60203921556126,-125.53961432843856
0.3753133989184985,0.7034759558976158,-0.1701401681550251,-1.3614584565605587,-0.9680811957381169,-0.14407061723258796,-20.918056701373246
1.7322128333194025,0.4576581547086842,-1.402997716045119,1.3962495805393926,-1.1632200186406232,-0.09430558134315918,-103.22105192102593
-0.42038666963844745,1.3283644246007282,-0.26699393100172353,-1.2468434274270723,-2.259290974200859,1.4752003443712998,-39.07335626579295
-1.019915325742676,0.4561169890563347,1.2677267786630686,1.1195954451123475,-0.3475158802584402,-0.7838114298530873,-66.03909105503504
-0.9861480248106282,0.04234269616274064,-0.7117041910849864,0.6490125810923429,-0.01038298187791695,0.32177769364426434,7.931940810063345
0.2413547009973653,0.184851096905627,-0.2609045555117822,-0.16594257591599607,0.6054635686967296,-0.1113162705000036,-39.895268217961174
-0.4386889312711892,-0.01721291516278221,-0.49714286382304823,1.162340913309518,-0.7001103061099425,0.9618040757239716,-0.27017448620223306
-1.024024156791308,2.260251865639166,-2.046630753149577,-1.2236074410827555,-0.621493347648488,-0.768326141571976,-174.14796054648713
-1.4689730842350193,0.11738944410748424,0.44831181011003374,0.37309022429890226,-1.2109778148406039,0.5057624329196808,-65.15065583631407
-0.2930593884822196,-2.0672971113700878,-1.0593621549442473,-0.05323424005952127,1.6200164428630046,-0.012853354197845062,77.42258217194762
1.7245300268101076,0.3724167776034349,0.002599213154932888,-1.0361331127027107,1.140850919139043,-0.8881365628905822,2.8913925146925123
-0.8524459099179725,0.6212360170898297,0.1091358245208404,-0.5524509392322362,-2.64096957283531,-0.25370851389655785,-253.27787619592854
0.4599134034888391,2.579765424969799,-0.9398633072685664,-1.5619674981494323,0.007094714078427263,-1.0636110259963896,-67.11597470285855
-0.5043777536716464,-1.0087648136314697,-1.1619326981538114,0.04926963790193618,0.3476629969668668,0.2933947552938953,-9.16480634363085
0.2266667688430797,-0.2107390969452495,-0.4163183044883166,-0.6317271021559633,0.4618077117109693,-0.19221832310480744,25.687442572399714
0.6440135221453829,-0.10178400830754647,-0.12456335330191806,-0.6020051993612469,0.07120267223373765,0.8156176291181484,84.58365913400861
-0.4156709578859522,0.6193690086888045,-0.36010953129911705,-0.42503010384194634,0.39346946799882637,1.2383773781597205,164.57785492878494
1.6423914546315448,0.525922465336305,0.8296599369911364,-1.0487413044807012,0.34027052157798543,0.7786009502873822,128.1363379221389
-0.2514887594641733,0.8372930819387643,0.5116287173384269,-0.837251261099428,0.0012312443112953342,0.005857087361619856,9.502140276101752
0.36035390999651173,-0.726364999416744,1.5373658077744303,-1.5223373973885121,1.169046657664066,-2.0021453629355377,-180.1592654472056
1.1554155511646664,-1.5126636784163585,0.05248828159545369,-1.3317894951089222,-0.5679696236583699,-1.172884193583239,-234.80026772830576
0.36769951208401497,0.774024142647646,0.913989364459616,-0.06172540962017581,-0.49130592180133803,-0.388371457714209,-5.876796103839888
1.0965221469378137,2.4129545147628546,-0.18605539726157855,0.34880963132979587,0.0022498475055908315,2.207180799062298,340.16202353478366
0.41830381819726925,-0.04914567672806806,1.2554510030850607,-0.7792271661283476,-0.09248514433017002,0.119113678642482,90.57663656688261
-0.07591614168262753,-0.7590990869396346,-0.9643460895792832,0.11661446780707758,-0.11450715708830025,-0.37939036000234844,-194.24254593175468
-2.2361649001194355,1.212947355008246,-0.07953827494455357,0.5230821921535928,0.8332336938527444,1.0725831623529445,273.8994410761058
-0.2671280350470579,0.5194540703924341,0.12373845688933799,-0.5947851980337181,-0.3596320680139397,-0.10965064213502752,5.751206329738707
-0.7821105348452303,-0.6948362366664601,-1.3938954825155476,0.4644308104260773,0.07685253774586119,-0.7025655258974126,-176.7392062975483
0.48928877436651114,0.6200784211555351,1.4825051757103684,-0.9407094904212233,-0.9817397273493798,-0.4063995945539048,-43.29595885739329
0.14115317925644733,-0.38324130248162663,1.9951858643687057,1.4048678551005638,-1.0675282829367563,0.29209482751136634,77.38917729981986
-0.1821907609513352,-0.5357240360136654,0.38465361924496516,-0.08883498109031508,0.4565191751009953,2.386923577659612,270.9586312762294
-0.6089323208911154,-0.8007821755147329,0.22177534266808172,1.0162770761948055,0.5084296611034034,0.6113197250079548,145.6656412504048
-1.0741743028577384,-0.13159984319060256,-0.4497541835118229,-1.3603944678266562,1.0236259811522423,-0.1988559961246944,-17.70620132789976
-0.9733405143644662,0.0772617811254655,-0.0029972659765734686,1.4348585523349087,-1.7852188723772873,-0.4015944789388219,-220.39917799722215
0.4980809744218798,-0.11693817245831532,-0.7721785347729808,0.1855049505035697,-1.0806670578921589,1.7190369668053194,151.59570224320473
-0.05792214299243741,0.34293250801179653,-1.2744718195597506,-0.12836145315730635,-0.617847156727389,-0.22689187592959106,-63.69299519016695
-0.20042989447819423,0.7505822483442014,0.01537756183579472,0.19902346320542205,-0.015012175047058707,0.8794252713979875,80.51822133468625
0.9342019408104265,-1.3895281706698246,0.06483657527831856,0.8891999562822994,0.23640001467018795,1.9145768027530496,183.25837546211295
1.2543211152841836,0.37584863394902823,0.6329980852212166,0.0005352168995867212,2.0249365376355772,1.9023074439003647,359.5147278940245
-0.27102608094694314,-0.3685972436286774,-1.26531831827886,0.7626963033441674,-0.07131952996648895,1.437567518216093,144.58160377759276
-1.610803136306692,-1.360667085366893,-0.7244274853569171,0.1522421970471745,0.30701358071068496,0.9979810069166979,-63.781704202694605
1.1229450455586905,1.5304651997713945,0.8594250526973296,-0.9451724450777831,-1.0143903540023231,-2.3307950054698447,-147.56253786605404
0.5813422950121047,-0.7732649995402119,0.13927537361919154,0.1953887193205056,1.1359879477196253,0.3391527386002214,146.18047118910798
-1.0365866642373829,-0.27815118244358106,0.8549821041216914,-2.199250894735823,0.3463067863902453,-0.8578411861065566,-88.2413071805615
-0.903850587152339,0.7496387670952878,-0.16797410260327542,-0.6718026374496197,-1.5502840907530697,1.0506171821728267,9.905194465481788
-0.9620079381685903,0.5394697842088534,-0.9812026020577914,-1.0891346158167472,-0.9604996541293097,-0.4604499156066106,-120.58514300875342
1.6756717501492617,0.07045208335270832,-0.27045962079847574,1.2539436949134124,-0.02033090653222699,-0.16461887699193578,-0.2619281630109853
0.12324758252284622,-0.14351331742872925,-0.7393853346002243,-0.6489415509144968,0.3733675471401055,0.10964104902554979,-41.98997271009841
0.21400842095474942,1.903380011205481,0.5068572659647848,-0.9490477542895083,0.5580198999475103,0.6858024285844174,167.06179631604923
-1.8960771398414955,1.701694295291973,-0.4621809633929464,-1.0925992716259978,-0.9591472552838332,0.8444661834623086,-43.73117897119437
-0.8062874585031989,-0.2793919875319619,-1.253159809781625,-2.7689254540026336,0.09006338372385368,1.1134727575059369,-46.825517389320595
0.06248498426634561,0.06637515010863544,1.8461950001919771,-1.0213067659586572,0.8425731146705804,1.2144299287447806,182.43683557663445
0.3463020620406771,-1.414953625543023,-0.5602885221614643,0.8244021053071541,0.8514461259816813,-1.6473021995890196,-178.48922809132014
-0.07303487621981808,2.37427144842103,0.8661957422344974,0.37064046398784967,0.7303499447973444,0.3438765536363163,326.99302102963
-0.41622231300598694,-2.1694809224550755,-0.38501519034634063,-0.2036147012750032,-0.6648563792490714,-0.5570052489796955,-213.1801640042531
0.06853059895589865,0.08469470044979868,-0.007947535241746437,-0.8794474409566132,1.332252577118537,-0.8998085825846346,-22.23992951639269
0.08850723254056378,-0.6542250615735423,-2.1053905899629286,0.5741455816921012,-1.4368642914811083,-0.213420153203417,-245.94373006021337
-1.141637785562024,0.3440771913616806,0.013817072857025565,-1.010710923729064,-0.6203815163622691,-0.26436589222351203,-114.4835133824868
-0.24966950475417343,0.08804848341307524,1.775118706244571,0.2708818940469199,-0.6648487722515939,0.3325171065965276,29.051175725825814
-1.3681200623622287,-0.33957742541140734,0.7225929669796906,0.7257183090241583,0.47452934212001846,-0.5392119335127069,37.32190885804126
-1.6864730594015274,0.3509766847218591,-2.1352533696301306,-0.5752961789855175,-3.086725146715729,-0.4493534569068402,-413.2918985506808
-0.5976850197845718,0.3857907222288607,-0.19357878296395886,0.0063992300802051824,-0.534286678228913,-0.3758325469064142,-115.80655294900747
-1.3890862719670656,0.616011763273377,-0.15535062020901585,0.034010661915033005,0.7130282622448593,-0.3096854684783978,-14.59839968561803
0.15732560442170596,-1.327351968401313,0.0237732197089055,-0.04727985114323081,-1.4010077460372414,1.4540975833084797,-21.819445711427612
0.9619793301746845,-0.7866742208376424,0.21186753313377116,0.852850494942629,0.5826267236504823,-0.35431774597584115,49.27922441714529
0.5916485136702949,0.09909458718609077,0.012474678056972404,-0.05126947842454523,-0.4736928077372678,-1.7613491462981476,-177.39992965115636
1.3938958543782638,-0.06693902215005064,0.3915505287030646,0.9297614130027414,-0.5666408274663843,0.9422994279195377,42.66358370517605
-0.4215642258495061,0.7990253030192105,0.08215836485477386,-0.25634983470854095,0.3190467728194877,-1.682876446121173,-198.9984184356445
-0.9277058028112656,0.800050250286514,0.48899532052863126,-0.16020788160740004,0.8649916349238538,-0.1387290908294973,98.27009354242733
-0.2174059856254686,-0.35626850567470164,-0.18002338845151525,-0.46979078529099927,-1.5438668541031957,-0.6529035316200344,-236.0485809995024
-0.4264796040003151,1.0401911166794051,-0.13784416411496378,0.6585977232068262,-1.4750190365011147,0.9806871322084088,-11.402183258916878
0.9071454824635387,-0.43164784535445805,-0.12101904267264825,0.31236265409138125,0.8852421602454826,0.8435795439716326,49.978419767322634
-1.8974397399827159,-0.3643118069448216,-0.1746633596945688,1.2210478525140844,0.15902268325334365,-0.8843760975378905,-129.19913981818274
-0.19150692908262268,1.0761386542905569,1.7641715448498605,1.3640114855543595,-1.663469117079908,0.8126778418743302,147.76260997023957
0.3832791740699925,-0.5137927339030299,-0.4852117236395323,0.5978496111234902,-1.79259688199592,1.8225468625698908,-9.703609091509001
0.8704568791653393,-1.3948181910283954,2.078014121558626,-0.4421834960228254,0.9238385318700105,0.6430457791946723,153.77553076738175
1.1016626624855876,0.7968099738849592,-1.3153724301287701,-2.2271937618302546,-0.30748684886375377,-1.2773190496386968,-120.44875596651063
-1.9433989464299248,-2.086109467402424,1.909869789741003,0.7604854846889291,-0.155792551418909,-0.1394692102473139,-144.72133818988183
0.8192876654829334,0.028266072483030473,-0.06677435844926996,0.5974251581289588,0.011473920403103738,1.3146124310745588,213.0426799974553
-0.8692378903206551,-1.5900944736890592,-1.845433742475672,-1.0840702015141035,-0.8839977149380578,1.8432051578954765,-133.84041634863956
1.2565829598798297,0.6792957449704343,0.11287090866374815,-1.4674239329476253,0.015132190673061258,-2.220126228775661,-153.4299176617553
1.2310727754214819,0.9247728320648859,1.0452887956065402,0.12660293194524452,-1.4909104280502667,-1.297370720382655,-129.4005327359792
0.5739132699662969,1.452567213733679,-0.04916238569477892,-0.3987417456542633,0.14016411507939222,0.3152794307783087,109.40636418120748
-0.997146152014077,0.11554304437720807,2.298551709960084,0.8136566796018431,-0.7402044457948517,1.9727363631030517,246.04757994356834
-0.8680315766712592,-0.9528627718578153,0.4258230042011033,-1.8961577474050102,-1.7965235513998743,-0.9267711634637026,-273.518502623163
0.09569366757161936,1.4183568583332031,1.0445204464519713,0.5364764913763024,-1.3357097273011276,1.6157540564808264,197.7105830398196
0.4084388138803153,-0.551485852476016,-0.7840581279888734,1.7744723746022597,-0.37860650808969676,0.7031188366723004,8.629347073985873
0.7381488542079219,-0.5220433037493311,-0.9678078511934307,0.4308124561012157,-0.9285077807365636,-0.259382668139385,-104.81587106789672
0.5530609137289724,-0.7757720942660489,0.5345094494782282,-0.33830600112619325,0.4077155383859764,-1.357256990785358,-150.40548537473788
0.17924292053951307,-0.7203062762724417,-1.650417955223249,-0.9920506391867298,-0.09502126717799192,0.27989679928129907,-66.49219288282339
0.26936857562315036,-0.21441060788204414,0.5755501836197393,0.6611412452011111,-0.7483593975839402,-0.2650614032203393,-23.50354827739639
0.06553045014429619,0.15568291928027345,-0.257251991848368,-0.29303890297057195,-0.0656234123894213,1.156934647619073,89.74367226035308
-1.8112582850698904,2.4864713027210645,0.48369840515168694,-0.19077439553720985,-0.32949375859798347,1.3519873545129304,236.39825292063037
-0.6757175730855803,-0.07065958916727438,-2.75608718474116,0.4133293538234507,0.11057936938333777,-0.6994610794952923,-105.20908542554496
-0.2593668227042794,-1.62452407473911,0.41096753391947427,-1.0439145754279624,0.6659162554069123,1.5599156196801165,96.41264200667662
-2.608668176461211,1.5204524475343288,1.711801982089917,0.5039677261753407,0.3055664505257854,-1.6541598483364264,-144.41009360698794
1.0366845889886178,1.6801158245837202,1.5198919873742165,0.47348874351755044,-0.44137782161084077,0.5147898855212955,244.5923720663029
-0.7882405886800016,-0.42256979368804254,1.7495494372452833,0.8389487335145672,-0.6283836404255247,0.6160468144584282,80.26328472841988
-0.3024228474024118,1.5000112372666208,2.517566705204078,-0.8401753469827029,-0.8026345661679916,0.6715266052755196,207.91405047421517
1.1574825780043607,0.49141776501081563,1.287507784924405,-0.2894853880913618,-1.4589893060124275,-0.11872416757129482,-18.770998604715
1.0202091642617142,0.9449758965304285,-0.7582339169746832,1.751707026210871,-0.06974414447037598,-0.526901003723702,-39.85477957906714
-1.5014186144403991,0.6276236817092529,-0.9834652062072863,-0.558689122662105,0.9400140138372195,-0.07185564243874963,-97.26474848713904
0.39710017388064567,1.2726886154249368,0.7850233761773382,0.23443528426746255,-0.5246547216316746,-1.5365622928027671,-120.63153798381326
-0.17174940408676542,-0.891825760476019,0.7488618927192942,1.2442289267650075,0.5651237945998571,0.9880258569441025,139.53241300652815
0.863369827625915,2.4262612605289005,-1.634559424332661,-1.257357155195666,-0.5181952611860378,1.8376124796462245,190.69552280393827
-0.07250381110453506,-0.060022433838944046,-0.7404708627507331,-1.507158130318395,-0.9732935779945424,-0.13266794077344998,-122.0007322075419
1.6118278255280003,1.8046325230875344,1.7549453075195858,0.218464036567029,-0.795728217307833,1.1070419263042113,208.2551466247793
-1.9414923354742148,-0.9992301874525306,0.24678401918593107,0.41361641519319897,0.6153336132753037,1.0288602800694744,23.374379920101305
1.776960107024495,-0.49953688061712476,0.8664761398759129,-1.4157885773557592,2.174743758366473,-0.5933625227135839,130.52990687144833
-0.45769187235373826,-1.6759949203521864,-0.5148083445318861,-0.16955515390016754,1.9273488301950112,2.1454500208487643,276.21174689896094
0.34331221291538594,0.666995676515791,0.006675349430433728,1.9328831528708186,-1.0666619761688185,-0.21961376124390913,20.92218289550552
1.0340695806493323,1.2471072785743025,-0.9521103547449082,-0.720002018137599,0.311829067634608,-0.4415718737818508,-101.58181737039757
1.3406189070376655,1.5866999334038019,-1.2119034428921394,0.29428421702458724,0.574164105782041,-0.9042985925686922,57.71071529212895
-0.4288463063030594,-1.0801538413332477,0.2518644875312453,-1.5530487881169526,-2.576453645712387,-0.964532252111496,-349.12434170915566
1.1721539901178204,-0.9258590340420737,1.707685509852965,-0.19891200750733626,-0.7071382097809282,-0.1401694247150531,-88.42442309905454
-1.284772990898327,0.43395309373446067,0.2944936371875638,0.6991667751533862,0.023503215972099995,-0.8517743289522599,-155.60340026007714
0.34122343111418985,-1.576131906010137,-0.1627791059099921,1.004208275942889,-0.3241662138916374,-2.310401165934582,-195.48358185312802
-0.5146211581322884,-0.9135018699305104,-0.8649882548285777,0.38920843749354483,-0.5988317889391902,0.5709577509474443,-66.06118467881554
-0.4102340195352449,0.27406634906612615,0.47739703413838425,0.6011152415762872,-0.06112105809294463,1.4102921481859165,174.0454891099692
0.41501432492114365,0.4878401098746282,0.11647957404687836,0.08921572188897078,-1.010983085130419,0.4842264028651604,-11.527431596233214
-0.6009146253411932,-0.26532767687706754,-0.257043199328269,-0.24254806773541768,-0.6323974243627755,0.13484217795812448,-60.772771486157986
0.993061646172514,0.28065679536792737,0.40433944490999646,-0.43531702907840103,0.8523865535547545,0.801744841100587,190.85606843793587
0.2475266646139055,-1.4802701247965366,0.9498572518952295,-0.8614060818918678,-0.40884425324610935,0.6218555434855575,-57.86032792311056
1.8365779110635234,0.5571739509275447,-0.19846142513049583,0.08374090916470238,0.38730286604311454,-0.9146448682517406,2.1235971269234044
-1.5608417620133812,-1.0227726436258056,-1.2960462942239581,0.6278445590168439,-2.4406484512724216,-0.20277850096386044,-359.1904375082584
-0.4521101779692523,-0.42261991242579544,-0.3352647063309874,1.322156690186778,1.443995746724316,-0.7504571732611005,12.4327322235508
-0.9134332557076903,0.8286224737275862,-0.17935986176517457,-1.7502777337148514,0.31272713665039326,-0.06071016450098678,34.725050807440184
-1.6438659211246471,-0.5531956121633099,-0.15228699289346692,1.153529385781394,-1.705351514474748,-0.1775330733552622,-258.22455784807477
-1.2582218629550712,-0.032750621855905666,1.5036300633028588,1.7042791719303694,-0.2579440091511485,0.7210299073463955,95.88336101980713
1.774698627368611,0.4221652646894787,-0.06304479601823659,-0.5420645282133583,-0.9981997461359173,0.37210895047180315,-9.746312069696035
0.6467832898690805,-1.546380761899733,-0.2467211935208295,-0.6498468063151756,0.8372927664732114,-2.705986163926067,-292.3139870292373
1.0622681377305399,0.030982571744621528,1.3772062278512027,-0.5188980629915159,-0.5654914000509099,0.9170928931630585,83.6182962779715
0.17222103100565442,1.2675498474621274,1.0162773149778712,0.35486641609705666,0.5549145598539151,-0.49863339698474046,135.77457082737698
1.0616295026017457,-0.11958691003919142,-1.078772885669642,0.5873584546530031,-0.9518166642536615,0.02040091296869517,9.957979564761857
0.30199470942652756,-0.22822525421418863,0.4271004584598686,-2.3039378895341063,-0.7422304224700123,1.7640830171698867,31.96831292569071
0.5809714796117899,0.6865557828318642,0.8070143873202816,-0.5734413473851292,0.6476103423911993,-0.5707904188585629,51.02496593921194
0.5517660688299031,-0.9427625826443211,-0.0601939474479604,-2.514917156522556,-1.0462078700251396,-1.4058466798704266,-286.5991838126124
1.561563301054911,0.6870127096195183,-0.05058134183198578,1.217852853290932,1.5007265947400728,-0.8267327171667836,84.76751222528331
0.17074431876978105,1.675585363749543,0.7212798304941774,1.0268214082795588,-0.04463859679033419,-0.15970499622959874,171.38788157611847
-0.05188064270307625,1.290288639015738,-1.1372341373581492,-0.6342545991437053,1.1546214394045473,-0.5143547085178414,8.350476076635388
0.6193681473185682,1.0166166184514378,-0.40551571071808945,-0.4768016283663268,2.362702344206224,-0.363311934429974,144.97621131714243
-1.8200877141531482,0.036891477215702274,1.2220549473022928,0.6973431765003941,-1.4700983643638343,-1.8772196578666211,-281.3440173714574
0.8607982565663185,-1.4156101912069927,0.446122428370968,-1.0408114856288133,-1.1193449526107988,-1.8000035334422715,-305.4870499327125
-0.5270191462815634,-0.5453938825555982,-1.18208682740385,-0.598607759958428,-0.3432677878790626,-0.24355518521546926,-117.76285054406524
1.166977308129831,-1.634847743391536,0.37254828109750876,2.127279288724502,0.3626264253276726,-0.5066592733942064,45.41674927119418
1.3269257004424049,-2.581589546672536,0.7375261291206086,-0.8664138618629666,0.1894155376734702,-1.2594532856957112,-149.86431155838991
-0.5447848461882929,1.0058996538606169,-0.5384744760775725,1.89482979123094,0.29521315695261485,1.2784595202315958,176.41136316773557
-2.0971684117016025,-0.44525939321363617,0.7248981343065589,1.233786438181298,-0.2061345574908889,-0.15826932859275908,-96.74586351533426
0.1781854722886157,-0.22452928496266597,1.003970319873209,-0.9811743416497013,0.9603126661003281,1.3155931277438762,205.0940534515452
1.1045648147886027,1.0420494268096716,0.9051341542431637,-1.0084835598433723,-1.6940997046889927,0.8970569493241733,128.03677158157683
-0.8519035170516837,-0.8747165542861979,-0.7902849103749255,0.6244810918873753,0.36145573732022646,-0.3600390399584574,-111.56431332155864
0.1397733646478253,-1.3541230117634417,0.396077387162268,0.4417829781061865,1.2458933912930492,1.1984231699776635,155.8163361447892
-1.1766716668033035,-0.33836910075278054,-0.3651969872140273,1.0817498197547792,-0.5406377617069509,-0.6441265430089465,-76.7350672664579
1.3507015067332062,-0.40136684945402384,-1.0630526269403415,0.9622648320656717,0.03288972346776384,0.10674508377666468,41.118865886789834
0.683951047934267,-1.487378917550122,-0.32948177601868023,0.9948167630190398,-1.4416699196011948,-0.0195395505935815,-220.7490418231676
0.7761498186158594,0.019001285907295284,-0.522801634307096,-0.03509584925172194,1.254174151337735,0.18578321448653662,32.23347787732486
-0.7194084024879521,-0.05995922258981779,-1.1348269540693834,-0.7736874386142456,-0.06307969893365813,-0.5199417006335877,-156.07150196555466
-0.2562156854558134,1.4693485680969756,-2.660236137205532,-2.3540055136194886,0.3227729940975668,0.7891456916443491,-38.48630490297013
-0.8653698428469909,0.716675203159333,0.2930511717463958,0.7163100943828599,0.21669160293448927,-0.0684437905799174,101.93178062084236
1.094059021958011,-1.8864848864889772,-1.131322954801908,-0.006489921464575975,1.0983021394531536,-2.6723774478713516,-238.14684772892087
-0.16590983334603568,0.30489502662232776,0.004763579433177039,0.8005713357270688,-0.4023087765495874,-1.2682746217315892,-98.42770710044385
0.6996167071670786,1.4374667336907985,-0.3389779823963857,-1.2158427171053363,0.1434778658436248,1.5910511605161575,206.84740441351235
-0.5606705787312372,1.8586797731293454,-1.0637451944609406,-0.2942854699929175,0.860324109523844,0.6287067280393384,185.1246577881862
1.022021208138782,-1.3995880168582735,-0.18444646779301796,-1.125282135605251,0.9691813788877442,1.2823607565899724,94.76876295689826
-0.17594247130332916,1.2754272664998523,0.2707776250081581,-1.8237517454349517,-1.3388093750967578,-1.1492813075396549,-232.3142995927808
-2.203667071419741,-0.36350056316002205,0.7961074453752272,0.995106628385191,-0.7160857657821358,0.7641657890806661,15.075595653909346
0.23543457022431954,-1.8084957262971495,1.3029684440103384,-1.320221978353,-0.34098162456164394,-0.7990246337329879,-161.05791026763288
-0.790987419958881,0.3354607428574997,-0.8722246462712657,0.9274625102860384,-0.10946579512772013,-0.8694338316141335,-129.6981460415013
-0.9319752465099174,-1.2143001608458954,0.3862615327463348,1.7987811808144942,0.5787382046236431,0.3365010011876534,47.85899155006161
-1.963725220350961,1.439827603717585,-0.15740877466439504,-0.06281837391127379,-0.3758345127699247,-0.31544096001138633,-101.0606562217059
0.3745975522121642,-0.3145747075149155,0.9563960273238705,0.7164139563609612,-0.549910907076648,-1.243479086438973,-147.48775868902538
-0.5574417162344965,0.54976808955804,0.45255544323759783,0.11475143086175277,-0.9512090238443054,0.5809645586222655,-9.404391675172569
1.3526782244450435,0.3230224237001062,-0.11564205345744447,0.4214431568016931,0.08637876634346979,1.2799200675201787,173.11991801381907
1.2542577217177604,-1.1267349932299617,0.1396812096100189,-0.5902427855411186,-1.1611841985475917,0.980236986238199,-24.725498748331365
0.5320836183833169,1.1196169874482096,-0.4915880069466054,-0.028621440028228695,-0.019236592705378797,-0.37923672430562155,-31.387548123848298
-0.735028066024709,-1.0064554160525205,-0.5906009419767793,-1.3143552403084597,0.4214642004366516,0.8162533736496665,76.93790604853837
-0.30724845461936295,-0.5143838332598708,0.7010236430700061,1.177502597956307,-1.1646213929675888,-0.04827815994086007,-49.72192177931763
0.4291862021194637,0.6121069761397898,-1.8865543747841187,0.0191360420644263,1.3627125771692163,0.31269472039383855,89.79088003529966
-0.014443035481260576,0.08395483138424331,-0.43827950686452616,-0.3867719015467746,-0.4526400257990367,-0.14746310840013746,-94.92811540721127
0.36802238229866646,-1.2137600186509632,0.3579989735481431,0.3964880462297802,-1.0510321378897967,-1.7068799879256438,-249.12565160724918
-0.7202818928657779,-0.961171746666708,-0.4265013108432567,-1.3711488840733925,-1.2217696884957627,0.8181808218412344,-55.13324988435611
0.04463440817460389,-1.1308381318688523,0.49495920165520335,-1.3824823636358354,0.3938617334440719,-0.7473874199855716,-17.782112874627572
-0.3241243963982882,0.5406224502922359,-0.7708829167134587,-0.42279927593844036,0.0467898815188185,-1.128714868357155,-80.47258308855598
1.0834813580592522,1.347877321423727,-1.0558011181147486,0.10529768632162931,-0.8185884799946904,0.17521571278222972,-25.802173992498915
-0.7323231456497137,-0.047780481022799484,0.08977811442149679,0.17943514491353535,-0.17342247612862366,-0.790217500989529,-64.04275027145432
-1.6430171534515452,-0.42483462344207973,0.2860425414220605,-1.569204466904673,-0.06586710854353407,2.4276108537690053,153.74954249603283
-1.7395072820623847,0.41071369301341815,-0.7301083906152445,0.02331948406210189,0.41589311025066844,-2.8305396776406933,-304.4861764486744
-0.008450733518625648,-0.13601664174056236,0.8517065393759712,0.5484496087345391,-0.9558478737376106,1.6557239947043563,105.36717996140891
0.44876958061795186,-0.4186107849987764,0.9538617337027278,-0.9397035152417008,-0.5505577199851681,-1.1690943525447977,-144.84638518090858
1.3318333670809548,0.6431887929877242,-1.5565689314627968,0.015315341702157615,-0.25271015922189266,-1.3585711693838654,-198.11490092922764
-0.1472496019300598,-0.11312362041257558,0.8616937969396228,-0.1814401946952116,0.5249214177165628,-0.4188816171521778,39.46262805773409
1.6689644933366627,1.6268283526780263,0.09225546471336721,0.010168685796308734,1.8568916276629261,-1.2695378911302926,82.41187560445462
-1.4172180626872126,1.9002529251983353,-1.0159768461431307,-2.686309621762495,-1.0975446355552856,-1.0602108703849884,-140.7525613274019
0.8477371883746128,1.890556289411723,1.1682268673909821,-0.36426479693915564,1.0599344591262487,0.5029518814131356,337.89734009952065
-0.25466325794279404,-0.16573404058719113,0.7838734213913744,0.1244039460493813,2.1250598785620234,2.2238241632202524,502.64642271047353
0.46064930954743316,0.7348131813912445,-0.060375292854193,1.7672839595937324,0.12945235442966233,-0.6768659225630146,-79.40106664459444
-1.0258563929231619,-0.11941167041751283,-0.055976569251031456,-0.8748810711176064,-1.3164626440744855,-0.5042528716252478,-213.0519660134002
0.4718653522265291,-0.6391919066757953,1.2584327741107837,1.9508641331494625,-0.8366127582157556,0.05124121284568844,-30.272968816567577
-0.38100724637683736,-0.2810357916228593,-0.38036142252715993,-0.5746645091254884,0.8281424748738393,0.048144765614085865,-12.351192618964678
-0.12443388995477274,0.3638884825644488,-0.4010474466342355,-0.01725193436492141,0.9594133232827509,-1.455196493534157,-59.49443531261781
-0.8318800374349671,0.6092836223539086,0.6309681676270704,0.6473179369219096,0.4637324616709981,1.6742837877500776,195.82109572979283
1.558924095565814,0.45545423524372713,-1.1108828654828782,0.8028298419062092,-1.142279442314047,-2.117969465373096,-278.0237133837559
-0.28978295274192245,1.493013823198598,1.1980411276833853,-0.6731110861560892,-0.08141018697641761,0.11708995306099373,155.69605266789284
0.7740806352823045,-0.3674363631966023,-0.1067679798799557,1.503734947527826,-1.1297615898137485,0.47314739789180565,-28.237764361376428
0.9477268660732779,-1.2550908509944902,0.4128812315428518,-0.9755958334625144,0.3881426969443485,1.0038074553384762,115.86418403990291
0.4683003493397277,0.713068961913105,-0.6396979993008817,-1.3645031157421708,-0.23074611646694468,2.0574333588759353,163.25863779865395
0.11273491397397185,0.16286260239438854,-0.9729646092224129,-0.3619672121411531,-0.5423880955908779,0.6555355756700729,-22.922399946460313
1.2087067996532332,0.6428157814791214,0.14269307020788635,0.6181171803835807,-0.4472973198877894,0.8144026422134686,152.6932462994942
0.17524707616504795,-1.1408657593651745,-1.1484539692228355,-1.041207813394531,0.4511283251406693,-0.13749035231244966,-134.61887473382603
-2.276319513280165,-0.7986496167793958,0.8256548826076857,0.3256745892714344,-0.016073244067786947,1.2258396955269732,56.205011510291286
0.4347882343291963,0.9887680200262776,0.813670136143335,-1.90830810776401,0.6643473006952233,0.7460458751922454,216.47098283339668
1.4248912044548006,0.13681505565778979,-0.8323435571401361,1.3935348148571622,0.3006616109050224,1.1459269869259887,200.15091627453228
-1.571719543994713,-1.1485071772935072,-0.527133993317315,2.00299049435638,-0.22769449427707514,-0.29926783413202235,-90.2361784300763
0.0839492216854568,0.09463567822898414,0.4155716243159322,1.1260751793009252,1.9597045942537437,-1.096948664702576,40.48695445307213
-1.7398605939847762,-1.1265566299535617,-1.4390805664996318,0.27310450252766805,-0.2719757441178489,1.3488223188265218,-54.92480715560285
-1.2664034284278602,-0.17583719696460492,0.13195165486049623,0.2243166325487623,-1.3171611707334994,-1.4012777771852318,-249.69154440268565
1.1632026875174324,-0.08566620781301976,1.1837436019090337,1.1444076732889394,0.7906002372213519,-2.088090720939503,2.966543960414498
-0.2347510349032574,0.036880782511524685,-1.3272549956495758,-0.9678163976665405,-0.6527994958021794,-0.923488529626098,-213.3486216143563
-0.27860957865889063,0.07108773328254055,0.7694658386393299,1.689929104501527,0.3611469102283045,-0.1831555202332372,35.27881457879642
-0.159864531618371,-0.7523815959334269,0.16718398942407947,0.5014088296046111,-2.206125479015408,0.1200947421241151,-234.54663060523478
-0.38176989519311877,0.16147714487991913,0.1931480979592383,-0.5687406174713766,1.2458871111025214,2.341278638354059,343.42423010384886
-0.21473770812822565,-0.6329002191075587,-0.5426952293150464,1.2297827697636496,0.16649228121693788,0.38766331991767183,25.492364343590815
-0.18487766653636473,0.4480841443587257,-0.45903256640143525,0.1820668480286576,-0.17038839684543855,-0.6336245209276908,30.364785728048517
0.32238920352058076,0.4942319951819725,-0.3004194593666407,-1.7213626560164528,0.016045890694885188,-0.16904566724837644,-21.610022205453465
-0.7404280382813544,-0.9624791702547529,0.22768512521259016,-0.18059681440420164,0.21114706866319097,0.832880256853676,66.72232340193833
-0.07358373951839565,-0.03257553281083378,-0.6039719875227846,-0.32416900715645586,-0.6694073214811279,0.7888396279115085,57.02156640091225
-1.5742487217120595,0.4398531920537905,-1.4515137460372394,-0.21690421752677144,0.33419525003830947,-0.24909932158996018,-24.732699612834864
-0.42925320543219403,-0.7466848776491681,-1.9875744827923705,1.4479996520593452,-0.944519001734447,-0.6493966155390718,-278.89909191256857
1.8684409383609548,0.20719935423312905,2.321552333964831,-1.3055058441988745,-0.3853432490162714,0.8530865949469046,133.84086819821067
0.684045140881732,0.3821088706097758,1.339024416604732,0.9786927944342472,-1.3358779350798722,0.09689301494477107,19.64023030833489
-0.038800716412766945,0.7303444831549035,0.30817700244542734,0.102891944474676,-0.3214151882864469,-0.4238715389722879,-34.595852661992794
1.1495297048916615,-0.15516632427742533,-0.5914838177339963,-0.4466516733102196,0.5953537989733213,-0.2362357821350027,29.281678826176485
-0.20430408445935197,1.0129291986299656,0.9852970386481242,1.2531681081674475,-0.6863278852102032,1.1516056352118562,242.3042200909211
0.7008749155626851,-0.44614409509805103,-0.7836547220915454,0.9595010918793968,0.4863694811600928,-0.7115082029880103,-73.48351149788726
-1.2067850751219231,-2.4158893918046638,0.34808526287437697,0.1881963227617266,0.7547541006349319,-0.30894182507922646,-141.36389110166456
1.295066715792965,-0.38135688979872395,-0.16026890211576347,0.9544402680552947,0.3902563230800521,0.564925293059951,43.60861951949612
0.3517295156099382,-1.007507424643775,0.6385618373703831,-0.16956342598864282,-0.6623239204031578,-1.8738195875040233,-270.72894525672376
-0.8911417432823658,0.3473150234266416,0.984644480668497,-1.1834688049772057,1.720046556810165,-0.10245367797328757,45.9071294515181
-1.1662393652391954,-1.2047688994363033,-0.2848929600159029,1.2232924183092933,-0.09617037637701643,0.8725099918632748,-8.056743523007526
0.6116840103785027,-0.5695064469427304,0.8938999433041326,-0.16105281212090436,-1.4510109635615716,-1.615164545465194,-263.8255200405798
0.19241987967416374,-0.45904123344345643,0.10034817218948691,-0.940566563124558,-0.030128135131830526,-1.4586976261141302,-198.79519684311092
1.162220528219892,-1.2003360397857392,0.5912520133511834,0.8220280849716477,0.35857831011511543,2.2183104459279885,275.1569444103199
0.8885364008872326,-0.07752421516988312,0.21443347225326756,1.2076153580622127,1.4185875868234366,0.16078278121737485,167.57693976820428
0.44354938070683836,-0.6131078202559291,0.4128842560627236,0.20096096846099212,-0.16510834229829754,-1.3466090741669225,-187.69974363555198
-0.8154347084154747,-1.400888353975603,1.4258654372272501,0.902450325301134,0.8854568889793354,0.7873458754964445,118.75577129123323
-0.9801612437110695,-0.40865292304707423,1.471475577341977,-1.0673682806406504,1.9004169270724904,1.2948956733910633,278.6256989251782
-2.7467399802906605,-1.1794130995086447,1.086193887421501,1.4039959609196526,1.006545867605795,-0.7118758235635696,-17.728195577460788
0.2880879235595263,1.0516458559318596,-0.31379528500659537,-0.4144557307185378,0.910135984404003,0.7506126235144928,286.0673479737466
-0.5806618934328692,-0.8590288909806614,-0.5430926265063462,-0.6577383963835733,0.09676116296060062,-0.12035898982447091,-64.59436961786463
0.22458929199460362,0.5624070843301036,-1.2066962638651013,0.6259818717702229,0.9018988465054781,-0.25692633827341854,24.10530092761936
-0.9834077124992227,0.5737821025184983,-0.561897559468062,1.812327729252124,1.448536140167807,-0.44191457002992257,89.64277000288467
-0.7009992476825464,-0.12885081924831437,0.269903760710478,-0.8562708061116434,-0.09821052124722465,-0.9550020843293303,-71.2065826309719
2.393000209678256,-1.6416758308643031,0.19089848668582035,-0.9088986555917792,-1.1110881317471242,0.46126944329745173,12.969285686400937
0.6446030261361411,-0.02165208123366398,-0.036692427267295276,1.2068437073979756,-0.6535077769588071,-0.7026352921381602,-123.33654816073302
-1.1680645850468938,-1.362538834166386,0.17707846002036082,-0.29421083794461045,-1.1187626371811383,-1.3509239072650163,-318.95385066422
0.4152896780977764,-1.2919023703201502,-0.2836162814127178,0.6679224117993454,0.4710335793629667,-1.391904894814176,-134.9440817236405
1.1348252519554445,-0.19221566955123395,-1.7263845726839002,-0.054070173307768116,0.5781460541436486,-0.18624869039130232,-38.23324946650328
1.0100560845882722,1.6823804169467536,-0.5119735585950332,1.2401725673256292,0.32176986027030613,-0.2584550460284169,33.94028642122211
0.9308121112568698,-2.722830165277645,-0.4614374728347468,-0.6695521877810072,1.3986957769451205,-0.9112334511384965,-175.48079048634975
2.38148518666638,0.45063893043681147,-1.1335114343967867,0.7804933905965521,0.5651787901903143,-1.9013809251224119,84.24141374013308
0.8904769776123351,0.14391600330995538,1.3427112453331638,0.5345258069082601,1.1515109142488684,-0.6572572601282934,89.29683262632855
1.8404049759646177,1.3719500758590173,-0.5302143332114594,-1.0895381023646062,-1.0731461321890219,1.1079383937210134,91.83637648133761
0.4552933493021322,-0.5534910476777665,1.3365373896410655,-0.3053647710065423,0.16054588751428364,0.9693317351220585,128.7207857983526
-0.0002567317587641903,-1.028709600500476,-2.671831747963407,-0.2969566869027022,0.46608729505669644,0.9565259237437199,44.30552133447
0.8007844683026589,0.3615006102276909,-0.4564613976804396,-0.7849696670418352,-0.2342738315148279,-0.4676320565025909,-26.166973680013896
-0.2925314247334714,0.6583754028116009,1.0714127769127921,-0.8169989744650472,0.5383288857285612,0.8198469714748254,213.35375471122572
0.9898163438976344,0.9071851819296906,0.6081949381951335,-0.14600978865774408,1.0807253551024825,-0.6383753090837354,111.72890757824118
0.4219467081857489,1.8076902591190893,0.5698709265313286,0.6353557499628719,0.07121886157798188,-0.2412994945540234,130.49301082540305
0.6640784788684564,-0.8015034617378045,1.0949368603230523,-0.5210898081034722,-1.0459378699587503,-0.9753039767868875,-178.4272031440743
-0.7653019297083129,-0.3929742475812579,0.3292341903274824,-0.7048423842892448,0.2792778307717016,0.4858880201088082,62.50587781417801
-0.8480185962599791,0.40216169822709963,0.8157332409068914,0.242135451683908,2.752144504106812,0.8872530195181952,239.7928861016532
-0.28298747820837566,-1.419426352292438,1.0399308286376505,-2.1290527996362014,-0.37774465837287896,0.19225612857837704,-181.6355779543308
-0.23031613006000987,-0.36495136021841035,-0.06564333036510948,-0.4990860511823309,0.6296450823536826,-0.16625615971931623,-2.379620830356438
-2.190720600902297,0.0677704246151866,-1.0370558233796638,-0.4903341711812477,-1.2078246744013532,-1.3657459917123584,-372.16597567156504
0.5056364789207765,0.3729578656816124,-0.016386232800164675,1.9703062231063038,-1.503808630858199,-1.2534517285520288,-159.73245739838848
-0.6607132738075127,-0.702226991057862,1.06249009373065,0.18895465205152479,1.1022382965281663,-1.0395797083062768,-27.57152423189911
0.05498553170430013,0.10946966848739813,0.5422077138252798,0.17544265028600078,-0.7683902232663206,-0.38519764020595854,-79.23201491065834
-0.7016545092251976,-0.9074631481745479,1.3469594055538106,1.7089071861536258,0.4245646904099164,-0.7702804627456306,29.029517515249104
-1.7426514259041277,1.0793208697560577,-0.19316107648674818,-0.35458812206492984,-0.5335126974081679,0.7222591279452689,98.61750903681985
-0.27700338185456563,0.874533087247809,0.6989490584551841,0.7289315687926975,1.0424882492856657,0.41114205874971727,185.6753134264542
0.5850243909000074,0.7241648140876938,-0.05275940117897791,0.7826853319817353,-0.23799961370651457,0.9528661358935803,128.91507198337715
-0.31429690992840303,0.7275244449380939,0.3949044949179935,1.7430282939844215,-1.9976537078035295,1.8468849088513268,74.1132265898528
0.5075261348862111,0.5899104561510179,1.286634782347389,0.3711930586893697,-1.0984934965876365,-0.7506577030691988,-96.65238909191325
-0.24869058199460192,1.6073818459478848,-0.33304599349835085,-0.15206766483294853,-0.6202963771745507,-0.08750090724525782,115.12534149491454
-1.3923494865170989,2.6052533498710493,0.2051246081156948,0.32340673696221184,1.0170844878118985,-0.07343797767597847,193.64079504561607
0.4042515066503618,0.1775611074821447,-0.03157351955931133,1.7325872237546898,-0.2690559970303854,1.7079912688586874,227.9461914859322
0.13256265354754015,-0.24042500294563204,-0.08699006254771599,0.32831376713922017,0.6834389425678034,-0.5292970381218293,-40.91394980041922
-0.2721385697065503,-0.46291673924781523,0.2579822813715817,0.3773950492164819,-1.8423892729626057,-1.2358668789808935,-400.90422443721474
0.9681364179824207,0.9617046496897832,0.4650488114404162,0.05494280163277264,1.7537492820222025,1.0083632468726256,269.37357140401514
0.18894007282152167,1.3580514752240629,2.2118175145578873,-0.9129043826532475,-0.6601926614155441,0.17380024637756114,65.0710812729622
-1.014875681041406,-0.38240473729768104,-0.06192038131281274,-0.21807711066187832,1.0996445836322704,-1.5193545616735797,-99.67004910682545
-1.1294146682162238,0.49330639500239615,-1.5720697507558852,-0.5583041120174203,-1.442647429701964,-0.4199724156451849,-216.63133073476104
-1.6386146948934943,1.235566233668147,-0.8130277184525008,-1.7275280657847527,-1.1539003989030785,-0.557939888793093,-204.46575182568108
0.42203971013504943,-0.7472440906283226,-0.07486287419084231,-0.8076944541948503,-0.6714750604772735,0.800901770236522,30.158002836523195
-1.4661577532456846,0.10726986996441525,-0.4062059150655044,1.4104081597276954,-0.645147853651197,-1.2893458075983764,-232.31219058687515
-0.31962334242354146,-0.24388545498315242,0.7719987539307506,0.5117606758354722,-0.5155982033527104,-0.5054307431554308,34.221354013810654
-0.2637867134957762,-0.14678380662873897,-1.3879188850165267,1.1335240541563645,-2.4115753703910814,0.35950321509882494,-102.27211581315183
1.7135752173161587,-1.068882412411714,-0.692868697342763,-0.10242671859928003,0.3583787282164874,2.3327645766026466,157.9965608228714
-0.43522641971863113,1.1848625488886098,0.1241959173880309,0.9703230771548049,-0.1186812967246992,0.42396021933893924,105.50882150197764
0.391316598368152,-1.4039476785495837,0.5372960502248889,-2.334439590817295,-0.9356325295255062,0.5203854357258063,-43.01971256722977
-2.255611434903783,0.8059157558392749,-1.3559093416604358,2.23418574522118,1.4248907617265414,0.21530612773757637,108.79667655083549
0.1613612287214942,-0.1127563746719402,0.6287810057374624,0.5778885725940397,-0.06773545911743144,0.5115238190221858,76.97414724502725
0.5468722268718467,1.4252745901687194,0.670263265480832,-0.02141185209508012,2.038376815327646,1.134157449984909,347.425400935752
-1.3307799526622952,-0.7391946429856742,0.6103923542565484,1.3608969077753441,-1.520793114049078,0.5456895349095787,-48.94673750242037
1.426943051110868,-0.012378179220021946,1.5416423520549933,0.8942842119471431,0.8741789974866502,-0.2142707512813519,218.68087208644022
-0.5316875461780609,-2.1702092216956577,-0.90238619162813,1.4406818707121753,-1.8754034559762134,-1.1373230875531455,-409.29284421198133
-0.17249928651082638,-0.13765459833089227,-0.3099074118021151,0.057921383724135786,-0.03946227361811069,-0.5197549131327702,-14.825887921156152
-0.016198055929638376,-2.331580072699441,-0.7120750927646743,0.44463890616590024,0.036169994357049325,-0.6807797938643991,-119.28523406392156
-0.2987944872940221,1.1854864354974886,-1.9204129331763304,-1.033345175330157,0.47151223367539685,0.7632363334953169,100.2913746468982
-1.5552203244296108,0.061263738783153165,0.5522220623040958,0.2225662285381338,-1.4440730336897665,1.7836820120385142,75.66289038284646
0.30532962350014325,0.4917012016752129,0.23872522703795804,0.13355221791004201,-1.0819986343341754,-0.7610614003497652,10.51071765230688
-0.3749702357246343,1.0905307800423214,-0.5431836857663981,-0.031077410684911128,0.09045154807481036,1.6953254935540742,209.0616033242141
-0.804207914511419,-0.15296893831372235,-0.20908876729560802,-0.245115512157659,-0.1191286039125092,0.8161940140166535,16.22931778138726
1.2403465814586967,-1.8708762901965375,-0.11625384613614448,2.222087637095129,0.5006056246393802,-0.6232030358007561,-27.07817111474897
1.2662255863049687,0.12053665211017736,-0.9529457684351824,-0.1787105072752994,-0.12354391350944167,-1.92928252952694,-199.28870865200446
0.16379720943135959,0.6929635613366566,0.667859583999764,0.5624314633478784,-0.8802908244747937,-0.7204631248545698,-108.1808808440197
1.8841041147481725,-1.5489242797991203,-0.14270734641643315,0.07010841498792718,-2.2733967447904435,0.004093138419411175,-212.71136078484446
-0.25456482989268214,1.5469328741787178,-0.6195979784209553,-0.15628893604396463,-0.8299792599291843,1.419197043456204,119.56748550808099
-0.20222088679816633,1.0403076623282708,-0.658834061307502,-1.5153880861232403,0.6682529594779212,0.6374148841488406,175.04301824162678
-0.754317068912952,0.5310701502643923,0.3667870591932197,-0.9245775075794129,0.35198531004369293,-0.3225374910956603,91.74581514883742
-0.20941644308191276,0.4715120608541087,-1.1320531342323725,1.1047129358321277,-0.3472728399429805,-0.646136573636181,-72.67155583846488
-0.5984473325269749,0.4491232337199379,-2.2810385909664594,0.31938745158688614,-0.4414907001939861,-1.0427667728320684,-270.8442115100177
0.1661048940097175,0.5933311405588645,0.18955099625791896,1.0800412618226864,0.7813092350907819,-0.6354865757351936,26.87341697491791
-1.1860198490508087,0.0678710384307455,1.4116745088906097,-0.6633266391912184,-1.8717552576328302,0.8538581836287388,5.969784225851107
0.6350015231356225,-0.55182927718636,1.476480382730837,-0.04895701594455959,1.215439386493742,0.7159658715256552,157.0547807854784
-1.3973690241859422,-0.3430284667722368,-0.6281229124122052,0.48601849363374594,0.049583306705961123,-0.5411243756012132,-150.2675037508422
0.3270266393865862,0.7761456118704138,0.7250038763467219,0.6095791800489788,0.38597734041494075,-0.7128992662377381,48.190443387805544
-0.06398985634755912,-0.4111257142984324,-1.4887092848251178,0.34064268789663826,-0.398874004810274,-0.4752182279372684,-187.53081446478092
1.1698541283093735,0.3822251816035999,0.29326888743503055,-0.3933573018412706,-2.4619686324058465,0.6155696036326557,-33.95465001212337
-1.986242304373467,-0.18920296315324697,-0.7437560942436903,1.9051045240515474,0.033630901002903425,0.7542163905923175,7.392491686677168
1.609837830447074,-1.0560105843772412,0.24276250910413524,0.11116678236263768,0.2832735897566559,-0.6169439878864087,-74.56129944450991
0.9402354953650429,0.3001045362872529,1.330737356967623,-0.6703868589690573,-2.080816823351465,0.8686584309899419,-5.633134080408219
0.27583900733970973,-0.8020637659492285,0.3379343477135242,0.7886923631520267,-1.4165411081687742,-0.028274982128929798,-45.13966930963382
1.2757284313463462,-0.13069380473649783,-0.06488811311674865,1.1094083828037002,-1.514070248305328,0.40474954606156227,-47.31240808088077
0.17949177637579608,0.05041740252491306,-0.5034427146986735,-1.9251267674387473,1.0159239597124166,-0.6320140695348324,26.452846327530793
0.09466615531720197,-2.3149380381293976,1.0204661984818189,-0.1985381962523782,-0.22791019235676704,0.832526660143326,-22.564309054707806
-0.3319465999978071,0.10786894142604721,-0.29226755233578067,0.31090762961022744,-2.125101828644236,-0.039717517917329165,-163.39040778489928
0.35318149385078396,0.2489047424767667,1.2046662328449227,0.15127325256751187,1.3830445449641324,-0.8303183477517141,68.5434901567538
-0.36912794521591397,2.3549443493093167,-0.07267432710238937,-1.5860127101665042,-1.0223135053467556,1.3917516725640722,122.75889131536489
-0.9897363037915765,0.9467294428495616,-0.6387952491602455,0.7931385483730312,-1.3078271041939873,1.3508423456278127,102.97339219427064
-2.060021570200246,-0.9746634714492199,-0.16673126794938262,-0.12256988953372512,-0.20850297362798081,0.4662299121417627,-83.60857758602363
-0.4326075687397861,0.7703057479319784,-1.0744422401697844,-0.1033425748697256,0.8132113620744171,0.09121725280202704,-4.189509902240992
0.13689027271502052,0.0650270221614081,-1.08831993744328,-0.7752713962372537,-0.053037819534596756,-1.512400107574507,-179.0442412128114
0.25162048453128555,-1.5227802740568672,0.9984797675517718,0.08350292113142263,0.2951724892322457,-2.1783649161813554,-256.9746571268317
-2.2282544571826146,-0.25721309735888276,0.22843149470440666,-0.2379790423704486,1.2429317020574044,-1.6545657717153368,-103.4855559966779
0.11799146912476173,-0.7299650590546942,-1.6683137367087386,-0.29736814703586534,0.40386746557122133,0.11463137137640643,-78.63878078259289
-0.35820749466233576,-0.21706901248829072,-1.2217046377673069,0.3799372921996588,-0.701609252131863,-0.6921632146174935,-228.10997487687396
1.4060776304317044,1.0478122099652538,-0.032660521439393596,0.37160041762554846,0.6698962655927239,0.743595776341342,279.78349426585896
-0.6605126332185166,1.2828771198632039,1.6512094479124928,-1.5967790209699326,-0.9104096294726587,-0.4173902062252819,-26.765388699477743
-1.317507945043362,2.26348545147231,-0.0401321678754141,-0.08338273772981535,-0.2803801415685605,-0.5390237100939224,29.22743588395985
-1.0367574885267394,-0.34317497997675983,-0.2743834471719099,0.045638464832142456,0.0143998187999411,0.16666374805277204,-29.126276510181768
0.6243903919594372,0.3463679822409334,0.14850825102218768,-1.173658685036984,1.4842022141368703,1.6922354115041405,191.5529444001613
-0.6307322739547087,1.7317056180844275,-0.37783686626961366,-0.8707981795965302,1.173204546576089,-0.14625692759563605,140.6235857528698
-0.8760891021231567,-0.14544233136595802,0.11669239065130198,-0.8246074992524595,-0.7241257611888846,-1.2048590499918796,-208.77183213503557
-0.24722530532540066,0.36584586318397744,-0.10907125290623039,-0.351405204345054,0.5061929090977626,-1.2632793827312534,-43.220542341332525
0.13191768215877273,-0.12396281137619546,1.5195450494393734,0.4017341765899575,-0.9663247514602109,1.0337659933511785,54.46142183058244
-0.05221836484689326,-0.654952551305047,1.4929336012965975,-0.12471075625892154,0.9234445103884515,-0.5649176007892345,4.5877396186388
-0.03406402881660565,-0.07498738321718872,0.6938422976580364,-1.2692002845381647,-0.3413497773645669,1.6420621623924279,142.60726067994057
0.6191990569127659,-1.2262052888194943,-0.030401677191499075,-0.8021890272525315,-1.2376583024773506,-1.3324192338380654,-198.39222250292846
-0.04500474399654211,0.6100641667636522,-0.09154724320644349,0.9331713056266915,2.3849466616729207,1.2472351872746519,334.7638235291282
-0.5455083342347549,-3.0022464278158414,1.8828809595361098,0.10381892862115988,-0.04121049387724899,-0.6963209615540863,-121.09415445464829
0.34924030370159087,0.09354199280774293,-0.3824177724601966,0.25027842800849204,0.6599782484996661,0.35831243715948,50.20749533627496
-0.9071172721196455,-0.6835786298388928,-0.33739256969210346,-0.5120259645825728,1.6330633629696152,-0.8513597635503576,1.6367513472600734
1.4310965012776387,0.29709673207063914,1.1812428850646344,0.5818223730109424,0.2483224323523606,-0.8054796197515344,102.80872172450188
0.4803412380035525,0.9979454677634044,-0.6616038482639744,1.3670570669003195,-0.4991277111076949,1.1437327883172341,106.54864086043668
0.5376808598564469,-0.9269732286098715,1.0855225579334238,0.9155262344961261,1.5304361320110438,-0.784895763792158,-20.58058063860527
-0.7524302925927617,0.7328272130102179,0.2825746473501698,-1.2942368086973286,-1.191794554434182,0.19536840493464713,-80.9818668737896
-0.21493953620231981,-0.944115124383265,1.0904082336450531,-0.8440117214925507,0.6435393180938523,0.5176455770452181,58.54953913548511
-2.6465441325402494,-1.0704481784414643,0.3776218531324077,1.3650263746775637,-0.04051560536571116,1.9114086651130875,6.284635414419526
-0.499695046149727,1.8558655020199923,1.1117100587126971,-0.8499197842710282,-0.7236073814455537,0.4883375861925834,187.48983644745715
-1.576389573582282,1.084336580199531,2.0339155630853374,-0.9193909949285459,-1.3173948708390077,-1.602846451662543,-178.8084396630044
-0.508361048560086,-1.787895838643458,-0.09450940612571733,0.889614647857041,1.5230278885848791,-2.0273177682392256,-135.99477952822613
-0.04420591719013742,-0.9252381808987777,0.03415002354395994,-0.36564832084350724,-1.5338050820336426,0.9279263874827528,-169.39089904644658
0.022605794160316377,2.0932090189803425,1.332233523237417,-0.3795165756992188,-0.291078283177526,0.3558071855780058,148.71147581752516
0.37984613695075714,-0.8394929872734092,0.7972491516748829,-0.17608603756263022,-1.136802843883072,-0.4169143773714395,-83.05028595365835
-1.1761849011892993,-0.28133659540493794,0.8271206071391638,0.5805076800137596,0.8159886179662694,-0.6736545470944403,68.55357005648827
2.3094302654599863,-0.6693454521866372,0.6870775192931452,-0.5528912776021169,0.8148854126752307,0.8940532898828562,208.933132414037
-0.3917778925319821,0.6411953270464356,-0.640499313142179,-0.6261836852299458,1.8491132421420386,1.1000932099755631,279.79183721188986
-0.6643549225958764,1.3331445383498775,0.620203961714436,-1.0575863407684176,1.2985389427385525,0.2407699850678027,163.81663976879028
1.0926849672788632,-0.8986796897466584,0.2728026423364273,1.2085125909997847,-0.19590683291593533,0.37952993426551324,64.1407698304771
0.07564470450578606,-0.6461093255583341,0.322498091630742,-0.22898570854096467,-0.9795572433491493,0.5168865617399285,-105.42712241700204
0.12547270101589342,-1.0625586543159842,0.8899872627351066,0.5549202529256347,1.1083851677048822,-0.0011136560049435334,221.21716277962827
0.08755626290922493,0.9655160803061125,0.22450391399259256,-0.7627723999888459,-1.407657446789004,-1.1956598822589688,-153.97185123052088
-2.679855271039228,-0.8578449487500005,-1.2120947453332371,-0.5340345634168138,-0.08167070868049295,-0.21726274755906205,-227.60974124536847
-1.839211396014305,-0.1773037891955374,1.5184649399617356,1.202684676697119,1.640848137682832,1.0912526316721785,217.05755002235568
-0.08480939593566453,-1.5530391879405638,-1.3295173665613509,0.49139959196931704,-1.7890801598523567,1.4706372431640728,-128.42142503233146
0.8900938403265882,1.795309343373499,-1.782725599217164,0.981811265467422,0.3606974265101539,0.34434018409456396,97.99554687207582
-0.49686407136585425,-2.9809407354675708,-0.03444301824916914,-0.5360786719508792,-1.980766952702356,-0.10465677043059993,-295.1053829786759
0.9426613762296511,0.2628636589071922,1.8202266272907053,-0.18179193822379047,0.9164401010120524,1.3236967154928527,317.52306487990427
0.2827906042450525,-0.32277781975134695,-0.523396099758033,-0.560378091208453,0.20775541671463882,0.6228636752407276,104.26353824262043
-0.4602289061869451,0.3476816072521671,-0.090728587029695,0.04781862127915469,0.347107252990442,-0.917304706873618,-71.41858854748176
0.5135988976012664,0.9721411096390208,1.8210649375624288,0.0809048589280484,-1.5301097204348604,0.8575909010338112,171.9444544842086
-0.08502639886639043,-0.6302256922898335,-0.6767901140374909,1.345471968170583,-0.8385839925937776,1.1232749536697182,-51.856052576272916
1.3692243049137158,0.042784325348694634,1.142264259154158,1.5176136387277008,-1.020978125641126,-0.2841423429618195,-74.1453094813943
-0.3915187549787925,-0.7077791619175141,-0.08466211970156474,-1.9888935229474047,-0.8016880445474304,-0.4785645361891121,-296.71823712514396
-0.5686044458263976,-0.839749965824302,-1.0156740584493318,0.16010651218248895,1.6805086211769475,-0.6003211609236936,-5.577092479777283
-1.1964406390659812,-1.277677797532053,1.0228786822743294,0.31328545769287264,-0.08338394246591947,0.3937096763477405,-23.28080753296338
2.224625670150163,-0.054078606705914335,-0.05936586547815277,-0.9873460499131004,1.2456978821808222,0.3800718673050595,76.16154902737654
-1.1980318196959094,1.0160242293061215,1.3170873439581807,1.2970170942806423,0.3282535359675964,-0.4412757413695063,-90.18851895057026
-1.9968714668623635,0.46250201118094725,-1.8961326371278693,1.439668626244557,-1.4347759206256938,0.2559504630366791,-174.68194446822784
-0.9398252370604006,0.16196339944215124,1.121365657752142,0.3777625040796118,-1.3047782792353628,-1.749485484376747,-313.7984586271107
1.5467099368889614,-0.01397018284204284,-1.3916863157589985,-1.4060666449597607,1.6290908212567987,1.5214253738847847,224.4961191245438
-2.2822496625344386,0.961870296733473,-0.8453151386171422,0.31796742410245404,0.13755951576523556,0.11819086381480746,-43.731037813695785
-0.4411204687591743,-0.48571188282529937,1.2356213516050802,-0.11555240452771857,0.4748953087856324,0.3059083131132464,19.49749173570767
-0.43604372345172554,1.130574194069232,0.28988373173165877,-0.6495540236869903,-0.8840521197977033,-0.4269755695504778,-47.25096504127691
-0.22170088083912143,-0.3326351757577204,1.1897269593876605,-0.31908375474078615,1.4986403940254394,-0.5042683691905613,51.256428275434395
0.9839032638764276,-0.12548213202318415,0.9147406115578922,0.2781979777691452,0.7390929435404793,0.9580799311196438,246.4447396095887
0.9135736000638562,-1.001471712576076,-0.01936957130048308,-0.046207530384277336,1.2918629773289305,0.2923601828226508,79.309004811786
-0.6350272457841597,0.4456483696994221,-0.0620881415273197,0.13778481360621941,0.7080680961960123,1.681674711082487,209.50555829921285
-0.3008022062830109,0.3505751276526573,-1.0212889026786023,-0.2812711201836562,-0.6181465262524325,-1.0376052279396362,-141.09753965916005
-0.3385203030928735,1.2630850292602718,-0.30062098414595556,-1.1540497801652514,-0.5178647907051406,0.2852911439928748,46.932508802091554
-0.49392779843322515,0.20258155418524648,0.6859791607004374,0.651600089293288,1.5464204397080166,-1.1879498078199335,-48.69291154228759
-0.2484395349843345,0.9111352035994356,1.208162966613596,-0.5158077652072438,0.6076648631501723,-0.7299575524390566,138.08738128879614
0.08495993130214594,1.4015658765882453,0.047893835508486735,0.2608752412205589,0.6368259689289548,-0.7138850073162324,52.04906010205025
-1.0552630464650703,-1.131652842013698,1.5165556092356005,-1.1352775389064336,-0.5413278493842523,-0.1962511523206201,-100.59120656443602
0.515491365549271,0.18178690792468563,0.4313876230662575,0.9632337957052194,-0.28441020575563547,-0.2340116100643345,-61.50705698982186
0.13591983191633455,0.519362178125343,-1.782321073388903,-0.130256044559173,0.39957589693333734,-0.19107297248505153,-77.17222549822728
-0.6351613989511515,-2.8648441849823887,0.17249827919054853,-0.7399619665012025,0.9735003293495827,0.4577458417734344,-93.09488675864878
-0.852781558694533,-0.9605188084641552,0.4066146444793828,0.4330728237123711,2.1510529714439133,-0.6355898830782053,41.361470555938936
0.8677836672452427,0.808862984163735,0.6591729478743942,1.3365987807860427,-0.7818979573418751,0.5017980773811916,104.18263747829684
-0.0326675203799854,0.46727906905589583,-0.37762755664249276,1.7265454528323405,0.06331938597348279,-3.2639367842669724,-228.7224990780989
-0.19715632664122654,1.5341203906434755,1.460827152484629,-0.1133189056104828,-0.529620479142807,-0.8640209753162817,84.37211915972613
0.16969137440700152,-0.6864464814008195,0.3834946504233218,-0.9873557005461784,0.05791392803972555,-1.4847677242277018,-148.74262715619005
-1.0971600447567955,0.4077663240903584,0.05139536289969578,1.0698224773684135,-0.025856950706936343,0.912698342800327,102.60569770679095
0.09920781107265025,-0.17737785897685243,0.25642945666765204,-0.24032259989414229,1.5100249769161727,0.5395007979784874,100.45527298148713
3.157990158703366,-0.07815451882586978,0.4022849753440785,-1.733444832786996,1.2067765360623268,-2.0669168397404953,41.108140039460125
-1.084852366933238,0.15417597370858374,0.8762748954092121,0.5200790010541577,-1.9949152751089454,0.5872708724290951,-116.33123374540139
1.038930281513082,-1.0516036830375899,1.324367200391537,0.590086383183126,1.170183338527499,-0.15389683409754282,46.96249632889229
-1.7706771484962693,0.4105188320369782,-0.05008537995979159,-1.3679191662019023,1.5824278500305393,-0.5169191423325072,0.48716195861350187
-0.2985002144928151,-1.3367407509975335,-0.190615679390013,-0.978407745860007,0.5106301266149351,0.15409734818648954,-79.16922833919259
-0.6185259810244955,-1.8294405805797482,0.9346788222104696,0.25532698287650124,-1.2900460745728421,-1.7931745216697073,-326.7699032964465
-0.484692620802139,-1.0258870393277142,1.07747014300933,-2.114490857788706,-0.7830132613869586,1.5280836282584325,100.30244499326302
-1.0962876895658538,1.8018210946794704,1.2706970481271476,-0.011007400404937865,0.32814362732676955,-0.6013728233691814,80.03307898874122
0.4882989221494327,0.3995710459894863,0.2387934463675373,-0.0672121103932577,0.3306749980413164,-1.9140824962972198,-107.84271760841214
0.11386190146993558,1.3251511308017163,1.0944193954849113,-0.9696913409470876,-1.1243886166633899,1.2308252909606063,47.157223582310095
-0.5753885505394467,0.7478966835111832,0.3103616369965136,1.6613605240966527,-0.27596607830045156,-0.824062184826344,-80.9421755752833
0.8035344570648985,1.2662567868143029,0.5608783979755934,1.1502528494234294,-0.8437575085156377,1.2016734548613706,180.28611193204355
-0.23209904278794705,0.8565173942213272,0.26967391628282855,0.9523877213726151,-1.10884024432721,-1.4837003436841278,-191.70520003022824
0.09034073668919498,-0.6628936728352994,-0.9592115068550897,0.015559334087762416,0.2519362898320605,0.21088063552570013,-47.05648478403087
-0.544707812286457,-1.941485475420415,0.21109383058644288,-1.558389096853429,0.004844665963075532,0.8208236052226532,-43.76516557610452
1.994733904091143,-0.7900322356016166,-1.5942482936794908,1.3848175954940476,-0.5365393940656814,-0.9803314956778312,-109.10560489729255
-1.188389164168666,2.218491580599143,-1.219570769261834,1.1293763862913626,0.2658773321547845,0.11857670270381485,148.2437687119737
-0.11718855923481038,0.24391973006541764,-1.566830512475452,-0.6286114963727174,-1.3737104982478705,1.4445013539451532,-15.800749402899461
-1.5324853503163294,0.09500193851657152,-0.7354062216341589,-0.718672091454477,-1.1601403842758644,-0.8092362222505538,-226.01907997179518
0.1776264710580037,-1.6507918215465025,1.2572210856780002,0.379533018264919,0.008576810349988234,-0.3254129200827934,-7.012451577056645
-0.7281408910745321,-0.4291380837726282,1.4217302208902005,1.418682625172221,-0.40797990618861324,-0.12345344689596019,-15.44592708780603
-0.9761918377178334,0.5183604882184013,-1.1019280049931455,0.18277416969252555,-0.13233312891609952,0.25240722946529626,15.3527484184916
0.0041231898383331765,-0.424108659280653,-1.1302252196315492,0.6249100127463115,0.29934050266478374,-1.0953894540993137,-90.45746932674953
-1.3440663525934047,-1.4141418611390855,0.20531688886518146,-0.5955045810728302,0.04846035258760468,-0.4953208829347303,-59.38340930097924
-0.9761819868948002,-0.5140158994690267,1.233408604204077,0.7474061725182826,-1.6252348419588112,-0.2511729352889883,-69.67247904982453
1.7281735637006974,-0.44430206727952365,-0.3082239474455085,0.010194029507815588,-1.7191744074030046,-0.08849837949817392,-142.71653056519534
-0.7880359429439175,1.8711803497465231,1.3123169049283436,0.18370469994582642,-0.9234341454018831,-1.2975867014526639,-18.943439808185644
0.2501255948672093,-1.210548597953616,1.0647976041236678,0.2974996044060815,-0.48221078531800393,-0.25954870647935946,-116.8252448474758
1.1365498959424312,0.12959653571393911,0.1015248610123593,-0.5888752593651638,0.46380316944751265,0.00832828039771983,16.047830832983834
1.6964785117528292,0.41931107142450896,0.7175698988522585,-2.33180887814991,-0.39828559682298575,0.1532592092190885,62.727338164212426
-0.7937468367834638,0.6739414508680499,-0.688011115601311,0.8706600461392475,0.5504704453578224,-0.15284264861180896,-12.30301204338025
-0.1724976699306924,-1.3536013069891641,-0.2502119329404949,0.8214898742671438,-0.24258431825408558,1.0518978187414239,51.106067673806024
-0.21918709680146678,0.31278760671199274,0.7553964879992494,-1.2593429830614977,-0.10764478943112725,-1.5782958975531203,-159.47360696669637
-0.9503232970435391,-0.8605953238893198,-0.7044262869656607,-0.587642907167027,-1.244062718147833,-0.5882787897663156,-261.8760674286043
0.6524897549446984,-1.6660161133827078,-0.08093639372331747,-0.7919073934498693,-0.3588867489404662,-0.0315419889850393,-86.17348531996363
0.7949352642974867,0.6204419461138995,0.6810622990703113,-0.9955278127423828,1.0725414085857845,-0.4884730091659065,36.684270916372
-0.11895760310397363,-1.3143581513217764,0.00018814705590936004,-0.15322858892982436,0.3979066874597143,0.44849289987531116,22.445336666930636
-0.6107618413519175,0.8226289280663819,-0.4487026341830126,0.24266093446683693,0.4118422538166934,-1.994441033664738,-153.22882189822676
1.196229757660135,0.9872685431561442,-0.19951872585254993,-1.508648074289545,1.627481876356586,2.0989713872810327,410.4742205426302
-0.25450218651384854,0.029373568758528788,-0.7620749942135189,0.8639886947216463,1.7737634003611007,-0.5563556068462411,58.968454353223365
0.09888170448287661,-0.6448120802107031,0.03851237219058085,0.857907143474726,-1.1338832917267956,-0.7667039939098772,-135.8131493734542
0.4570302743683816,1.0835821120691018,0.3137773434803869,-0.42011648143368463,-0.8495718727980313,0.9290648706261929,-21.940770840239168
1.2795754413441363,-0.6484163334734119,-0.3957751679055653,-0.8940453547921058,-0.26468552551988017,-0.4237336074630963,-196.00605376773873
0.29575794203368194,0.32881473863671296,-1.2092645776312665,0.21253154211447745,-0.905975919314985,-1.5219659834898727,-275.8814891879988
-1.495398681964158,-0.5093017858469491,-0.684762025278607,0.11264135172990544,1.4721521598411615,1.587194326969933,41.70755673499883
-0.9497163573697228,-0.7872824908656058,-0.18375727860902638,0.7609483720847011,-0.579670506177726,2.1818728287042677,62.72570639048894
2.271977892898804,1.3745994377246298,-0.8141480567492846,0.4870943857076537,0.3134722474158767,0.8738966549704583,234.37161503778896
-0.4297258855450754,1.065454828829767,0.11547298164555433,-1.727900088290502,-0.8162206499270384,1.0209746722027653,-30.1784192923635
0.260791925341717,1.063217749248149,0.010347748145649989,-1.7047494281214248,0.1162619548186519,-1.48648313612505,-77.8890537988195
1.8500096064728164,-0.9508772870306532,0.3963519096730666,0.6125565796903851,1.4740823873574582,-0.3333345028589814,105.64267759074338
0.5540091999450023,0.4859707006319581,-0.974770934388874,-0.2892343454309552,-0.9096541749575464,0.41879467231198947,7.972156801322242
0.03550973506183913,0.3199430282554019,0.733800159460253,0.8384728061056023,-0.24430131059003188,1.2675125097084103,184.14645453264552
-0.9335800674528705,0.7416105548208725,0.16177138533324556,1.2314321544316023,-0.2274081757699617,0.12684238289640448,75.45296201592346
-0.13182833240938133,0.7405318635198799,2.2126170708769823,-0.9332468708749615,-0.11729698785563135,0.4299487319522659,114.59057101797887
0.12535294673035352,-0.9758658390001981,-0.3374242459938161,0.34345904762438706,0.9740692951369444,0.9231729281335316,77.01019355615439
-1.2716656310751984,-0.608446152897801,1.3906358339374265,2.433817625853092,1.6320189705685377,-0.7867219641785298,96.17417270680933
0.005589663497361707,1.3372041413971274,-0.7565095635830686,-2.4452777405441104,0.511074001086047,-2.136371576260952,-203.69827487553522
0.8460302306083847,2.3810660079930805,-0.08460160650490915,0.14617616264250882,1.6384678137854378,0.8819812719595094,453.16224799048655
0.6022774183236995,0.5304473211781874,0.20893401087974528,-0.8927167111760675,-0.9573222082512095,-0.18227270132872406,-52.79346607925464
0.0773123047865072,0.5038805341643916,0.2767927446430709,0.10040134132905616,0.3168406194273414,-1.4635901105109625,-117.88818138727805
0.5859766967824798,-1.7159752661803118,-2.1989407691307195,0.2933017885576566,-0.490580270457069,-2.00771710072331,-395.4870396935078
-1.0126425538816504,-0.6518158535386751,-1.9621109969109969,-1.0115328633861527,0.5622815595660198,-1.5396474646363316,-279.6366317933099
0.8067304958524417,0.11451696998484819,1.0301110536205558,-0.7307935560562071,0.16766043115504226,-1.8342180225350073,-128.36874033778196
-0.12015371810030541,-0.16509388486226584,-0.5968625585493799,0.480412031856951,0.11019852347704737,-0.8872050476772414,-16.629823168908302
0.049630443900891344,0.06559705200002612,-0.9017083536407681,1.1097701740090413,0.11542687591223091,-0.0753588440929997,-2.0174348227033825
0.021710799364976482,1.3907951967567864,-0.028113264119556666,-1.7245383651521962,-0.3099477057240489,0.3431789909711253,25.89249893279349
-0.25967486005381435,-1.117063592782136,-0.6925754147652781,1.1277140594132442,0.4259384721583015,-0.29715461653375286,-88.01248294521086
0.7077295674015547,-0.9056472079501435,2.207165194332354,1.484597439345859,-0.24427222716974273,0.9872982237081391,187.49987046741387
-1.4983427127552964,0.052010211205996,-1.136121380849568,0.6045485878613777,-0.6282777082920672,-2.037095398170589,-350.4691219427442
0.05388499181981483,0.2653374746741133,-0.7388910368622024,1.3192935158567451,-0.6264652997766009,0.7072525969071707,-28.85060395655323
-0.1297037151013153,-0.5146024671528935,-1.3042840396694197,0.11021656526021971,0.2003502252242697,0.7308457483843875,-35.978750169717785
-0.35471057743986634,0.3760283628472151,-1.2922220605272396,0.7568890899890517,0.07831533306622286,0.30993877276669857,-91.80436547588548
1.147550770742756,1.574739991235222,-0.2070047911605011,1.0593761407552282,0.5021371180716726,0.8199465020670721,268.33970156818845
-0.7495883487364807,-0.08888138030662454,-0.20113481810294553,-0.4005088468732844,1.968436932814854,0.4992567687612941,190.8067882190912
0.6734890104149451,-1.627409162220644,-0.3865205248519428,0.899979229844971,0.8990186369549992,-0.7024382917930756,-15.176994016475533
-0.7583027823928916,-0.17538201766017028,-0.6352711848739232,1.235700652517116,1.1784001716449055,-1.422110990437688,-22.523682683765777
0.11823634163226669,-0.8575191317713605,-2.524257366262153,1.9355510014926864,0.8548229671664991,-2.0141479932453272,-268.7617536225948
0.3206069327805059,-1.1911025900605032,1.3424228357788186,0.31011815697262146,0.3095714789171179,-0.09321329208611746,-10.383926710928584
-0.203206594973526,0.8329049440547875,0.29960980158218886,2.3029559022835073,-0.11282621981287487,0.020772149191179243,106.06182356811058
1.436993223020569,0.09306783417480986,0.6577243722751216,-0.5702043943415582,0.46941263927186005,0.22447052674127843,-0.4994943830898393
-0.7252040961675571,-1.6445975411581377,-0.4081239324868917,-0.7539619521504517,0.8020550976215002,-0.11888855016201998,-76.18653558617461
-0.8619922085189452,1.2208856215339547,0.29514848565158536,-0.7637746965500474,0.4368057205831622,-1.3328780127985504,-126.3854949471032
-0.4440770320433602,-0.009521259699008437,-0.981634782603742,1.6191012106925042,-0.9476253712814184,0.543698738167453,-35.58957260142152
-0.2838833443077202,-3.0443222604348046,1.292669160139568,1.8191392458378464,0.4395797756355061,0.7165504213889515,62.38993273954887
-1.3734352550886009,0.7717796773835189,0.1123524804391514,1.9829934248814793,1.0691031877718673,0.540166218796792,216.78296145357803
0.22590892971015852,-0.2991472096104715,0.569558019322728,1.1896193885550663,-0.7748046840354876,-1.4453565815035827,-237.8663106595525
-0.36077194705036375,1.6837975223887165,-0.6418792344427308,1.6436051374046698,0.26016453344883317,-0.09931889573496777,136.1470658885283
-0.612286801858243,1.4142515096503807,-0.8187631486920954,0.938290827754415,-0.20294744905272769,-0.6257352524868433,-0.321721224512153
-0.21366472617292168,0.9988608663051298,0.10590811719045673,1.1402390086957077,-1.3988045774016682,-0.4804292206611561,-102.03315946660152
0.14284169293295415,-0.4366930083797894,0.4491972593771443,0.1514541208872969,-1.2447048559078433,0.18394188960143118,-82.21567448183613
0.9853327853971687,1.4512622677028622,1.7119770829657712,-1.114970341901188,-1.2249954828299678,-0.6788499455209167,-58.10699185492288
0.860028200241413,0.5005630220465856,0.6795523079939257,-0.5850484378489305,0.5300144588884417,0.5528107896681155,165.68539116557406
-1.304388547542325,-0.7951996438772587,0.6426003350980068,0.719723987178893,-0.1055132643175128,-1.025587668250782,-98.52190867756872
0.07454647852351122,0.757366858826263,-1.0131043758417617,0.49510933189555245,0.2971081996819958,0.5145802792273332,88.12065676553502
-0.1154988644959715,0.21497194921756713,1.2022062528436683,-0.7794223039224907,-1.7773980736251453,-0.258878613959911,-156.74191384621406
-0.06975532255625547,1.763481435894111,-0.2577590694661465,1.5530446727980853,-1.1930274222836894,1.3379854228486192,158.88583626039662
1.0404247059733913,0.8347288380730894,-0.49857152646098074,-0.36486271741229126,0.5044900264060391,0.7830498375022519,96.01925645597296
0.3079045176238172,1.296547603969772,0.09820896984644628,1.6869057625525548,-4.124983450777863,-0.4392074037612676,-269.7482202048097
1.8832600826650432,-0.4483754287072049,0.31769995783213706,-0.4328024933094012,-0.18507615340055714,-1.4276075952231821,-169.5770887485282
-0.2955827781724061,-0.2823987303534585,-0.4196681285105492,-0.865152747322178,-1.3789195764453175,-1.1326119304728202,-327.8755661492125
0.290816853929765,-0.08163285379889394,1.759796935881325,-0.9436346830015679,-1.3872597264767632,1.1092930219006485,24.882129063524644
-1.6565820251391323,0.5831049190208317,-0.30192215772348796,1.3612270483275941,-0.629184309239618,-1.270819235624671,-93.90513283327218
-0.7216065290503683,-0.5464085737276076,-0.22488764453699808,0.9665406287267517,-0.4798724078897496,0.36827386756299024,-85.53301376297584
-1.8966537090345585,-0.058726151419247724,1.8109006783366106,0.4588138012835815,1.7022943127279155,-0.7747669658744442,78.4359708901425
-0.023155946955761838,1.1358597117530775,1.1645670183336279,-0.6457198863966682,0.7539305374240641,2.7248940357737057,339.1942908212675
1.7938540098192421,0.7968709492144308,0.9392375889224689,-0.8928100884446614,-0.3322865207553679,-0.6022531365945267,-10.827705020730875
-1.833657281895937,-1.6912766352241415,1.1765256399082809,1.4240392225676617,-1.4622952104596871,-0.924681520025016,-245.03025273048678
0.6834904544662553,-0.681419501930565,0.10367957115390289,0.07843553457812863,-2.592204911762806,-0.1597717008717057,-179.3574462082317
-0.2627866724578994,1.3896854571162867,0.4110911912543327,-2.4358986173153276,-0.309181895410704,1.2278310853769743,143.4960490520892
-0.22100765951691329,0.7786137315475364,0.10796768820219463,0.05967566115208228,-1.4393963276869866,0.5652139137146305,-70.03454105390162
-2.359210570712463,1.466321694997196,-0.8417848526935814,-1.7187915514013938,0.081089890407352,0.7140706554280973,-0.22070414618264067
0.035379682764116946,0.035544819783186445,-1.232032073536752,-0.05623391419803289,-0.987933092193521,-0.03762849198984355,-132.68040884507226
-0.3930372914768383,1.1218631916267725,-0.9703567159072513,-1.3005423991438005,0.7377733174765857,-0.8909630487621093,-67.98668535075103
-1.2674797256900585,-0.670537890090672,0.21515881676423634,-0.13800991640518537,0.7593305479442272,1.387760239244891,95.96721698598483
0.5280019582893014,0.7574473336763258,-0.6101612652842847,0.14419993306534912,-0.002920574984138183,-0.694199587772062,-74.8249767961826
1.0771993742104866,1.7264985892905969,1.0264189347213775,1.3605303335211227,0.9231593212692545,0.03753609638699964,235.58280350233454
-0.6502819771618581,0.06297964944549603,0.7596726347006449,0.8822448035135174,-0.5677747609233307,0.9017277960655912,91.63736160721356
-0.7638956545127799,0.7942738867261235,-0.03195022818449427,-0.9430600715938563,-0.69314925216706,1.127573133953431,-12.249877860795209
-1.054622506493408,-0.2601666775991065,1.5627479635154786,-0.28073598747853884,-0.2632982272549763,-0.25029450813304976,-101.23823901559284
-0.772801994745582,-0.010522339994556748,0.8436919691421516,1.1530572315598497,-1.227522081416939,0.3792634685403495,90.09281248162188
-1.4513428260868264,1.6159175797727885,1.48570994299221,0.7117480800522464,0.32739023858252125,1.08031596285104,241.97901039343438
-0.6986052208570013,-1.1996746655835442,-1.0384267211900169,-0.9584324620532668,-0.719187802031844,0.8196215949482318,-107.63042254632006
-1.5815093034086702,1.085431047569147,0.4040836814537394,-0.021710857880677663,0.5529413532534825,-0.8913443366318159,-26.862352947732766
0.3951433353187107,-1.0944430222339028,-0.6539836336592926,0.9976782514376314,0.3756002308581111,-0.3411616134007379,-28.933936914145402
-0.6180929567378723,0.5635438756988496,1.4246016316554795,0.709610031580121,0.006279521803367665,-1.3861320089054558,-72.70699703305439
0.5429830309348614,-0.6737917326480551,1.2555001327420081,-0.5924607118404507,-0.7379749243430179,-0.5162434921095543,-48.06048827412885
-0.04349045610349366,0.5393495373485594,0.2640500003112514,-0.2172547897941265,-0.19132052292397184,0.9664125225248358,50.51612866542832
1.8036702566637064,0.6521827415077862,0.7913172832303302,1.264911144694997,-0.36776830997418714,1.1146875922230983,240.47242640428883
1.0586058775015204,-0.48230665736944706,-0.1666403974000603,1.6453931515621663,-1.1226808345562327,0.55629337322257,91.70553599548091
0.5684634692572356,0.2740693258802961,1.6249714723631241,0.657428896432935,1.123623921234554,1.605357520971661,315.13647237731993
0.21326558390549577,0.310541865430702,-0.30146638068193365,1.1260799208073875,0.009097901996203566,-0.09694551029427416,37.53039663487248
0.05717591406436633,2.2690622145001544,0.99445740050506,-0.7598098877451291,1.2428545290262019,-1.0079093285598866,145.14535296778772
-0.9130466201630215,-0.6033881184944602,0.2815636048994519,-0.23265116670019415,1.441336938685075,0.48945977872528257,237.5212650842341
-0.23923732782593007,0.025599495860301396,-0.12838838636100258,-0.3332034881926064,-0.5746280367392073,1.5484293303478522,127.75910492910167
-0.3081865775578724,-0.5082880780403418,-0.8189545453480649,-0.8571419843089472,-1.3025882460497347,0.14164377790357505,-53.38953392081257
1.1198435436979992,0.5748416861635689,-0.27939175051450155,-0.6856601390683106,0.44753580162740836,-0.4457944040825246,-12.421020403296865
-1.0559716502342718,-1.5593222729678724,0.25258348056929936,0.43149318127173963,1.3784053694504745,0.31711922792494857,61.00492371715143
0.13979030055032,1.2212917203418183,-0.2515987307564234,-1.004817674364636,-1.099996237455281,-2.107105724452455,-245.98431482909734
-1.9773203296704975,0.28972288035591676,0.5330491162205913,-1.5515324349559487,0.8905493061765206,1.8552646432289324,196.45252776897357
0.17203270840230606,1.4352604821046335,0.9555470696634092,0.2140555179092458,-0.6626262771500937,1.66238985957049,255.86468186033764
0.4034411477671499,-1.1461228945576458,0.08004274420217831,-2.742095954119188,-0.45959982307399305,-0.03700053583092616,-183.5821892498543
0.7976851335667642,-0.6829214188656432,-0.7143532767205726,-0.7142124886506884,-0.801081840953764,-0.08578249078266185,-193.6133317786617
0.1519071505789336,-0.5366399940673567,-2.4155916883322326,-0.9998589626649139,0.5177591438766803,1.765714215801967,82.82266725318405
-1.2305901286615684,-0.5003069601386473,1.1947488717469854,1.7747047794735509,-0.6164014596807161,1.2578372447623738,161.49802232437082
1.4316386926172844,-0.5061942923925923,-0.3069908757656777,-1.6243746412068614,0.42564328083221414,0.8330178766086587,89.94791107785399
1.855936804320509,0.6895887800222,0.5060849011491101,1.1501454010987922,-0.04759716647929998,0.08726833153946363,184.07858294799126
-2.4482914222981775,0.4531722224132937,-0.34350489287826513,0.015687190920816996,0.484108382023873,0.35267671445106474,58.60586613212626
-0.3042032793952917,-0.1523035365192751,2.2259963584267184,-0.4849252135190314,0.5318518297497788,0.261809836128417,79.45840870065607
0.7232677470356506,1.177330364361464,-0.9726102240702409,0.8455791673067293,1.6514483122395305,-1.6536499706489582,-32.31725504130838
-0.42024916856306427,-0.5699074432184343,-0.6262901218086907,0.2553523050022942,0.3703239652052558,0.005287781824646181,13.441860053508531
-0.5131036466243414,-0.10562878872374161,0.9018190623603225,1.1007044621415523,1.1211007107341393,-0.6711081310089697,40.84898761558565
-0.14388879650764816,-0.06274881361362925,0.14617579665377534,-0.8735679278721495,0.04690452297975367,0.28886146006384505,99.80363900918266
-0.6864415456422647,0.9680744406813652,-1.361060989438835,-0.8997036773806665,0.1338369874868486,-1.6765591233161856,-126.38179352227993
-1.1530611551925618,-0.28771411961481147,-0.7791490574620497,0.12446088220117761,-1.2047643875543366,0.18527086104438503,-174.70182595244162
0.806322881222239,0.5762032076304984,-1.6784522118350478,0.14791526962831653,-1.5954589927889404,-0.08089650530697094,-174.08075481516562
-0.21178824316809033,-0.23882942386946163,0.5763214038932376,-1.165695882638516,-0.5886134219842125,0.5575794786132516,-74.37673776976969
1.1034181290973908,-0.7269957429754945,1.578664714916199,-0.7740421322019694,0.21081626306446372,2.3735189248764113,285.95165856772934
-1.1975883848693827,-0.5041603057778336,0.4502265252040246,0.2784602207283084,0.8427918024778326,0.02528258172025142,17.968825714841103
-1.8906223173626828,0.051780359475475525,-0.858981101256897,-0.7076810754285572,0.33995033419477105,0.5790091992339148,-26.77195818067636
0.7557101438824849,0.6111989600930728,1.5918732563477698,-0.36024427199441167,0.7485951614816821,-0.5077373655938049,80.8683714441121
-1.719853904249235,-0.5148146087111038,0.5677381537777033,-1.6382275167822475,-1.124723155752355,0.411629770505538,-126.5453288891182
1.2560666000100547,0.44814301322950034,-1.025929087044866,0.21304925357865698,-1.4496662021082465,1.7797016489989181,68.90593767141549
0.9461761632225177,0.6194272719451551,1.0472210327493552,-2.1482389442470042,1.3822961723520049,1.5382473925909146,231.55309515470907
1.1402960725229916,0.00589150883861507,0.8083643829474477,1.1686207706832261,0.3538943250867614,0.18863906872614636,152.63050146678478
0.3001577120385326,0.6629895383941253,0.7030781370013178,0.804920953089165,1.8311270496984335,0.1582747214855012,236.4383205713815
-0.5049424142343283,1.9082714309059843,2.059739875547325,0.7140170700446211,-0.9327566652508846,0.3876969552960189,104.83905709390442
-0.4844383435469873,2.4451908908329876,0.26827425041489844,-0.2141539362974133,-1.641615267623227,-0.43848487611616965,1.345231231276614
-0.9763253845373543,-0.1270233743397451,-1.055008705336232,0.28339982191345564,2.378615149208949,-1.8576299179927867,-26.20483223357818
-0.4762025676058489,-0.054177500403181755,0.13361138859991145,-2.122365962177131,0.777326331434776,1.2890804226907409,175.69520079626346
1.065957766861231,1.5791880020634226,1.0477944971742308,1.728528305609879,-1.7221452156567778,0.7152967182457665,156.4346133407107
1.8244864017182787,-1.1595221568673888,-0.09702927032716561,1.2865322456288644,0.2965886449005184,0.7076846668245335,79.80261881503574
1.275150298981015,0.5536058806979174,-1.5452992024629804,1.169209156315711,-0.8214032535073126,0.21430042115725634,-9.135333854872865
0.4546310083779837,-0.4647691297795781,-1.4643213723136455,-0.28456513628499575,0.27359147625136526,1.0850706425895429,38.821285424278884
-0.3609746122615436,-0.1281879297299271,-0.3385016625584653,-0.7671244413637561,0.44455394475597815,1.0996179532327433,163.29605678377908
-0.3327858678431108,-1.689332127802673,-1.0904888084614703,1.4182617117695568,-0.685075916246507,-0.33660782054047883,-121.64837018996369
1.7438826097728113,-0.699587713700904,-2.20250763808441,0.4576144180392536,0.2667199693874153,-0.2752969029820799,-168.89990040893088
1.7761899755381132,1.070354015097563,-1.1066329068183136,-0.6782008420970038,-0.3164978702753465,0.42872053051485787,34.96294358433235
-2.0256561494240573,-1.9037728047186757,0.7690034011695521,-0.6966408503134494,0.8847581837963671,0.17677519031975095,-53.68648653456973
-0.7126470680786334,-0.7597030792678724,0.9358440156366655,-0.9774758290360617,-0.905736896197862,-0.9357131465396333,-220.4404181582035
-1.8499075035937866,-0.1336350728617309,0.7097066626665094,0.30366138431290407,-1.3136322942447416,-2.002594302767205,-312.9584827723222
1.8495103660014292,0.8119586214488375,0.353822800722352,-0.6839164528356657,-0.8322009382421278,-0.4047861858706106,-134.24391548584734
-2.460967719972976,0.4359275390210706,0.2796164521258221,-0.3311521282700786,-0.20968910065584534,-0.35720723271298144,-89.65371960958196
0.34895617553780245,-2.0227063915656562,1.0811616732832032,-0.022471545459380113,0.20100789422808804,-0.19926168085908816,-21.604363006722533
0.5357093891778714,-1.1432082736730973,-0.9385434164533871,0.18284574321580974,-0.2146023960113235,-0.14611342010189704,-135.16257988063518
-0.0780099819156194,-1.1751942604064853,0.26436297093019273,1.4699531296688502,-0.4073135240110055,0.5214973465836621,32.90293531406393
-2.205065796673674,0.13411033238082487,1.2152658701457213,1.2054914695739245,-1.987626391615709,0.11987070704313756,-228.69657268029374
-0.5168033746637671,-1.4891430679381794,-0.8901609378200818,0.9260851338532936,-0.7414270851807826,-0.8140531400245951,-274.74284972390933
-0.6854998340679512,-0.4896767871430783,2.0842540616639185,-1.4806942065434752,-0.4093501546074874,0.03271452661111349,-60.67944479738913
-1.046938281908196,-2.145887650288931,0.7462390207525192,0.915538226411347,0.2557463905707566,0.9904868343182955,-15.395197773128245
-0.09343532440869508,0.5728331252257575,1.242170802840286,0.47676093515966134,-0.6243368150765882,0.24576729502841824,61.40169694846654
0.583317212839745,1.3454100509615035,-0.9826349220798332,-0.9784739137107697,1.7649302897282348,1.3830095419172965,272.3817048781044
0.5690347667488549,0.18758153691520632,1.9333302778296073,0.8651475344404223,-0.884104011960148,0.7338159073767906,167.27109932326437
-0.8695512069177352,1.2682431817961077,0.624595613728682,0.3301206730248229,-2.476765164676516,1.215393768947655,-4.702479717328051
-2.700747478187758,1.3538696589627859,-2.0462524431819844,-0.7484360226616448,0.8428638341024118,-0.9643964603536788,-80.91070211266208
-0.10400578954695418,0.10305261802942828,-0.13369546762242718,1.5606258762411467,0.35207464716779185,-0.16372169460536734,6.918301349640526
-1.3023545764148736,1.7417554135068354,-0.3937084507437018,-2.510564876474024,1.6248468353418741,0.49841519564662345,212.93691101284156
-1.0037241906171508,0.0796623823956882,-1.7493771237764368,-0.6088387779945775,-0.09927977901562654,-2.715219149558667,-329.36188841479316
1.1194568323216132,-0.694455061145686,1.2682092934845481,0.30933093744081025,0.5111019033159784,-0.6706993812910806,-5.309986274293259
-0.7049888567438728,-1.5166561841490769,1.6367399435773122,-0.58150397538008,0.6789244995594943,-0.48015279022955976,-52.12923064536932
0.33848630215695485,1.3354969813148736,-1.0929497121978504,-0.7248074914574014,-0.1238004596303307,0.5353672184141519,110.3599995304592
-1.956043175835732,-0.07789092260561468,1.4442114271951494,0.6195744364597052,-0.43224237271412275,1.6740753791094973,235.92940847601318
-0.441945877714525,-1.775806731785915,-0.9591907017396968,-0.7532424908551705,2.834968231599853,-0.6158650199893895,-11.452791499445198
-2.2756132393378996,0.22788974564098563,-1.7712752585086304,-2.057268488763224,0.43146727309157196,0.6690893221396387,-44.833374458266775
1.142247957249878,-0.49167161666684256,-0.3705240668165477,-1.2673897495240023,-0.32719396685190566,0.1296387581030933,-66.79304269167667
-0.2758178327048183,-1.5130981232894414,-0.5981192511681154,0.5564908768415124,0.32751804145222185,-1.342083731505643,-201.94933504310262
0.5822782345270027,0.3322138493439861,0.2918183507022778,0.170636024969629,-0.10738427667524679,1.6284964150649621,302.9780944093201
-1.0815479803545598,-0.07737370166925193,-0.9024037837010174,-0.9401787876212409,0.96754178530928,-0.04114678144936127,66.97691683291961
0.2948891162091371,0.12251977824536353,-0.7983017067163704,-0.6586015317278092,0.13559927372404162,0.29926757105509605,28.671916630474218
-0.8301476715364663,1.8639093533291469,-0.17036491107703333,-1.7714166693967985,-0.45572163155036,1.6730009610794099,146.34163611585873
2.0789114013841536,-0.1195295839449924,-1.2405053344862664,0.20511798185343252,1.1860054186623925,0.14798386326477928,115.82097077452025
1.877864096819803,0.39616312062137266,-0.33595957841921703,-0.35134243258038145,-0.3287389106338485,-0.918982170621625,-153.12088758941394
0.3468189610179088,0.08781934829155867,1.4738300445337733,0.11521129616268394,-2.277889907338838,-0.22947363175685506,-76.01040276744655
-1.384655040737604,-0.5481557693673721,0.9074913532846395,0.5139811088280536,1.2918498559371194,0.134320921690903,78.53404224015473
0.22584789608138298,-1.4705577272999648,0.10302202091381535,1.0819958308091793,-1.5167161864852987,-2.0107616509879485,-374.1967968135205
0.2492838644177552,-1.3872887571085173,-0.9698305123361526,-0.27636682343873736,-0.6994793387587339,-0.7397664366591294,-194.84837753320215
-2.0164803610935538,0.24997498335259974,2.0570782947782007,-1.7331623056493142,-1.0567346548971535,-2.0377403259667344,-222.950987415964
-1.6992339263304366,-0.5628940945717362,-0.208794250475046,1.085185380018416,-0.9298306055341385,0.7792596422010584,-85.2065299420127
0.20661483679808307,1.773260872359957,-0.07757936003210743,-1.8045970456498992,-1.0807873985621577,1.153424741793191,29.13827369352503
-1.3624840019958528,-1.200516296779083,0.5260336072182142,-0.9874166964157923,-1.416180221080717,0.2730906559286803,-164.35504447231634
0.8363743097371884,1.7210026145600932,0.5482289762090504,0.8716646790513822,-0.9054228745327795,1.8140220936911011,167.16354218936021
1.5355289918670805,-0.9725937375141799,-0.8100799844417158,0.5244960364383747,0.15871028462075087,-0.028771919658702797,-68.24029501453603
-1.1856072056003006,0.5219918158956426,0.3313383408595652,-0.00446223307843567,0.2610211087335012,1.3243637176695797,173.97721563138512
-0.22160912636479613,0.46421072743428526,-0.46337726585952616,0.09490727573952011,-0.5683072798524967,0.20836717016740192,-6.10773884856733
-0.6272913272831669,-1.215577198931077,-0.8347832497592828,0.7289452701900206,1.9156188218380052,-2.430311965556768,-144.71605189029702
2.149474612992825,-0.7040516199777012,1.2162782856991536,0.6559314892238193,-0.3105239216906717,0.9964443317740619,121.99098661024615
-0.6055476534628267,1.4755426312410935,-0.31421115241630415,1.669533968952298,-0.09152863202943859,-0.14821485654267288,11.647532714907861
-0.39653419648811683,-0.1090383875159053,-0.3761410019297713,1.5598719382373067,-0.09053154927125415,-0.029579431505707465,-28.15629824100627
0.5055630203706736,0.06049199330480234,1.5548929215143148,0.18352464176038855,0.6266143293509087,0.12510473399348962,198.89826591280544
-2.4653556810058825,-1.4103289321029637,-0.5610431548996969,-0.9290209270888303,0.617359209759096,-1.7169175618903638,-237.57731557900613
0.47368924889495195,1.0961510915341937,-0.27846282514528703,0.9042784328887064,-1.5586289229361878,-0.5598931328101229,-215.50985412152983
0.8487091036854452,-2.174015774329264,1.208398714800012,0.5044482910183323,-0.45959260381703587,0.914283504123265,-20.8959220989749
-0.0044759724153054375,0.3902306279330171,-0.7150503575714158,0.7704416258794767,0.8091414987727188,-1.1773173772201173,-79.97976612930978
0.6368175921544644,-0.23571937500077367,-2.15993319383417,-1.14082342047677,1.887480761777072,1.319319698701776,197.7534422358465
-0.6791749797855128,-0.9097491116443712,0.14427254037570483,-0.5027082345083028,-0.46795954668952394,1.1524396181251935,16.11884594948299
1.207200990508778,0.2551056591232849,1.3472515809711834,1.5747461736456505,-0.2717980170881154,-0.15223110387464078,73.168332273564
-0.5630001762050154,-0.20860439189614888,0.12334466045241708,-0.26514790425738866,-0.17763441965378146,1.1437024505095854,55.95166513107316
-0.6883248630407474,0.7309184833904282,-0.969733019463603,1.2462845816129646,1.2036900004342088,-0.06354564350359498,14.738114097792433
1.1186662367403768,-0.1373349434207861,1.4762563016015393,-1.5011047951398493,-0.30891278634197417,0.8839423870181344,133.46066300430957
-0.1103402300352683,-0.04073614145455794,-0.5629042362605531,-0.3982785044995066,0.04389911835314638,-0.7203858381777515,3.871364635101912
-1.214504887247749,0.582078040789781,-1.7138693300401364,0.45751523822779616,0.35059434311208093,1.0708116741463407,113.8058483919692
-1.2363691985506393,-1.113496833937262,-1.2100655143081933,1.4474037960684094,0.7177240015418017,-0.23521613656086002,-76.87099594707333
-0.845212085882123,-2.4806582828504204,0.8954842028959273,0.4388230828432635,-0.5872079191581643,-0.24652515411564518,-186.4049103009293
-0.3771190249973926,1.5175588936627786,0.14261539792411815,1.9239138312506285,0.27397479700832533,0.008318133762334725,165.84964923768945
-0.947515942387077,0.457421877883518,0.8545211867549074,1.5549649681479192,0.5392407561396145,0.16732452089992886,171.92319780221123
0.3148924590987567,-0.049159085172585625,1.184414526822421,-0.02727498235269172,0.8036156713998499,-1.3788200445562206,-14.40784198274191
0.22956956665996547,1.8287189254107359,0.01573603645306415,1.403822068142939,-0.8033614009512313,0.3687168027479172,56.57171648259091
1.6440715633073462,1.9387522817020142,0.5356596570871522,0.06983139236999109,0.041391965730571044,0.6846196334684737,166.83054456010277
0.15441893494519204,-0.2693475747738112,-0.4957418337463537,-0.23698064318066958,-0.2692046044907019,-0.5716070768149488,-201.12147729179998
0.8024041196478418,1.3291948994970335,-0.5543896125107657,-0.13100425176714606,2.8735968952877995,-0.5124828409940402,183.3085829342188
1.235966759256642,0.1794308213954216,0.4386552136348272,-1.0123508686303477,1.8934025227697622,-0.7131523496928752,99.20166637256294
0.19111770775649137,-0.7936377509464241,-0.3877700138388677,-0.6636958481790549,-0.21156852413378374,0.5275833157387821,-28.961990092704845
-1.0190517852192773,0.11963419044895189,-0.4353345842722703,-0.7674082868546479,-2.513214435367244,1.12664437296205,-190.01394909532516
1.313818251561922,-1.2289705331395357,-0.17675182039217668,1.3783906864811342,-1.1609779308305577,-0.3992287671750942,-18.89212097812441
-1.5983685115431268,-0.14288612622204588,-0.8592319202437401,0.4745350383940215,-1.4893080704720405,0.4282219744485286,-109.41180502941003
0.5300683349388475,1.2615225427012693,1.3376164532350066,-0.5779033489490969,0.3598035001532323,0.7977934827516426,219.028922191562
-0.15660691725873285,0.9838477893812632,-0.9293857241172808,0.4315225957113665,0.706643855123605,-1.0365573303986166,-49.053584056721775
1.1364729163603444,-0.4535351803015137,2.0565481897134634,0.263415574736173,-1.1650047415046578,0.4184727078595644,60.00544462744146
0.014584136946448901,2.1534482067925236,-0.9894997122831874,-0.5892627275545698,-0.1787077812658358,-1.5270159149420321,-117.19073451711981
-0.7149751692571378,0.8530891456928632,-1.7237689751091452,-0.13454088035208608,-0.7872449892858167,0.4414289830521948,-88.1055540732867
-0.11020465756281608,0.14178084541817385,0.5067752849688927,0.9305125724257495,0.49077649906710635,0.8308562792714604,144.9765852707171
0.2049746214593378,-1.6787896799027149,0.14552804194941296,0.42347208488039045,-0.12047406194895757,0.7330263045985962,21.38291394155064
0.27454205695332257,0.07552147087929965,-0.09941722414991712,1.6897066978634006,-0.27481413821169576,0.12434427266391436,8.298607843759948
-1.802219887835624,-0.5069033125389744,-0.9443144514096545,2.195500326442131,-0.7025796508588128,0.640329135419861,-70.36865369394478
0.27669705001924466,1.0837177399868385,-0.5556680419221645,1.3817337983132114,1.315677184268778,0.11545436273414823,152.3501860507243
-0.9581686157468421,0.6228660404758952,0.4264827117424927,1.212855372112211,-0.7448684429169156,0.3334870893023696,20.259241169383145
0.36677604214438736,1.120661662059526,1.9462741826819858,1.5351208762235857,0.17298933382557413,0.11871629366864815,204.36485974186104
0.14676129577749328,0.3586885668000689,0.8271509122342702,-0.10958841639055455,-0.07920843395627639,-0.014239687717649737,91.59953089862606
-0.49419427975928476,-0.532402184611008,0.907820161288433,-1.6199480077163075,-0.7879260194065353,-2.3276102611484797,-245.1130306793473
-0.940798721981515,-0.9105135631155842,0.7736229401561565,-0.11276245924260951,0.417726558881748,-0.6003496419442041,45.207123716696316
-0.5853402313648131,-0.4894861937840284,-1.6567329357839633,0.5233365962741998,-0.3084352931674561,0.10974036524204434,-169.51140552127714
-1.7825678222913799,0.20055550917327142,-2.705059669352299,-0.15110989232938538,0.9600194144898426,-0.10609584800997049,-163.95664070508542
0.8082566067215047,0.7221588824196088,2.695060693934443,0.26782063079066326,-1.2556960182989647,0.29483460823866925,116.21915741388761
1.1400498887770514,-0.3225718658403688,0.033079577958222174,0.785824105545523,-0.33778728718686096,1.3271838296182121,156.37918958621924
-1.7138227835743436,0.046616717673011336,2.2733189648257923,-0.30750988224030806,-0.04341583823898089,2.109849643812204,292.52495319909445
-0.11785063469940972,0.6780952648562985,-0.527599599997397,0.7361885141386615,-0.27194549112475397,-0.9099006911175477,-21.893444075092333
-0.5834889313954329,0.2921505764294289,0.7249293550295354,-0.7121599278627394,-0.6752245499021797,-0.6256634442802625,-92.3015927459342
1.0274607475459765,-0.34308316745135387,1.316769293720602,1.6704807793506815,-0.40311274329805713,-1.6575883104201128,-66.63596771747962
-0.9827014049666769,-0.5781072979250015,1.786017390471866,-0.5519048505906414,1.2138998512141659,-1.8586851093393328,-100.31947018362732
0.6274942156326144,0.17607123817291778,0.7959553073931657,1.2626837586887962,-1.9736311041421915,1.1759509091409046,20.226277423191693
-1.2791370608771762,-0.8344972968597162,-0.44102643022528176,0.1525025537283971,0.33082177453429074,2.787575367506668,42.64436788064603
-0.7474719393207057,1.4820686028502728,-0.749954396521716,0.5533399710440005,-1.232624607938639,-0.004761185531952436,-123.28284405039895
-0.3850037802608871,0.7758157178965245,-0.08010025917123674,-0.45278598828725686,-1.4183195682289391,1.0458946789044925,-54.845354441977776
1.219197096075077,-0.6675034226111014,0.5976633158676735,0.17862254787109896,0.8930427617595149,-0.5307702279282942,79.69614488647332
-0.5321718762413017,0.019463087569705224,-2.8082395212687934,-0.0337346930958316,0.09232290904762727,-0.9111942748575861,-128.48097841239604
0.20610028925590543,-0.8271421318618447,0.21306503561204046,0.9284223727713169,-0.014555048122710865,-0.2631128510693248,-111.065479232195
2.3108624491284018,-1.5198266367135678,0.6494629101476188,0.4093549465479396,-0.8449618504014683,0.9447403434555005,80.65220751878667
1.9196287678754507,-0.7308872028972817,0.1401054787769888,-0.9355524245504041,0.28499300108280756,1.8883168436996123,125.88968034414215
1.548453052541661,-0.9880588503062359,1.347399864870457,1.33162876686832,-1.3519229467978622,0.9942941926538358,79.79607937465157
-0.6063059046956285,1.2918761692748926,-0.08770341454291807,0.5189325279583219,-0.5961202533920159,0.6438641101673095,148.4266541071804
1.2270017975840186,-0.5321792933929125,-0.2743377467576737,-0.9615829450282984,1.1891041862170597,0.5632871476911876,100.06036729586936
-0.39222713808109555,-0.22592387919638554,-1.2707675144507204,-0.0151565708648992,0.6473953699283117,-1.6860848584199069,-178.9836561731752
-0.21520985802559475,-1.7704989111562026,-0.07796360185043805,0.6163027987040897,-1.4591153974263855,-0.4708713345225401,-252.2291760626894
0.3147764386930519,1.0682572106925072,-0.3049524132727456,-0.8130169628571056,0.7495927724716005,-0.08846873095551352,60.2717543669206
1.078343183619194,-1.2289520563226373,0.0007346083992278918,-1.141687337751387,-0.8204588472292927,-0.6496481456478774,-276.73741138339795
-1.168595435842807,-1.6670315421535356,-0.8549622180343956,0.28952374774437134,0.07039639343619984,-0.9818150358771272,-219.34419866339172
0.6107865404209731,-2.2670215418431203,-1.652622698193178,-1.2240704840509424,2.9153199495947026,-0.7867993353930419,-37.706172441140176
0.02988270369092824,1.10547670673638,-2.871138804536797,0.1490586856495793,0.3867210607840588,0.27583196469089627,-41.16708023568337
-1.179321690800725,-0.1890598339994137,-0.3705147634197502,0.011662762264156622,-1.1676295196504722,0.8355001286684515,-107.19062892417855
0.9951195302428458,-0.45094143192911706,0.45655127242051374,0.27585499236629646,-1.9380742634176042,1.2733182990278555,7.783232794102726
1.2011782577282124,-1.3402896387371548,0.9893558937640129,-0.7329853794150409,1.9168621724762684,0.1342455696243623,139.004056722227
0.4087702639342074,0.6618972786557067,1.299472943922756,1.1253364554724825,-1.0312166687895437,0.30600752413546367,126.10850176902859
0.20888604155470566,-0.693362347520085,-0.07864286323001242,-1.0368361462289486,-1.396382306818323,-0.726862076665809,-233.92065221345
-0.5390823974208229,0.31140039946981435,-2.0012589304523845,1.411471936995134,-0.19680499216824549,1.757340741085648,36.011121668332514
0.03776729530828629,-0.7504342870748915,-1.4324451605620203,0.4042385620590907,1.0229589835289823,-1.3385063243438085,-210.1419198484054
0.7577435669724859,-1.6798604982185912,0.17392646347831264,0.17234214429591885,0.8572964857903329,0.39572348842949806,-3.1794849602436983
1.0336045644518796,-1.086650530630253,0.27273399260568704,-1.8660212189948897,-0.574270162987234,-0.05140340301872849,-101.442286022421
0.1006814324917834,1.6848330093426602,1.3315468680546547,2.2005639174367637,1.5724381244485652,-0.9519071658850119,74.85979456602993
1.7254886974386612,-2.7909564591306015,-0.7677012165832442,0.35046544992767864,-0.28734362953060005,-0.494661003226631,-181.88490074318858
0.4785736397894339,-0.14643690566561599,-0.6545660771963919,-0.6343076087291998,-0.33848510517133107,-0.3005766127409414,-80.67691357233444
-0.5313141161688631,-0.2506847466500721,0.7750249830212843,0.07858075120830789,1.3781329893621563,-1.272281459963681,21.685678603708467
